step,time,cmd_vx,cmd_vy,cmd_wz,V_hat,Q_val,threshold,alpha,n_iters,filtered_abs_max,filtered_norm,delta_target_abs_max,delta_target_norm,roll,pitch,active,filtered_pb_0,filtered_pb_1,filtered_pb_2,filtered_pb_3,filtered_pb_4,filtered_pb_5,filtered_pb_6,filtered_pb_7,filtered_pb_8,filtered_pb_9,filtered_pb_10,filtered_pb_11,walk_target_pb_0,walk_target_pb_1,walk_target_pb_2,walk_target_pb_3,walk_target_pb_4,walk_target_pb_5,walk_target_pb_6,walk_target_pb_7,walk_target_pb_8,walk_target_pb_9,walk_target_pb_10,walk_target_pb_11,action_pb_0,action_pb_1,action_pb_2,action_pb_3,action_pb_4,action_pb_5,action_pb_6,action_pb_7,action_pb_8,action_pb_9,action_pb_10,action_pb_11
0,0.016529083251953125,0.0,0.0,0.0,-0.33487167954444885,-0.33487167954444885,-0.3331973211467266,1.0,0,0.23796425759792328,0.3287915587425232,0.07138928025960922,0.09863746911287308,0.010617096908390522,-0.0991232693195343,1,0.1049133,-0.080442764,-0.052354064,0.012330937,-0.039880995,-0.09944644,0.059387974,-0.055682685,-0.007564005,0.23796426,-0.032848448,0.10891393,-0.03015086,0.98118913,-1.9717371,0.008758202,0.9359766,-1.9146829,0.01986248,0.9912056,-1.9468067,0.017148703,0.9387635,-1.9379644,0.00132313,0.9570563,-1.9874433,0.012457483,0.9240123,-1.9445168,0.037678875,0.9745008,-1.9490758,0.08853798,0.92890894,-1.9052902
1,0.036553144454956055,0.0,0.0,0.0,-0.3375992774963379,-0.3375992774963379,-0.3359112811088562,1.0,0,0.21147723495960236,0.2914194166660309,0.06344317644834518,0.08742579817771912,0.005139708518981934,-0.10922612249851227,1,0.089177094,-0.08182008,-0.036209222,-0.0049327505,-0.051543027,-0.086122096,0.034002397,-0.04927495,-0.02345214,0.21147723,-0.021585412,0.09770529,-0.008328259,0.9596882,-1.931179,0.0019789115,0.9021699,-1.9028355,0.020682096,0.9643898,-1.9063566,0.001769036,0.9119914,-1.916265,0.01842487,0.93514216,-1.9420418,0.0004990862,0.88670695,-1.9286721,0.030882817,0.9496073,-1.9133922,0.06521221,0.9055158,-1.8869535
2,0.056485652923583984,0.0,0.0,0.0,-0.3400687277317047,-0.3400687277317047,-0.3383683840930462,1.0,0,0.14318323135375977,0.20834890007972717,0.04295492172241211,0.06250462681055069,-0.013035777024924755,-0.09339791536331177,1,0.06554695,-0.02657354,-0.036742866,0.03359933,-0.024839671,-0.14318323,-0.0028376759,0.0032519985,0.032789372,0.11027721,0.019511733,0.034260202,-0.020680748,0.94130504,-1.9280554,-0.012843825,0.91913295,-1.9327505,0.03181792,0.9506062,-1.9502147,-0.0032293722,0.94878924,-1.9329523,-0.0010166615,0.933333,-1.9390782,-0.0027640257,0.91168106,-1.9757054,0.030966617,0.95158184,-1.940378,0.029853795,0.9546428,-1.9226742
3,0.07677364349365234,0.0,0.0,0.0,-0.33050668239593506,-0.33050668239593506,-0.3288541489839554,1.0,0,0.1527627855539322,0.19394752383232117,0.045828819274902344,0.058184266090393066,-0.01837906613945961,-0.0725470706820488,1,0.02315795,-0.021066258,-0.019753303,0.026306767,-0.04762416,-0.15276279,-0.027048556,-0.025656557,0.0056012874,0.019119712,0.06166882,-0.066022195,-0.00870759,0.98479146,-1.9324355,-0.0075798705,0.9268714,-1.9783607,0.057945535,0.9753403,-1.9893945,0.0065688863,0.939923,-1.9908057,-0.0017602048,0.9784716,-1.9383615,0.00031215977,0.9125842,-2.0241895,0.049830966,0.9676433,-1.9877142,0.0123048,0.9584236,-2.0106125
4,0.09310436248779297,0.0,0.0,0.0,-0.33543336391448975,-0.33543336391448975,-0.3337561970949173,1.0,0,0.1754927635192871,0.2929129898548126,0.05264783650636673,0.08787387609481812,-0.007822012528777122,-0.07378833740949631,1,0.10658129,-0.09914285,-0.056510117,-0.0040644556,-0.04418135,-0.10035514,0.057137717,-0.05116966,-0.019068213,0.17549276,-0.029153975,0.107153,0.006564036,1.0122373,-1.9721663,0.011135839,0.8880712,-1.9468629,0.042432405,0.9496186,-1.9539541,0.018270336,0.8812692,-1.9116727,0.038538426,0.9824945,-1.9891193,0.009916502,0.8748168,-1.9769695,0.05957372,0.9342677,-1.9596746,0.07091817,0.872523,-1.8795269
5,0.11496973037719727,0.0,0.0,0.0,-0.34117841720581055,-0.34117841720581055,-0.3394725251197815,1.0,0,0.21311894059181213,0.35605388879776,0.06393568217754364,0.10681614279747009,-0.0014367192052304745,-0.09215040504932404,1,0.16030617,-0.09328444,-0.034117248,0.032213308,-0.022947868,-0.07787834,0.07331134,-0.099700406,-0.042391747,0.21311894,-0.071506746,0.1262391,-0.0032022968,0.99844813,-2.0006573,0.017308213,0.8663063,-1.9164634,0.03871236,0.941412,-1.9561124,0.018368304,0.8778211,-1.8605093,0.044889558,0.9704628,-2.0108924,0.026972204,0.85942197,-1.9398268,0.060705762,0.9115018,-1.9688299,0.082303986,0.8563691,-1.8226376
6,0.1348097324371338,0.0,0.0,0.0,-0.33380070328712463,-0.33380070328712463,-0.332131699770689,1.0,0,0.15467469394207,0.2385322004556656,0.04640240967273712,0.07155963778495789,-0.020360112190246582,-0.09097544848918915,1,0.06430429,-0.049283862,-0.042118575,0.031518083,-0.047549684,-0.121202946,0.031839155,-0.041720375,0.019057393,0.1546747,-8.806959e-05,0.059777956,-0.023451038,1.0009732,-2.0028489,0.0013259575,0.8706678,-1.9256524,0.040433638,0.97489965,-1.9864798,0.010213822,0.88732046,-1.870277,-0.0041597486,0.98618805,-2.0154843,0.010781383,0.85640293,-1.9620132,0.049985386,0.9623835,-1.9807625,0.05661623,0.88729405,-1.8523437
7,0.1548459529876709,0.0,0.0,0.0,-0.33201634883880615,-0.33201634883880615,-0.33035626709461213,1.0,0,0.1330776959657669,0.18625521659851074,0.03992331027984619,0.05587659776210785,-0.03492095693945885,-0.07153403759002686,1,0.032624245,-0.054008484,-0.032588992,0.032222092,-0.030894864,-0.1330777,-0.027948644,7.368624e-05,0.044570193,0.07375217,0.007297817,0.041048814,-0.01518742,1.014609,-1.9618406,0.00027152896,0.8845596,-1.9523321,0.046483554,0.9757075,-1.9878619,0.011732057,0.8982352,-1.9138657,-0.0054001464,0.9984064,-1.9716173,0.009938157,0.8752911,-1.9922554,0.03809896,0.9757296,-1.9744908,0.03385771,0.90042454,-1.901551
8,0.17442679405212402,0.0,0.0,0.0,-0.3367422819137573,-0.3367422819137573,-0.3350585705041885,1.0,0,0.10212413221597672,0.16059499979019165,0.030637264251708984,0.05075894668698311,-0.029898349195718765,-0.05391043424606323,1,0.037212,-0.064012215,-0.021571916,0.0061391634,-0.033660784,-0.10212413,-0.009561986,-0.021467831,0.016608242,0.06543677,0.010599537,0.054959793,0.009890869,1.0249816,-1.9552375,0.009024404,0.88153887,-1.9574358,0.06399874,0.95536464,-1.9705945,0.028340876,0.8956295,-1.9111739,0.021054469,1.0,-1.9617091,0.010866153,0.87144065,-1.9880731,0.06113014,0.9489243,-1.965612,0.047971908,0.8988094,-1.894686
9,0.19325542449951172,0.0,0.0,0.0,-0.3429904580116272,-0.3429904580116272,-0.34127550572156906,1.0,0,0.10426793247461319,0.17306344211101532,0.04700291156768799,0.06824620068073273,-0.024475345388054848,-0.05054153874516487,1,0.07165755,-0.052420795,-0.0401172,0.016581457,-0.021276336,-0.10426793,0.0010309895,-0.06771038,-0.03411974,0.049485486,0.024420522,-0.008018663,0.00090560317,1.0470029,-1.9818636,0.0012859777,0.86824983,-1.9328303,0.05659897,0.95116526,-1.9601257,0.017721795,0.85444415,-1.887404,0.02240287,1.0,-1.9938987,0.006260415,0.86186695,-1.9641107,0.056908265,0.9308522,-1.9703616,0.03256744,0.86177033,-1.8898096
10,0.21471405029296875,0.0,0.0,0.0,-0.34113365411758423,-0.34113365411758423,-0.3394279858469963,1.0,0,0.10252146422863007,0.19684481620788574,0.05547761917114258,0.07862680405378342,-0.032715506851673126,-0.05594442039728165,1,0.06479321,-0.0652267,-0.04188844,0.00017148255,-0.019461198,-0.07398793,0.0066725654,-0.087822236,-0.06369574,0.102521464,0.019038565,-0.00021968035,0.0048137903,1.0554776,-2.0028248,-0.026092269,0.8716477,-1.9119234,0.0440294,0.9575163,-1.9652026,-0.000116452575,0.8363933,-1.8604403,0.024251753,1.0,-2.0153913,-0.026040824,0.8658094,-1.9341198,0.04603117,0.9311696,-1.9843113,0.030639987,0.84210485,-1.8605062
11,0.23364996910095215,0.0,0.0,0.0,-0.33567774295806885,-0.33567774295806885,-0.3339993542432785,1.0,0,0.11681843549013138,0.2194477617740631,0.04579329490661621,0.07753496617078781,-0.036357853561639786,-0.05365610122680664,1,0.060588695,-0.06827383,-0.02681492,0.008443015,-0.03660475,-0.10489085,0.04062259,-0.057114523,0.0016520633,0.116818435,-0.02179852,0.087498434,-0.0027366132,1.0457933,-2.0006158,-0.021460637,0.8719937,-1.913083,0.04291112,0.9652159,-1.9783093,-0.002375178,0.85194653,-1.874347,0.0154399965,1.0,-2.0086603,-0.018927732,0.8610123,-1.9445503,0.055097897,0.94808155,-1.9778136,0.032670353,0.84540695,-1.8480974
12,0.2536144256591797,0.0,0.0,0.0,-0.334358274936676,-0.334358274936676,-0.33268648356199265,1.0,0,0.11701386421918869,0.1916571408510208,0.04900407791137695,0.07345642894506454,-0.03728678822517395,-0.04169486090540886,1,0.04008168,-0.05882871,-0.015787046,0.025980063,-0.036594905,-0.117013864,0.021233272,-0.02850245,0.03164821,0.09431629,-0.0003657862,0.06744573,-0.008915752,1.0490041,-1.9912916,-0.017255612,0.8895669,-1.934677,0.048703507,0.9653449,-1.9723153,0.0092994645,0.8665229,-1.8849771,0.003108752,1.0,-1.9960277,-0.009461593,0.87858844,-1.9697812,0.05507349,0.95679414,-1.9628209,0.037594352,0.8664132,-1.8647434
13,0.2743949890136719,0.0,0.0,0.0,-0.3407799303531647,-0.3407799303531647,-0.33907603070139886,1.0,0,0.09815888851881027,0.15937839448451996,0.04531848430633545,0.06458999961614609,-0.04273674637079239,-0.030779488384723663,1,0.026762618,-0.04320906,-0.024543095,0.033024546,-0.02725654,-0.09815889,-0.03675216,-0.056776736,-0.011769899,0.01897032,0.052542396,-0.053978853,-0.010955378,1.0453185,-1.9805552,-0.020508997,0.8880612,-1.9431113,0.041106552,0.96702427,-1.9650189,0.008840539,0.86012846,-1.8934095,-0.0029265927,1.0,-1.9879181,-0.010601633,0.87988424,-1.972559,0.030080903,0.9499912,-1.9685498,0.014531635,0.8758912,-1.9096031
14,0.294234037399292,0.0,0.0,0.0,-0.3452984690666199,-0.3452984690666199,-0.34357197672128675,1.0,0,0.0785515233874321,0.17133048176765442,0.04206693172454834,0.06308512389659882,-0.04223012179136276,-0.03145080804824829,1,0.043660887,-0.0692637,-0.04265838,0.008713584,-0.027757103,-0.06502455,-0.023588363,-0.07855152,-0.047959708,0.07362371,0.032480057,-0.015931033,-0.017516285,1.0420669,-1.99296,-0.012936734,0.87104625,-1.926759,0.032666184,0.97531,-1.9662776,0.013392925,0.85394746,-1.8776687,-0.0044180183,1.0,-2.0057576,-0.010322658,0.8627191,-1.9462664,0.025589675,0.95174456,-1.9806656,0.035480037,0.86369145,-1.8824481
15,0.31340646743774414,0.0,0.0,0.0,-0.3466361165046692,-0.3466361165046692,-0.3449029359221458,1.0,0,0.09389291703701019,0.1927943378686905,0.04894208908081055,0.07266666740179062,-0.03400794789195061,-0.035882700234651566,1,0.07323337,-0.07150441,-0.050958488,0.014651855,-0.02167664,-0.06860525,-0.0017540606,-0.08031839,-0.05497715,0.09389292,0.018419063,0.008596453,-0.017507158,1.0489421,-2.0087361,-0.0059576184,0.8706869,-1.9192361,0.032565013,0.97853285,-1.9671266,0.016844243,0.8538242,-1.8606836,0.004462855,1.0,-2.0240238,-0.0015620617,0.8641839,-1.9398177,0.032038793,0.9544373,-1.9836198,0.045012116,0.8593499,-1.8581046
16,0.3348383903503418,0.0,0.0,0.0,-0.3412436246871948,-0.3412436246871948,-0.33953740656375886,1.0,0,0.10446255654096603,0.15859732031822205,0.05567431449890137,0.07243458926677704,-0.03784359619021416,-0.03128653019666672,1,0.038085856,-0.036000255,-0.021537453,0.03305735,-0.019915173,-0.10446256,-0.013088165,-0.06760363,-0.017607538,0.039783068,0.041198514,-0.034774773,-0.015295774,1.0556743,-2.0066795,-0.016639963,0.8829096,-1.9263923,0.032774776,0.9786509,-1.967573,0.0049362853,0.8608577,-1.8641803,-0.003870017,1.0,-2.0131407,-0.0067227576,0.87693506,-1.9577311,0.028848328,0.95836985,-1.9728553,0.016871206,0.8732173,-1.8746128
17,0.35512566566467285,0.0,0.0,0.0,-0.3413017988204956,-0.3413017988204956,-0.33959528982639314,1.0,0,0.1150367483496666,0.1564437747001648,0.053812384605407715,0.07104897499084473,-0.046241432428359985,-0.018351120874285698,1,0.025999917,-0.023695288,-0.0049762726,0.029576913,-0.017866602,-0.11503675,-0.022132413,-0.05941551,-0.0018861279,0.0010933859,0.042297676,-0.054507516,-0.014561832,1.0538124,-1.9774445,-0.034924448,0.90519506,-1.9415234,0.03718087,0.9755256,-1.9710054,-0.0036844164,0.8610934,-1.891144,-0.006761857,1.0,-1.9789374,-0.026051372,0.89983505,-1.9760344,0.030541146,0.95770097,-1.9715713,-0.0033564006,0.8737827,-1.9074963
18,0.37494516372680664,0.0,0.0,0.0,-0.3466261029243469,-0.3466261029243469,-0.34489297240972516,1.0,0,0.08447045832872391,0.14997383952140808,0.06335628032684326,0.07655178755521774,-0.03891541808843613,-0.013669040985405445,1,0.04597038,-0.04448964,-0.026290242,0.010167642,-0.022931615,-0.08447046,-0.022837035,-0.075418666,-0.032155883,0.03518078,0.029052643,-0.02487215,-0.013402276,1.0633563,-1.983683,-0.028108768,0.90990746,-1.9481779,0.044839814,0.97489923,-1.971773,0.004371099,0.86207813,-1.8907349,0.00038883928,1.0,-1.9915701,-0.025058476,0.90302795,-1.9735191,0.037988704,0.9522736,-1.9814198,0.014925334,0.87079394,-1.8981966
19,0.39421749114990234,0.0,0.0,0.0,-0.3467578887939453,-0.3467578887939453,-0.3450240993499756,1.0,0,0.0974080041050911,0.19849184155464172,0.06889963150024414,0.08889409899711609,-0.031468506902456284,-0.017615212127566338,1,0.076623455,-0.06590458,-0.048064277,0.01808273,-0.016154617,-0.0698481,-0.0010180832,-0.093462355,-0.054925613,0.097408004,0.0042914664,0.01215503,-0.014551491,1.0688996,-2.0081882,-0.015891045,0.89861536,-1.9381793,0.03581254,0.98205036,-1.9690524,0.00898958,0.86211216,-1.869211,0.008435547,1.0,-2.0226076,-0.010466225,0.89376897,-1.9591336,0.035507116,0.9540117,-1.9855301,0.038211983,0.8633996,-1.8655645
20,0.41303277015686035,0.0,0.0,0.0,-0.342833548784256,-0.342833548784256,-0.3411193810403347,1.0,0,0.09325599670410156,0.18530268967151642,0.06319570541381836,0.08268478512763977,-0.03580939769744873,-0.019575929269194603,1,0.055739652,-0.05241536,-0.036418337,0.04358124,-0.019762393,-0.084176295,-0.009048451,-0.08597799,-0.03168813,0.093256,0.02276052,-0.00938289,-0.020306543,1.0631957,-2.0067213,-0.022008993,0.88965446,-1.928828,0.024719164,0.9883002,-1.9740996,0.0032574162,0.8696068,-1.8742461,-0.0035846457,1.0,-2.0176468,-0.00893462,0.88372576,-1.9540809,0.022004629,0.96250683,-1.9836061,0.031234216,0.8764349,-1.877061
21,0.4345829486846924,0.0,0.0,0.0,-0.3416345417499542,-0.3416345417499542,-0.33992636904120443,1.0,0,0.09789914637804031,0.16480262577533722,0.05936884880065918,0.07628722488880157,-0.043011292815208435,-0.012165233492851257,1,0.020805066,-0.040730473,-0.018217973,0.052486215,-0.027319456,-0.09789915,-0.043072425,-0.06368085,-0.0018300891,0.038452692,0.0444615,-0.047765292,-0.030507885,1.0593688,-1.9864105,-0.022510745,0.8968367,-1.940897,0.02658882,0.9938968,-1.9808071,0.0057028234,0.8862761,-1.8959801,-0.024266364,1.0,-1.9918759,-0.0067648795,0.8886409,-1.9702667,0.013667092,0.97479254,-1.9813561,0.017238632,0.8996146,-1.9103097
22,0.45453858375549316,0.0,0.0,0.0,-0.34673482179641724,-0.34673482179641724,-0.3450011476874352,1.0,0,0.07451288402080536,0.15206429362297058,0.06503236293792725,0.07791797816753387,-0.03401152417063713,-0.00720891123637557,1,0.035472084,-0.051544603,-0.026299814,0.029437508,-0.028947242,-0.074512884,-0.04251492,-0.06708881,-0.025516512,0.043542728,0.03586249,-0.033443496,-0.029854573,1.0650324,-1.9840043,-0.010822602,0.9051633,-1.9562985,0.035518326,0.9938187,-1.9784364,0.019077435,0.8968094,-1.8997787,-0.019212948,1.0,-1.9918942,-0.0019913483,0.8964791,-1.9786524,0.022763848,0.97369206,-1.9860913,0.032140255,0.90756816,-1.9098117
23,0.47405195236206055,0.0,0.0,0.0,-0.34705236554145813,-0.34705236554145813,-0.34531710371375085,1.0,0,0.08966746181249619,0.1875956803560257,0.07360315322875977,0.0909297987818718,-0.02643265761435032,-0.009473538026213646,1,0.06969276,-0.05930064,-0.04334443,0.026206596,-0.018126028,-0.07759484,-0.007486139,-0.08966746,-0.04159084,0.08950686,0.00757602,0.0029133826,-0.021123268,1.0736032,-2.0008001,-0.006445907,0.90127224,-1.9464009,0.035063595,0.9914207,-1.9719837,0.016507924,0.8840817,-1.8816906,-0.00021543913,1.0,-2.0138035,0.0014160722,0.89583445,-1.9696794,0.03281775,0.96452045,-1.984461,0.04335998,0.8863545,-1.8808166
24,0.49445033073425293,0.0,0.0,0.0,-0.34197795391082764,-0.34197795391082764,-0.3402680641412735,1.0,0,0.1042632982134819,0.2041846066713333,0.07506299018859863,0.09587506949901581,-0.031095238402485847,-0.014172820374369621,1,0.073561385,-0.04650526,-0.0323836,0.03254421,-0.0097264,-0.091339,0.0047735795,-0.10283204,-0.04567665,0.1042633,0.0012203058,0.0040250146,-0.018275127,1.075063,-2.0072863,-0.023438953,0.8995198,-1.9335259,0.030480012,0.9930717,-1.9829931,0.0022074431,0.8790311,-1.8797154,0.00379329,1.0,-2.0170014,-0.01367569,0.89660186,-1.9609276,0.031912085,0.96222204,-1.9966961,0.033486433,0.8793972,-1.878508
25,0.5143275260925293,0.0,0.0,0.0,-0.34141805768013,-0.34141805768013,-0.33971096739172935,1.0,0,0.10096843540668488,0.16296570003032684,0.0736609697341919,0.08780919015407562,-0.03671882301568985,-0.011418015696108341,1,0.035394154,-0.034267742,-0.015184783,0.04212244,-0.019770844,-0.100968435,-0.02980335,-0.07940923,-0.018236337,0.047361176,0.025111074,-0.03376582,-0.019716233,1.073661,-1.989639,-0.028403766,0.90807533,-1.9380682,0.03454732,0.9938576,-1.991812,-0.0026231036,0.886934,-1.8943841,-0.009097986,1.0,-1.9941945,-0.015767034,0.9021441,-1.9683586,0.025606316,0.97003484,-1.9972829,0.01158525,0.8944673,-1.9045138
26,0.53482985496521,0.0,0.0,0.0,-0.3440312147140503,-0.3440312147140503,-0.34231105864048006,1.0,0,0.08156836777925491,0.15635912120342255,0.07705211639404297,0.08899685740470886,-0.03104257583618164,-0.006512373685836792,1,0.033129036,-0.0490948,-0.023342304,0.033989143,-0.030085636,-0.08156837,-0.043563835,-0.06992756,-0.022720953,0.048328176,0.031179426,-0.032710712,-0.021593817,1.0770521,-1.9877273,-0.01612059,0.9131173,-1.9526482,0.042080157,0.993876,-1.9907138,0.010565273,0.90381074,-1.8997722,-0.011655105,1.0,-1.99473,-0.0059238467,0.9040916,-1.9771187,0.029011006,0.9728977,-1.9975301,0.025063727,0.91316456,-1.9095854
27,0.5549221038818359,0.0,0.0,0.0,-0.3441196382045746,-0.3441196382045746,-0.3423990400135517,1.0,0,0.09222036600112915,0.1867040991783142,0.0767279863357544,0.09331448376178741,-0.024039559066295624,-0.008318363688886166,1,0.05960632,-0.059333786,-0.040165063,0.036110792,-0.022235263,-0.078906685,-0.020033525,-0.087114014,-0.038330972,0.092220366,0.012027789,-0.0061963825,-0.021769322,1.076728,-2.001438,-0.008621156,0.9030366,-1.9493142,0.036685556,0.9945053,-1.9844377,0.01887969,0.8991888,-1.8891882,-0.003887426,1.0,-2.0134873,0.002212082,0.896366,-1.9729862,0.030675499,0.9683711,-1.995937,0.0465458,0.90279716,-1.8910471
28,0.5748350620269775,0.0,0.0,0.0,-0.34134525060653687,-0.34134525060653687,-0.33963852435350417,1.0,0,0.10632564127445221,0.19862934947013855,0.07124876976013184,0.09145192056894302,-0.027553487569093704,-0.012623817659914494,1,0.06117412,-0.05413537,-0.036791697,0.040030554,-0.018520067,-0.08389046,-0.010423966,-0.096555315,-0.03995893,0.10632564,0.009453883,-0.00460532,-0.023138978,1.0712488,-2.00632,-0.017703973,0.8924387,-1.9368641,0.028072342,0.9977814,-1.9887325,0.011099614,0.89153105,-1.885274,-0.004786741,1.0,-2.0173576,-0.0056948056,0.88688266,-1.9620312,0.024945153,0.9688148,-2.00072,0.042997308,0.8943672,-1.8866557
29,0.5945837497711182,0.0,0.0,0.0,-0.34062784910202026,-0.34062784910202026,-0.3389247098565102,1.0,0,0.09351590275764465,0.16962841153144836,0.06871843338012695,0.08445952087640762,-0.03302953019738197,-0.012219077907502651,1,0.03553204,-0.044528488,-0.022116808,0.041736685,-0.023397025,-0.0935159,-0.031166164,-0.080962084,-0.025674213,0.06524086,0.025755277,-0.029994624,-0.0234484,1.0687184,-1.9979687,-0.021749228,0.89500177,-1.9354411,0.029660106,0.99894756,-1.9968795,0.005500175,0.8926848,-1.8949064,-0.012788788,1.0,-2.0046036,-0.009228222,0.88798267,-1.9634959,0.020310257,0.9746589,-2.0045817,0.025072433,0.9004114,-1.9039048
30,0.6153712272644043,0.0,0.0,0.0,-0.34269464015960693,-0.34269464015960693,-0.3409811669588089,1.0,0,0.08864182233810425,0.1650439351797104,0.07326054573059082,0.08716163784265518,-0.028758829459547997,-0.009630687534809113,1,0.04289334,-0.049610518,-0.02555636,0.031476095,-0.02516756,-0.08864182,-0.026373152,-0.07666063,-0.029146636,0.065019235,0.025336375,-0.022637371,-0.022545472,1.0732605,-1.9949129,-0.017469272,0.9043343,-1.9495004,0.04075493,0.9935775,-1.9967713,0.013115473,0.9014297,-1.8954682,-0.00967747,1.0,-2.0025797,-0.008026443,0.89678407,-1.9760929,0.032842983,0.97057927,-2.0055153,0.032621242,0.9090306,-1.9022595
31,0.6348850727081299,0.0,0.0,0.0,-0.3429369330406189,-0.3429369330406189,-0.3412222483754158,1.0,0,0.08775439113378525,0.1862712949514389,0.07476592063903809,0.09182409942150116,-0.02381840907037258,-0.010607284493744373,1,0.06344213,-0.055877138,-0.03835202,0.030931856,-0.020721756,-0.08724427,-0.01260216,-0.08706193,-0.038263228,0.08775439,0.012071059,-0.0056580277,-0.020136647,1.0747659,-2.003383,-0.013560303,0.89884883,-1.9456135,0.038659573,0.99160904,-1.9929028,0.017211102,0.89460784,-1.8847086,-0.0011040065,1.0,-2.0148885,-0.004280745,0.8926323,-1.9717867,0.034878924,0.96549046,-2.0043817,0.043537423,0.8982292,-1.8864061
32,0.6549282073974609,0.0,0.0,0.0,-0.34069347381591797,-0.34069347381591797,-0.33899000644683835,1.0,0,0.09687494486570358,0.1902928203344345,0.06900477409362793,0.0880846455693245,-0.027343155816197395,-0.013598093762993813,1,0.054968227,-0.05393117,-0.034006037,0.03440533,-0.02024734,-0.085400015,-0.011598314,-0.09400622,-0.039790444,0.096874945,0.014382543,-0.009562682,-0.02129247,1.0690048,-2.0074103,-0.01911427,0.89281875,-1.9392962,0.030768372,0.9957533,-1.9959263,0.010557838,0.88657725,-1.8842192,-0.0048020016,1.0,-2.017612,-0.008792672,0.88674456,-1.9649162,0.027288878,0.9675514,-2.0078633,0.039620325,0.890892,-1.887088
33,0.6753039360046387,0.0,0.0,0.0,-0.3405759334564209,-0.3405759334564209,-0.3388730537891388,1.0,0,0.08394673466682434,0.1701870709657669,0.06405067443847656,0.08043273538351059,-0.030509524047374725,-0.01368548534810543,1,0.035564702,-0.05161778,-0.027108971,0.036017496,-0.024183255,-0.083946735,-0.0291166,-0.08171867,-0.03163385,0.07410696,0.026709633,-0.025272302,-0.024475463,1.0640507,-2.0016985,-0.018376194,0.8879827,-1.9376901,0.029644646,0.998306,-2.0012517,0.011519633,0.8909847,-1.8922127,-0.013806052,1.0,-2.0098312,-0.0075709447,0.88072777,-1.9628742,0.020909665,0.97379035,-2.010742,0.033751722,0.8989976,-1.8997945
34,0.6947803497314453,0.0,0.0,0.0,-0.3420857787132263,-0.3420857787132263,-0.34037534981966017,1.0,0,0.08111273497343063,0.17042985558509827,0.06530594825744629,0.08114395290613174,-0.027277875691652298,-0.012901213951408863,1,0.04143288,-0.05722242,-0.031792425,0.031914715,-0.027891926,-0.081112735,-0.028462583,-0.078121506,-0.034087177,0.07346591,0.027390115,-0.02112392,-0.024537638,1.065306,-2.0028648,-0.013660774,0.88985676,-1.9455433,0.033851877,0.996595,-2.000628,0.016939834,0.8955367,-1.891627,-0.012107774,1.0,-2.0124025,-0.0040863585,0.88148916,-1.9698771,0.025313102,0.9731586,-2.0108542,0.03897961,0.90375376,-1.8979641
35,0.7147810459136963,0.0,0.0,0.0,-0.341789573431015,-0.341789573431015,-0.34008062556385993,1.0,0,0.08706048876047134,0.18475580215454102,0.06471550464630127,0.08343324065208435,-0.024974724277853966,-0.014204910956323147,1,0.05757076,-0.05765003,-0.037027974,0.030497124,-0.02225728,-0.08706049,-0.012757926,-0.0864068,-0.039841272,0.08682952,0.016967105,-0.00878932,-0.020860836,1.0647155,-2.0074506,-0.015506864,0.88752043,-1.9419236,0.032899283,0.99412364,-1.9983938,0.015323617,0.88743746,-1.8875552,-0.0035896078,1.0,-2.018559,-0.0063577257,0.8808432,-1.9680418,0.029071905,0.9682016,-2.0103462,0.041372474,0.8925276,-1.890192
36,0.7350466251373291,0.0,0.0,0.0,-0.34069913625717163,-0.34069913625717163,-0.33899564057588577,1.0,0,0.08912075310945511,0.18066920340061188,0.0640413761138916,0.08241187781095505,-0.027398215606808662,-0.015612433664500713,1,0.050957177,-0.052418806,-0.031066995,0.029282626,-0.020341696,-0.08906096,-0.013437902,-0.08912075,-0.03886374,0.083667405,0.018369377,-0.012553109,-0.019200675,1.0640414,-2.0091279,-0.022599578,0.8876907,-1.937255,0.03109257,0.9921655,-1.9995474,0.0067942366,0.87816924,-1.8867947,-0.0039135218,1.0,-2.0184479,-0.01381479,0.8815882,-1.9639733,0.027061198,0.9654293,-2.0112064,0.03189446,0.88368005,-1.8905606
37,0.7543361186981201,0.0,0.0,0.0,-0.3408965468406677,-0.3408965468406677,-0.3391920641064644,1.0,0,0.0892346203327179,0.16917073726654053,0.0624619722366333,0.0789935365319252,-0.027751367539167404,-0.014917220920324326,1,0.044796724,-0.05133772,-0.029039476,0.029036092,-0.023354422,-0.08923462,-0.019466722,-0.08086094,-0.032787703,0.068948835,0.02528669,-0.019898681,-0.021103717,1.062462,-2.0043442,-0.023620643,0.8882643,-1.9402505,0.032243505,0.99158406,-2.0014594,0.008592308,0.88216096,-1.8909156,-0.0076647,1.0,-2.013056,-0.014909815,0.88125795,-1.9670209,0.026403489,0.9673258,-2.0112956,0.02927696,0.88974696,-1.8968853
38,0.7732346057891846,0.0,0.0,0.0,-0.3415454924106598,-0.3415454924106598,-0.3398377649486065,1.0,0,0.08582945168018341,0.17347794771194458,0.0634843111038208,0.08039123564958572,-0.025860395282506943,-0.014497953467071056,1,0.047691107,-0.055379506,-0.03314994,0.030393098,-0.023769792,-0.08582945,-0.019741874,-0.08099089,-0.03430445,0.07618425,0.024358755,-0.016597042,-0.021644317,1.0634843,-2.0058076,-0.019591972,0.8898216,-1.9438632,0.03374043,0.9901025,-2.0001514,0.011228114,0.8834587,-1.8898884,-0.0073369844,1.0,-2.0157526,-0.010474043,0.88269067,-1.969612,0.027817868,0.9658053,-2.0104427,0.03408339,0.8907663,-1.8948675
39,0.79453444480896,0.0,0.0,0.0,-0.34155529737472534,-0.34155529737472534,-0.3398475208878517,1.0,0,0.0864081010222435,0.17844752967357635,0.06277334690093994,0.08080651611089706,-0.025675861164927483,-0.01554063055664301,1,0.051445805,-0.055448975,-0.033683375,0.029243018,-0.021637524,-0.084401675,-0.014154196,-0.0864081,-0.039024275,0.08191328,0.021211253,-0.013835288,-0.021071702,1.0627733,-2.0086093,-0.02037625,0.88419276,-1.9399136,0.03060957,0.9909287,-1.9988879,0.010393888,0.88093716,-1.8866507,-0.0056379605,1.0,-2.0187142,-0.011603344,0.8777015,-1.9652342,0.026363311,0.9650063,-2.010595,0.03496787,0.88730055,-1.8908013
40,0.8141448497772217,0.0,0.0,0.0,-0.34112828969955444,-0.34112828969955444,-0.33942264825105667,1.0,0,0.08716033399105072,0.17515644431114197,0.060146331787109375,0.07818864285945892,-0.02638542838394642,-0.01542577426880598,1,0.045984194,-0.054293238,-0.03281234,0.032345094,-0.02353312,-0.087160334,-0.019897144,-0.082614526,-0.033131946,0.07814363,0.025075592,-0.017026402,-0.022616602,1.0601463,-2.0075471,-0.021631889,0.8831003,-1.9371326,0.0290251,0.9927883,-2.0002532,0.009951115,0.88008964,-1.8898231,-0.008821344,1.0,-2.0173907,-0.011928361,0.87604034,-1.9632807,0.023055956,0.9680039,-2.0101929,0.033394203,0.88761234,-1.894931
41,0.8343408107757568,0.0,0.0,0.0,-0.34144890308380127,-0.34144890308380127,-0.3397416585683823,1.0,0,0.08517824113368988,0.17134153842926025,0.06070530414581299,0.0778169184923172,-0.025815799832344055,-0.014768303371965885,1,0.04442246,-0.054962084,-0.031689845,0.029861841,-0.025219398,-0.08517824,-0.0220797,-0.08126701,-0.033561934,0.0727843,0.02600519,-0.019604664,-0.022676349,1.0607053,-2.0061026,-0.02052734,0.8857689,-1.942444,0.031142801,0.99101484,-2.000226,0.010973088,0.88411635,-1.8920573,-0.009349611,1.0,-2.0156095,-0.0115687875,0.8782031,-1.9679974,0.02451889,0.96663475,-2.0102947,0.03280838,0.8919179,-1.8979387
42,0.8533234596252441,0.0,0.0,0.0,-0.34129756689071655,-0.34129756689071655,-0.33959107905626296,1.0,0,0.08774778991937637,0.17345575988292694,0.061948418617248535,0.07936267554759979,-0.02555880881845951,-0.014755979180335999,1,0.049913865,-0.05238671,-0.032183643,0.02749434,-0.021015437,-0.08774779,-0.015605616,-0.08362832,-0.035312448,0.07514234,0.022900559,-0.016219847,-0.021840252,1.0619484,-2.0063176,-0.02199237,0.88502336,-1.9411142,0.031463355,0.99071753,-1.9995325,0.010301188,0.88125986,-1.8908362,-0.006866092,1.0,-2.0159726,-0.013744068,0.87871873,-1.9674386,0.02678167,0.96562904,-2.010126,0.032843888,0.88813,-1.8957022
43,0.8752751350402832,0.0,0.0,0.0,-0.3411722183227539,-0.3411722183227539,-0.33946635723114016,1.0,0,0.08797435462474823,0.17280510067939758,0.0626676082611084,0.079825259745121,-0.02580031007528305,-0.014698837883770466,1,0.049441837,-0.05192977,-0.030204399,0.029060416,-0.020631112,-0.087974355,-0.01604555,-0.08526507,-0.035920355,0.07260282,0.020755693,-0.016692296,-0.020363726,1.0626676,-2.006876,-0.024270564,0.8873535,-1.9393668,0.031777933,0.9899668,-2.0003443,0.007689163,0.8784468,-1.8901248,-0.005531174,1.0,-2.0159373,-0.015552439,0.88116413,-1.9657592,0.026964268,0.9643873,-2.0111203,0.029470012,0.88467354,-1.8951325
44,0.8944554328918457,0.0,0.0,0.0,-0.3412075638771057,-0.3412075638771057,-0.33950152605772016,1.0,0,0.0881248190999031,0.170200377702713,0.06444144248962402,0.08079174160957336,-0.025776183232665062,-0.014094620011746883,1,0.047179088,-0.0508297,-0.0296169,0.028520394,-0.021279564,-0.08812482,-0.018769227,-0.08326723,-0.034600303,0.07015628,0.022612052,-0.018252766,-0.019881174,1.0644414,-2.0054014,-0.026281245,0.89114225,-1.9422046,0.033875823,0.98888314,-2.0008914,0.0071745515,0.87923175,-1.8904756,-0.0057274466,1.0,-2.0142865,-0.017725127,0.88475835,-1.968642,0.028245054,0.96390295,-2.0112715,0.028221438,0.88601536,-1.8959515
45,0.9143803119659424,0.0,0.0,0.0,-0.3413264751434326,-0.3413264751434326,-0.33961984276771545,1.0,0,0.08445820212364197,0.17254966497421265,0.06336331367492676,0.08021022379398346,-0.02567024528980255,-0.013873131014406681,1,0.046699353,-0.053834405,-0.031185312,0.02906545,-0.022822373,-0.0844582,-0.018904667,-0.08421877,-0.035245456,0.07557852,0.022835176,-0.017235102,-0.02074793,1.0633633,-2.0057828,-0.023306929,0.889403,-1.94156,0.032628573,0.98999727,-2.0005317,0.0077193156,0.8812193,-1.8907102,-0.0067381235,1.0,-2.0151384,-0.014587293,0.88255626,-1.9668975,0.026957173,0.96473163,-2.0111053,0.030392872,0.88806987,-1.8958808
46,0.9341368675231934,0.0,0.0,0.0,-0.3415544629096985,-0.3415544629096985,-0.33984669059515,1.0,0,0.08560804277658463,0.17634128034114838,0.062309980392456055,0.08006913214921951,-0.025501998141407967,-0.013792510144412518,1,0.048805162,-0.05478566,-0.033964474,0.033220038,-0.023307815,-0.08560804,-0.018206123,-0.08265654,-0.03277541,0.080545016,0.02448692,-0.016086724,-0.023259223,1.06231,-2.006423,-0.021135055,0.886015,-1.9409368,0.030192636,0.9932645,-1.9997506,0.01181183,0.8835959,-1.8912083,-0.008617673,1.0,-2.0166123,-0.011169042,0.87902266,-1.9666193,0.024730798,0.96846753,-2.0095832,0.035975337,0.890942,-1.8960344
47,0.9546012878417969,0.0,0.0,0.0,-0.3414513170719147,-0.3414513170719147,-0.3397440604865551,1.0,0,0.08382336050271988,0.17236194014549255,0.06176626682281494,0.07891352474689484,-0.025701038539409637,-0.013407930731773376,1,0.04451907,-0.0539033,-0.030147359,0.032183465,-0.023276005,-0.08382336,-0.019781984,-0.083340436,-0.033889957,0.076209664,0.025154378,-0.019550327,-0.02506499,1.0617663,-2.0059626,-0.019161686,0.8860584,-1.9424784,0.029291272,0.99434507,-1.9995447,0.012884416,0.8863793,-1.8925769,-0.011709268,1.0,-2.0150068,-0.009506647,0.8790756,-1.9676254,0.023356676,0.96934295,-2.0097117,0.035747316,0.8939256,-1.898442
48,0.9743225574493408,0.0,0.0,0.0,-0.3413592576980591,-0.3413592576980591,-0.3396524614095688,1.0,0,0.08660915493965149,0.17206883430480957,0.06427228450775146,0.08098633587360382,-0.025837404653429985,-0.013212203979492188,1,0.049851418,-0.051297702,-0.03050554,0.028092539,-0.02075821,-0.086609155,-0.016707586,-0.08524841,-0.03696983,0.07216664,0.020684397,-0.017034262,-0.022879496,1.0642723,-2.0058458,-0.021403767,0.8877331,-1.9420781,0.031208128,0.9934193,-1.9999065,0.009843849,0.88389117,-1.8923737,-0.007924071,1.0,-2.0149975,-0.012976005,0.88150567,-1.9680609,0.026195852,0.9678448,-2.0109975,0.031493843,0.8900965,-1.897484
49,0.9928708076477051,0.0,0.0,0.0,-0.3411661386489868,-0.3411661386489868,-0.3394603079557419,1.0,0,0.08904782682657242,0.17282874882221222,0.06679308414459229,0.08323507010936737,-0.02571984753012657,-0.013356499373912811,1,0.050675195,-0.0496117,-0.028896403,0.02614335,-0.019295769,-0.08904783,-0.014962878,-0.0869465,-0.03766755,0.07271233,0.018008225,-0.014365138,-0.019071728,1.0667931,-2.0066018,-0.025868721,0.8906791,-1.9413903,0.03461968,0.9907059,-2.0008826,0.0056612417,0.88011914,-1.890651,-0.0038691694,1.0,-2.0152707,-0.018025715,0.8848904,-1.9681046,0.030130818,0.96462196,-2.012183,0.027474942,0.8855216,-1.8949605
50,1.0152020454406738,0.0,0.0,0.0,-0.3410474956035614,-0.3410474956035614,-0.3393422581255436,1.0,0,0.0898960754275322,0.17346005141735077,0.06725776195526123,0.08365592360496521,-0.025787776336073875,-0.012934206053614616,1,0.048450503,-0.050908186,-0.030045863,0.03150339,-0.021540755,-0.089896075,-0.01927708,-0.08322647,-0.03400565,0.074254654,0.021518536,-0.016653283,-0.019220047,1.0672578,-2.005586,-0.02678994,0.8930291,-1.9427567,0.03453967,0.99023324,-2.0010712,0.005283691,0.88043934,-1.8905766,-0.0046848953,1.0,-2.0145996,-0.017338924,0.8865669,-1.9697255,0.028756546,0.9652653,-2.011273,0.027560089,0.8868949,-1.8955725
51,1.0331554412841797,0.0,0.0,0.0,-0.34119582176208496,-0.34119582176208496,-0.33948984265327453,1.0,0,0.08533068001270294,0.17382241785526276,0.06484830379486084,0.0816352441906929,-0.025687141343951225,-0.01270777452737093,1,0.04601023,-0.053776637,-0.031131534,0.031755473,-0.023479696,-0.08533068,-0.020820063,-0.08337628,-0.03433722,0.07736029,0.023123208,-0.017656244,-0.022907011,1.0648483,-2.0050938,-0.023405269,0.8918736,-1.9448904,0.032912992,0.9918415,-2.0008118,0.009597465,0.8849278,-1.8924071,-0.009103942,1.0,-2.0144334,-0.013878627,0.8848297,-1.9704896,0.026666973,0.9668286,-2.011113,0.032805555,0.8918648,-1.8977039
52,1.0547914505004883,0.0,0.0,0.0,-0.3412845730781555,-0.3412845730781555,-0.3395781502127647,1.0,0,0.08307915180921555,0.17506776750087738,0.06474494934082031,0.08169351518154144,-0.025593260303139687,-0.013002346269786358,1,0.04565912,-0.055423837,-0.032502797,0.033964384,-0.02343102,-0.08288488,-0.023382062,-0.08307915,-0.035206728,0.07951225,0.02303883,-0.017940795,-0.02450256,1.064745,-2.0060954,-0.019383393,0.88788676,-1.943019,0.029831588,0.9946066,-2.0006456,0.011605822,0.8862714,-1.891738,-0.010804824,1.0,-2.0158463,-0.009194078,0.88085747,-1.9678845,0.02281697,0.9696829,-2.0112076,0.035459496,0.89318305,-1.8971202
53,1.0766034126281738,0.0,0.0,0.0,-0.3413569927215576,-0.3413569927215576,-0.33965020775794985,1.0,0,0.08521421998739243,0.1757500022649765,0.06351125240325928,0.080941341817379,-0.025756152346730232,-0.012967228889465332,1,0.047450356,-0.053965487,-0.03198911,0.03201343,-0.022882383,-0.08449685,-0.017652737,-0.08521422,-0.034181245,0.08059692,0.022663698,-0.016181031,-0.025445588,1.0635113,-2.0063965,-0.019181445,0.88633955,-1.9421158,0.029479101,0.99558294,-2.000778,0.012093917,0.8864125,-1.8919245,-0.011210481,1.0,-2.0159934,-0.009577416,0.8794748,-1.9674648,0.02418328,0.9700187,-2.0110323,0.036272995,0.8932116,-1.8967788
54,1.0969493389129639,0.0,0.0,0.0,-0.3392983078956604,-0.3392983078956604,-0.3376018163561821,1.0,0,0.1373489946126938,0.24612796306610107,0.06550359725952148,0.09618020057678223,-0.02583637647330761,-0.012897984124720097,1,0.069236174,-0.07395149,-0.027718753,0.030508656,-0.04037108,-0.103984825,0.035777505,-0.07381535,-0.004039386,0.137349,-0.036260094,0.09617765,-0.022041075,1.0655036,-2.0053566,-0.021673344,0.8890172,-1.9420778,0.03154368,0.9933692,-2.0015364,0.008276522,0.8839281,-1.893306,-0.0012702215,1.0,-2.013672,-0.012520747,0.8769059,-1.9732732,0.042276934,0.9712246,-2.0027483,0.04948122,0.8730501,-1.8644527
55,1.1134071350097656,0.0,0.0,0.0,-0.3414191007614136,-0.3414191007614136,-0.33971200525760653,1.0,0,0.08304008841514587,0.16463905572891235,0.06658816337585449,0.08162543922662735,-0.026634162291884422,-0.012804310768842697,1,0.042190824,-0.048398357,-0.025477126,0.029257365,-0.023380755,-0.08294444,-0.03076256,-0.08304009,-0.03789271,0.059882358,0.024056993,-0.02468901,-0.021387622,1.0665882,-2.0057669,-0.02423083,0.8921618,-1.9429133,0.03349588,0.9921839,-2.001119,0.007531427,0.8829225,-1.8915144,-0.008730374,1.0,-2.01341,-0.015453621,0.8851476,-1.9677967,0.024267111,0.9672719,-2.0124867,0.025496135,0.8901396,-1.8989211
56,1.1355071067810059,0.0,0.0,0.0,-0.3408461809158325,-0.3408461809158325,-0.33914195001125336,1.0,0,0.08254723995923996,0.16233527660369873,0.06735944747924805,0.08177189528942108,-0.029956338927149773,-0.011770916171371937,1,0.034799594,-0.04971029,-0.026647285,0.030778231,-0.02269181,-0.082086585,-0.026759584,-0.08254724,-0.029841632,0.062072866,0.027038503,-0.02748357,-0.021555431,1.0673594,-2.0018775,-0.026299708,0.89044476,-1.942199,0.031899072,0.9909836,-2.0027125,0.0042143166,0.8805778,-1.891796,-0.011115553,1.0,-2.0098717,-0.017066237,0.8836372,-1.966825,0.023871196,0.9662194,-2.0116649,0.022836177,0.88868934,-1.9000411
57,1.154266595840454,0.0,0.0,0.0,-0.33848047256469727,-0.33848047256469727,-0.3367880702018738,1.0,0,0.15510344505310059,0.26275789737701416,0.06691265106201172,0.10024841874837875,-0.023629238829016685,-0.013084739446640015,1,0.07139157,-0.08441412,-0.034671675,0.022617452,-0.04135764,-0.0965137,0.040111683,-0.07379525,-0.0038992232,0.15510345,-0.03992671,0.10657899,-0.021261282,1.0669127,-2.0093513,-0.017687343,0.88993603,-1.9445889,0.035110623,0.991845,-2.002687,0.013146408,0.8862526,-1.88533,0.00015618838,1.0,-2.0197527,-0.010902107,0.8775287,-1.973543,0.04714413,0.9697064,-2.0038567,0.059677444,0.87427455,-1.8533562
58,1.1731598377227783,0.0,0.0,0.0,-0.3361239433288574,-0.3361239433288574,-0.33444332361221313,1.0,0,0.15378794074058533,0.25661733746528625,0.06285727024078369,0.09699265658855438,-0.025332119315862656,-0.013131143525242805,1,0.07131713,-0.07227931,-0.027029172,0.036313187,-0.040058166,-0.10129599,0.037373964,-0.0778227,0.0049986327,0.15378794,-0.039113235,0.09470227,-0.023535699,1.0628573,-2.0093198,-0.018319525,0.8856272,-1.9392694,0.030146003,0.9934946,-1.999162,0.01270961,0.8829322,-1.8859882,-0.0021405593,1.0,-2.0174286,-0.007425568,0.8736098,-1.9696583,0.04135819,0.9701477,-1.9976624,0.058845993,0.87119824,-1.8575776
59,1.194244146347046,0.0,0.0,0.0,-0.3391624987125397,-0.3391624987125397,-0.33746668621897696,1.0,0,0.08494959771633148,0.15865114331245422,0.058959126472473145,0.07479716837406158,-0.03937379643321037,-0.009711937978863716,1,0.01682537,-0.040397666,-0.015622283,0.041460875,-0.022802288,-0.0849496,-0.041106127,-0.0761287,-0.019909931,0.04183606,0.03875127,-0.0492145,-0.026327714,1.0589591,-1.9965129,-0.02774708,0.8862967,-1.940281,0.027546965,0.9943458,-2.0022824,0.0068586767,0.8813368,-1.8952389,-0.021280102,1.0,-2.0011995,-0.015308817,0.879456,-1.965766,0.015215126,0.9715072,-2.0082552,0.019409496,0.8929622,-1.9100032
60,1.214050054550171,0.0,0.0,0.0,-0.34208667278289795,-0.34208667278289795,-0.3403762394189835,1.0,0,0.07487684488296509,0.1602839231491089,0.05968213081359863,0.07469456642866135,-0.03569408878684044,-0.00847573671489954,1,0.028276267,-0.057238713,-0.026640465,0.028199058,-0.028971113,-0.074876845,-0.04410593,-0.07470011,-0.034032267,0.05459373,0.030719375,-0.03250478,-0.026780017,1.0596821,-1.997263,-0.016062558,0.8872578,-1.9436435,0.0354297,0.9944527,-2.0059657,0.016192935,0.88543797,-1.8925407,-0.018297136,1.0,-2.005255,-0.0076028397,0.8785665,-1.9661065,0.02219792,0.9720427,-2.0161755,0.032571055,0.8946538,-1.9022921
61,1.2348363399505615,0.0,0.0,0.0,-0.3414052724838257,-0.3414052724838257,-0.33969824612140653,1.0,0,0.17104440927505493,0.3045165240764618,0.06689786911010742,0.1096782237291336,-0.020379815250635147,-0.012215979397296906,1,0.105523475,-0.09379294,-0.05025221,0.023515431,-0.035599127,-0.09774362,0.06838405,-0.07846146,-0.00752463,0.17104441,-0.04935835,0.12773795,-0.021872997,1.0668979,-2.0145707,-0.006845124,0.8909982,-1.9471395,0.04068783,0.98976725,-1.9977152,0.026767746,0.88410956,-1.8710642,0.009784047,1.0,-2.0296464,0.00020950567,0.88031846,-1.9764626,0.061203048,0.96622884,-1.9999726,0.07808107,0.86930203,-1.8327428
62,1.2546093463897705,0.0,0.0,0.0,-0.3331366181373596,-0.3331366181373596,-0.3314709350466728,1.0,0,0.15563146770000458,0.275558203458786,0.06473982334136963,0.10342037677764893,-0.02809511311352253,-0.013769813813269138,1,0.093487546,-0.060496155,-0.024170201,0.04320723,-0.028643556,-0.11260945,0.06171822,-0.08845145,0.009598849,0.15563147,-0.049594928,0.09578347,-0.016701192,1.0647398,-2.0158389,-0.024960853,0.89160335,-1.9377927,0.031636566,0.9880932,-1.9954476,0.0083397925,0.8690462,-1.8739724,0.011345074,1.0,-2.02309,-0.011998684,0.88301027,-1.9715755,0.050152034,0.96155775,-1.992568,0.055029236,0.85416776,-1.8452374
63,1.274815559387207,0.0,0.0,0.0,-0.33519625663757324,-0.33519625663757324,-0.3335202753543854,1.0,0,0.10082872956991196,0.16978532075881958,0.05597090721130371,0.07452251017093658,-0.05176142603158951,-0.008504534140229225,1,-0.0050156964,-0.043916225,0.012500154,0.010872765,-0.027609564,-0.10082873,0.0024447413,-0.060353782,0.016742956,0.09293568,-0.026029289,0.04926079,-0.019596167,1.0559709,-1.9847914,-0.045485806,0.8935979,-1.9328462,0.0283871,0.9887675,-2.005832,-0.0075269938,0.86768764,-1.8973538,-0.021100875,1.0,-1.9810413,-0.042223975,0.88531506,-1.9630948,0.029120522,0.97066134,-2.000809,0.020353712,0.85987884,-1.8825755
64,1.294581413269043,0.0,0.0,0.0,-0.34587806463241577,-0.34587806463241577,-0.34414867430925367,1.0,0,0.07653024792671204,0.159612774848938,0.06005668640136719,0.07458321005105972,-0.04737791046500206,-0.0031268454622477293,1,0.022877548,-0.06119329,-0.030773556,0.029801646,-0.038162492,-0.0526216,-0.07653025,-0.06207151,-0.034309782,0.021387482,0.04262767,-0.044567067,-0.026849769,1.0600567,-1.9879658,-0.021034263,0.89796597,-1.950413,0.041762136,0.99288565,-2.0140514,0.017366156,0.88479424,-1.9019481,-0.019986505,1.0,-1.9971979,-0.012093768,0.8865172,-1.9661995,0.01880306,0.9742642,-2.0243444,0.0237824,0.89758253,-1.9153183
65,1.3143482208251953,0.0,0.0,0.0,-0.35162442922592163,-0.35162442922592163,-0.349866307079792,1.0,0,0.08570005744695663,0.19011028110980988,0.06578290462493896,0.08356727659702301,-0.022610651329159737,-0.006471635308116674,1,0.0737754,-0.08142267,-0.06078759,0.0078112683,-0.031033145,-0.055930372,-0.019848542,-0.069481656,-0.05498736,0.08570006,0.023449171,0.009078034,-0.020203926,1.0657829,-2.0133147,0.008236714,0.8934162,-1.9541745,0.044095077,0.98694265,-1.9912791,0.042018805,0.88782024,-1.8559606,0.0019286964,1.0,-2.031551,0.0105800945,0.8841063,-1.9709536,0.038140513,0.9660981,-2.0077753,0.067728825,0.894855,-1.8532372
66,1.3349354267120361,0.0,0.0,0.0,-0.3373183608055115,-0.3373183608055115,-0.3356317690014839,1.0,0,0.1885465681552887,0.3237590789794922,0.06472396850585938,0.11377972364425659,-0.0184291023761034,-0.014362349174916744,1,0.11280785,-0.08674158,-0.04413431,0.046910714,-0.031381305,-0.10420625,0.0794166,-0.09191739,0.0025175633,0.18854657,-0.057286333,0.12241067,-0.01738526,1.064724,-2.0261545,-0.010843597,0.886605,-1.9482565,0.029228307,0.98652315,-1.9865229,0.02467601,0.87633026,-1.851754,0.016457096,1.0,-2.0393949,0.0032296171,0.87719065,-1.9795184,0.05305329,0.95894796,-1.9857676,0.08123998,0.85914433,-1.8150307
67,1.354428768157959,0.0,0.0,0.0,-0.3328397274017334,-0.3328397274017334,-0.3311755287647247,1.0,0,0.11662492901086807,0.19870613515377045,0.04750704765319824,0.07560456544160843,-0.047825172543525696,-0.012146292254328728,1,0.033876117,-0.032393765,0.004841519,0.025482211,-0.01773963,-0.113496654,0.034499194,-0.06803911,0.015155018,0.11662493,-0.03013359,0.053475376,-0.026562624,1.047507,-1.9966155,-0.04301449,0.8864582,-1.9240191,0.021216244,0.99084604,-1.9989727,0.002215296,0.86241204,-1.8919595,-0.016399788,1.0,-1.9951631,-0.035369825,0.88113636,-1.9580681,0.031566,0.9704343,-1.9944261,0.037202775,0.853372,-1.875917
68,1.3741264343261719,0.0,0.0,0.0,-0.3396354913711548,-0.3396354913711548,-0.337937313914299,1.0,0,0.08888427913188934,0.14934834837913513,0.05475437641143799,0.06918339431285858,-0.06496792286634445,-0.002484906930476427,1,-0.021492938,-0.049345277,0.02243787,-0.0016830649,-0.02707178,-0.08888428,-0.01842035,-0.048817042,0.013188898,0.066233024,-0.020317348,0.050719526,-0.024149194,1.0547544,-1.9659519,-0.046905506,0.9029452,-1.9359064,0.037102595,0.99067193,-2.018345,-0.004089318,0.8656718,-1.9079647,-0.030597076,1.0,-1.9592205,-0.047410425,0.8948237,-1.9625717,0.031576492,0.97602683,-2.0143886,0.01578059,0.8595766,-1.8927488
69,1.3942921161651611,0.0,0.0,0.0,-0.35464319586753845,-0.35464319586753845,-0.35286997988820074,1.0,0,0.06696399301290512,0.16641026735305786,0.07562339305877686,0.08837661147117615,-0.031283263117074966,-0.001265557250007987,1,0.06696399,-0.066731915,-0.055659052,0.004510936,-0.039014675,-0.040490534,-0.063004546,-0.05299073,-0.057873,0.02335002,0.037622746,-0.019686976,-0.012540989,1.0756234,-2.0001311,-0.009859465,0.9147353,-1.9642377,0.06010924,0.97939056,-1.9986477,0.02714952,0.8801047,-1.8746016,0.0075482093,1.0,-2.0168288,-0.008506184,0.90303093,-1.9763849,0.041207872,0.96349335,-2.0160096,0.034154527,0.8913915,-1.8805077
70,1.4142467975616455,0.0,0.0,0.0,-0.3468967080116272,-0.3468967080116272,-0.3451622244715691,1.0,0,0.1347736418247223,0.24244379997253418,0.07371664047241211,0.10055487602949142,-0.010511096566915512,-0.008577246218919754,1,0.094541386,-0.08252719,-0.060992617,0.02461809,-0.01687937,-0.082425594,0.018510848,-0.08939829,-0.055929057,0.13477364,-0.0071280315,0.044132054,-0.011691861,1.0737166,-2.0293212,0.00040807575,0.9067446,-1.9553175,0.043399125,0.976001,-1.9793673,0.035247542,0.8667539,-1.8300076,0.016670557,1.0,-2.0476189,0.007793503,0.90168077,-1.9800452,0.04895238,0.94918156,-1.996146,0.07567964,0.86461544,-1.8167679
71,1.4335336685180664,0.0,0.0,0.0,-0.3333077132701874,-0.3333077132701874,-0.3316411747038364,1.0,0,0.16224150359630585,0.24257659912109375,0.05382704734802246,0.08955096453428268,-0.03308556228876114,-0.01250272337347269,1,0.05200179,-0.04395485,-0.011786825,0.044382162,-0.02771254,-0.1014912,0.04921681,-0.078665264,0.016410094,0.1622415,-0.030110434,0.070151836,-0.022279978,1.053827,-2.0200703,-0.030683033,0.87939745,-1.9282377,0.018634565,0.98871046,-1.9885079,0.003739819,0.86042935,-1.8599657,-0.006679441,1.0,-2.0236063,-0.017368384,0.8710837,-1.958685,0.033399608,0.9651109,-1.9835849,0.05241227,0.8513962,-1.8389201
72,1.454087257385254,0.0,0.0,0.0,-0.33801454305648804,-0.33801454305648804,-0.3363244703412056,1.0,0,0.0840970128774643,0.14982403814792633,0.03595542907714844,0.05571364611387253,-0.06663570553064346,-0.005659531801939011,1,-0.030105697,-0.048193485,0.019012265,0.012428599,-0.02506435,-0.08409701,-0.02224756,-0.04273611,0.01841926,0.08087446,-0.01621529,0.039212257,-0.037341647,1.0359554,-1.9617343,-0.042744648,0.8830517,-1.9204129,0.021563008,0.9974049,-2.0073493,0.008297645,0.8695715,-1.9001086,-0.046373356,1.0,-1.9560306,-0.039016068,0.8755324,-1.945642,0.01488874,0.98458403,-2.0018234,0.032559983,0.86470693,-1.8883449
73,1.475069522857666,0.0,0.0,0.0,-0.34731584787368774,-0.34731584787368774,-0.3455792686343193,1.0,0,0.09329941868782043,0.19096316397190094,0.05359542369842529,0.07413659989833832,-0.04509742185473442,0.0007727959891781211,1,0.053188957,-0.08552201,-0.04120633,0.00681598,-0.045995902,-0.06624854,-0.00400253,-0.03480207,-0.0038629076,0.09015208,-0.0007958629,0.09329942,-0.025967978,1.0535954,-1.9792613,-0.018301323,0.9095612,-1.9551911,0.05063951,0.99285257,-2.003994,0.025661089,0.88181305,-1.8957076,-0.010011289,1.0,-1.9916232,-0.01625653,0.89576244,-1.9750657,0.049438752,0.9824119,-2.005153,0.05270671,0.8815743,-1.8677177
74,1.494349479675293,0.0,0.0,0.0,-0.3517714738845825,-0.3517714738845825,-0.3500126165151596,1.0,0,0.09475672245025635,0.19483989477157593,0.07068324089050293,0.08950818330049515,-0.012081355787813663,-0.0030274917371571064,1,0.09475672,-0.066753216,-0.060067855,-0.0008337043,-0.014423115,-0.07635611,0.005153029,-0.070001386,-0.04976814,0.07923228,0.0010355547,0.034614883,-0.008549839,1.0706832,-2.0142832,-0.0020863935,0.9177835,-1.9640994,0.054624096,0.97472566,-1.9730574,0.042094227,0.8703402,-1.8373263,0.019877179,1.0,-2.0323036,-0.0023365049,0.91345656,-1.9870062,0.056170005,0.9537252,-1.9879879,0.065863915,0.8706509,-1.8269418
75,1.5146081447601318,0.0,0.0,0.0,-0.3330576419830322,-0.3330576419830322,-0.33139235377311704,1.0,0,0.15975047647953033,0.25094854831695557,0.05381810665130615,0.09165792167186737,-0.03361419215798378,-0.007444727700203657,1,0.06308789,-0.04255459,-0.009669752,0.028429955,-0.021139653,-0.09896901,0.062473282,-0.09183628,0.006150662,0.15975048,-0.041511424,0.080141254,-0.008298792,1.0538181,-2.0143871,-0.04070325,0.8998639,-1.9356561,0.025214925,0.9817351,-1.9815412,0.003726527,0.84435415,-1.8561192,0.010627575,1.0,-2.017288,-0.03217426,0.893522,-1.9653468,0.043956913,0.95418423,-1.9796959,0.05165167,0.8319007,-1.8320768
76,1.5350086688995361,0.0,0.0,0.0,-0.33639153838157654,-0.33639153838157654,-0.33470958068966866,1.0,0,0.10428569465875626,0.1703185737133026,0.03631412982940674,0.061320267617702484,-0.06784005463123322,-0.007226668763905764,1,-0.0027207017,-0.043371685,0.010766839,0.00249348,-0.02198815,-0.085344955,0.004084619,-0.068102725,-5.2992254e-05,0.104285695,-0.03240953,0.05147794,-0.025753632,1.0363141,-1.9716207,-0.058753956,0.89191145,-1.9131079,0.021469057,0.993131,-2.0046768,-0.0046957657,0.84684443,-1.8876097,-0.026569843,1.0,-1.9683906,-0.05800591,0.885315,-1.9387114,0.022694442,0.9727002,-2.0046928,0.026589945,0.83712155,-1.8721664
77,1.5542049407958984,0.0,0.0,0.0,-0.3453764021396637,-0.3453764021396637,-0.3436495201289654,1.0,0,0.09602717310190201,0.1827942132949829,0.046663522720336914,0.06738696992397308,-0.05443010851740837,-0.0020130788907408714,1,0.025647596,-0.08457184,-0.026345182,0.019639144,-0.0457279,-0.06380323,-0.022518134,-0.03738895,-0.0016179475,0.09602717,-0.0032296402,0.08498593,-0.030705087,1.0466635,-1.9752408,-0.022735454,0.90432143,-1.9407638,0.043096967,0.9976081,-2.009087,0.021829806,0.8738783,-1.890284,-0.023010809,1.0,-1.9831444,-0.01684371,0.89060307,-1.9599048,0.036341526,0.9863914,-2.0095725,0.05063796,0.8729094,-1.8647882
78,1.5766777992248535,0.0,0.0,0.0,-0.35218870639801025,-0.35218870639801025,-0.3504277628660202,1.0,0,0.06836018711328506,0.1619250625371933,0.05980181694030762,0.07426610589027405,-0.02147781103849411,0.0008396157645620406,1,0.06683024,-0.06836019,-0.052263603,0.0022958207,-0.03409076,-0.062485952,-0.028840667,-0.049703818,-0.03798229,0.054342423,0.039710224,-0.0014109649,-0.01683367,1.0598018,-2.0010583,0.0034950078,0.9197427,-1.9649742,0.05132643,0.9840039,-1.9717301,0.051033463,0.8826643,-1.8484842,0.0032154024,1.0,-2.0167375,0.004183754,0.9095155,-1.98372,0.042674232,0.9690927,-1.9831249,0.06733619,0.8945774,-1.8489075
79,1.594604253768921,0.0,0.0,0.0,-0.33796584606170654,-0.33796584606170654,-0.336276016831398,1.0,0,0.09701830893754959,0.18003498017787933,0.05550062656402588,0.07654338330030441,-0.029232772067189217,-8.95408375072293e-05,1,0.044692647,-0.039237954,-0.02509672,0.04921321,-0.01015919,-0.09701831,-0.0041521545,-0.090502314,-0.020249816,0.08087556,0.025572445,-0.022253659,-0.01613161,1.0555006,-2.010252,-0.018454954,0.90804833,-1.9597585,0.03464386,0.98191094,-1.9646044,0.028227322,0.8663507,-1.8476777,-0.002723815,1.0,-2.017781,-0.0036909906,0.90500057,-1.9888641,0.03339821,0.95476025,-1.9706793,0.05248999,0.8740224,-1.8543538
80,1.6147303581237793,0.0,0.0,0.0,-0.3359253704547882,-0.3359253704547882,-0.33424574360251424,1.0,0,0.1414933204650879,0.21620191633701324,0.042902350425720215,0.07668580114841461,-0.05724145099520683,-0.005064625293016434,1,0.035541706,-0.043049686,-0.002817899,0.0021987266,-0.015112374,-0.08455862,0.038719002,-0.08728315,-0.00744007,0.14149332,-0.042311203,0.07247068,-0.030665725,1.0429024,-1.9802446,-0.046140827,0.8929113,-1.9279387,0.022363119,0.98773676,-1.9909089,0.0006087795,0.84912735,-1.8746427,-0.020003214,1.0,-1.98109,-0.04548121,0.8883776,-1.9533063,0.03397882,0.9615518,-1.9931409,0.04305678,0.836434,-1.8529016
81,1.63468599319458,0.0,0.0,0.0,-0.3430187702178955,-0.3430187702178955,-0.34130367636680603,1.0,0,0.1269904524087906,0.22688382863998413,0.054476022720336914,0.08438995480537415,-0.0593579038977623,-0.008518686518073082,1,0.050947394,-0.07294129,-0.0156082595,0.0003123432,-0.0314317,-0.07475533,0.015124297,-0.08749024,-0.029968603,0.12699045,-0.049797937,0.096707605,-0.02569104,1.054476,-1.9858807,-0.03630814,0.9019707,-1.9267414,0.03797248,0.9975687,-2.0069017,0.0060490817,0.8567155,-1.8708881,-0.010406821,1.0,-1.9905632,-0.036214437,0.89254117,-1.949168,0.04250977,0.97132164,-2.0158923,0.044146217,0.84177613,-1.8418758
82,1.654252290725708,0.0,0.0,0.0,-0.34900203347206116,-0.34900203347206116,-0.3472570233047009,1.0,0,0.06808467954397202,0.1452874392271042,0.06920695304870605,0.08041085302829742,-0.03833780810236931,-0.0030810656026005745,1,0.03656266,-0.04982825,-0.027326267,0.033993073,-0.035392508,-0.06808468,-0.05352025,-0.049647715,-0.026027326,0.020481206,0.046650372,-0.029931232,-0.013208136,1.069207,-1.9942471,-0.015696518,0.92976373,-1.9580843,0.054294787,0.98221254,-1.9920387,0.021818243,0.87235093,-1.8524914,-0.0022393381,1.0,-2.002445,-0.0054985955,0.919146,-1.9785098,0.03823871,0.96731824,-1.9998469,0.027962605,0.88634604,-1.8614707
83,1.67423677444458,0.0,0.0,0.0,-0.34157872200012207,-0.34157872200012207,-0.33987082839012145,1.0,0,0.10272546857595444,0.16028539836406708,0.06182098388671875,0.07736224681138992,-0.03266192227602005,0.003945471253246069,1,0.038892932,-0.040709157,-0.020016918,0.043838732,-0.01938789,-0.10272547,-0.013112012,-0.06794467,-0.00052464736,0.047245104,0.036718674,-0.030025855,-0.017003357,1.061821,-1.989686,-0.019535072,0.9284491,-1.9734795,0.045730263,0.9763256,-1.9764822,0.024244271,0.87534547,-1.864561,-0.005335477,1.0,-1.9956911,-0.0063834516,0.92263275,-2.0042973,0.04179666,0.95594215,-1.9766395,0.0384178,0.88636106,-1.8735688
84,1.6933784484863281,0.0,0.0,0.0,-0.33836448192596436,-0.33836448192596436,-0.3366726595163345,1.0,0,0.09191407263278961,0.18092530965805054,0.04908263683319092,0.07181038707494736,-0.03898020088672638,0.0027835858054459095,1,0.05235931,-0.046955187,-0.029718066,0.044450443,-0.007415965,-0.08920597,-0.016770635,-0.09191407,-0.030802218,0.08228169,0.013176399,-0.017142162,-0.021221414,1.0490826,-1.9904685,-0.028582126,0.905176,-1.9531833,0.032381535,0.9873766,-1.9833053,0.016725965,0.86071986,-1.8774639,-0.0055136215,1.0,-1.9993839,-0.015246992,0.9029512,-1.9799451,0.027350344,0.9598023,-1.992546,0.041410472,0.8646728,-1.8826066
85,1.713257074356079,0.0,0.0,0.0,-0.34342679381370544,-0.34342679381370544,-0.3417096598446369,1.0,0,0.10121066868305206,0.1844509243965149,0.04884171485900879,0.07182997465133667,-0.048452749848365784,-0.005371580366045237,1,0.048924994,-0.056564692,-0.030421054,0.023686562,-0.014200887,-0.058952495,-0.018287158,-0.10121067,-0.05575258,0.097377904,0.008834687,-0.004300704,-0.023678653,1.0488417,-1.9978626,-0.034900814,0.8985164,-1.9287403,0.029299095,0.9955789,-1.9962372,0.007836603,0.8569385,-1.8700143,-0.009001154,1.0,-2.006989,-0.027794845,0.8942562,-1.946426,0.023812948,0.9652157,-2.0129628,0.037049975,0.85958886,-1.8713045
86,1.734149694442749,0.0,0.0,0.0,-0.34207794070243835,-0.34207794070243835,-0.3403675509989262,1.0,0,0.14200884103775024,0.24965453147888184,0.05533552169799805,0.08995075523853302,-0.040538229048252106,-0.007002865429967642,1,0.06914163,-0.08030141,-0.030080814,0.025942195,-0.040785387,-0.09507741,0.04095123,-0.06320812,0.0023985694,0.14200884,-0.03197581,0.10931836,-0.02471064,1.0553355,-1.9980285,-0.03016074,0.906627,-1.9356909,0.034550384,0.9962361,-1.999374,0.0122957975,0.8664979,-1.8655342,-0.0039681513,1.0,-2.0070527,-0.022378081,0.89439136,-1.9642141,0.046835754,0.97727364,-1.9986545,0.054898452,0.8569051,-1.8327386
87,1.7548940181732178,0.0,0.0,0.0,-0.3369033932685852,-0.3369033932685852,-0.3352188763022423,1.0,0,0.11023934185504913,0.20804856717586517,0.06281113624572754,0.08699066191911697,-0.03409562259912491,0.0011189311044290662,1,0.04978447,-0.05512013,-0.0015847927,0.03762319,-0.032257184,-0.11023934,0.037832253,-0.046934966,0.03345673,0.10489429,-0.020373493,0.08357521,-0.016318798,1.0628111,-1.9921907,-0.031587556,0.93679214,-1.9681687,0.048696674,0.9826776,-1.9900222,0.017212972,0.88014024,-1.8791947,-0.0013834564,1.0,-1.9926661,-0.020300599,0.92711496,-2.0012405,0.060046352,0.9685971,-1.9799851,0.04868126,0.8740282,-1.8541222
88,1.7745966911315918,0.0,0.0,0.0,-0.3391631841659546,-0.3391631841659546,-0.3374673682451248,1.0,0,0.10084302723407745,0.16382862627506256,0.056025028228759766,0.0739673599600792,-0.04444770887494087,0.005900494288653135,1,0.038798336,-0.030407915,-0.012653599,0.044380505,-0.009993936,-0.10084303,-0.027524885,-0.084287815,-0.019052116,0.039092373,0.024895018,-0.04047119,-0.016901016,1.056025,-1.9778906,-0.040556725,0.9271342,-1.9631839,0.03934615,0.9841933,-1.9884669,0.011586748,0.8641498,-1.887861,-0.0052615153,1.0,-1.9816867,-0.027242573,0.92413604,-1.9934368,0.031088686,0.958907,-1.9941825,0.023314461,0.87161833,-1.9000024
89,1.79429030418396,0.0,0.0,0.0,-0.3413521647453308,-0.3413521647453308,-0.33964540392160414,1.0,0,0.09902650862932205,0.1725660264492035,0.05476117134094238,0.07351198047399521,-0.04839257523417473,-0.0001547413703519851,1,0.038889214,-0.055265497,-0.024248844,0.019215906,-0.013625276,-0.06506894,-0.031920396,-0.09902651,-0.052587394,0.0772841,0.008444347,-0.01416975,-0.018098839,1.0547612,-1.9908096,-0.038818255,0.908895,-1.9479915,0.03629481,0.98769516,-2.0004666,0.007792309,0.8577701,-1.878526,-0.006432074,1.0,-1.9980842,-0.033053484,0.90480745,-1.9675121,0.026718691,0.9579872,-2.0162427,0.03097754,0.8603034,-1.8827769
90,1.8146898746490479,0.0,0.0,0.0,-0.3443778157234192,-0.3443778157234192,-0.3426559266448021,1.0,0,0.17247942090034485,0.30611222982406616,0.061528563499450684,0.10684596002101898,-0.03470635041594505,-0.009272986091673374,1,0.10824366,-0.09446514,-0.04759857,0.022177381,-0.03333443,-0.09073609,0.062390577,-0.08525932,-0.020458492,0.17247942,-0.05551441,0.1286522,-0.015060075,1.0615286,-2.0105586,-0.032383442,0.9188892,-1.9519733,0.04439672,0.9891714,-1.9982773,0.019941427,0.8645367,-1.8525959,0.017413024,1.0,-2.0248382,-0.025730226,0.9088889,-1.9791942,0.0631139,0.9635936,-2.0044148,0.071685255,0.8478824,-1.8140002
91,1.8343217372894287,0.0,0.0,0.0,-0.33510756492614746,-0.33510756492614746,-0.3334320271015167,1.0,0,0.1492651402950287,0.2718798816204071,0.05887198448181152,0.09884331375360489,-0.031753260642290115,-0.007324072532355785,1,0.08996708,-0.0622351,-0.02324561,0.055175148,-0.031485457,-0.12078617,0.06086805,-0.06631399,0.027423609,0.14926514,-0.038079105,0.10100235,-0.015806533,1.058872,-2.00819,-0.029788882,0.9300433,-1.9601243,0.043124974,0.9841819,-1.9908322,0.022086151,0.8713996,-1.8549337,0.011183592,1.0,-2.0151637,-0.013236336,0.9205977,-1.9963601,0.06138539,0.9642877,-1.9826051,0.0668657,0.8599759,-1.824633
92,1.85429048538208,0.0,0.0,0.0,-0.33486437797546387,-0.33486437797546387,-0.33319005608558655,1.0,0,0.11065099388360977,0.16135402023792267,0.05025601387023926,0.0689106434583664,-0.05678866058588028,0.0030702173244208097,1,-0.0043901717,-0.036538232,0.01413709,0.028515937,-0.021663586,-0.110650994,0.0007239109,-0.040292103,0.039961126,0.07941264,-0.012701033,0.03558485,-0.021921344,1.050256,-1.9703194,-0.04819026,0.9349135,-1.9698416,0.03763769,0.97942615,-1.9967636,0.010548882,0.87338746,-1.8875833,-0.023238396,1.0,-1.9660783,-0.039635476,0.92841446,-2.003037,0.03785486,0.9673385,-1.9847753,0.034372672,0.86957717,-1.8769078
93,1.8743078708648682,0.0,0.0,0.0,-0.3432149291038513,-0.3432149291038513,-0.34149885445833206,1.0,0,0.07445847988128662,0.15470588207244873,0.04465746879577637,0.06258601695299149,-0.06022367998957634,0.005382356699556112,1,0.019325698,-0.050699074,-0.017370712,0.031672735,-0.023711711,-0.066865616,-0.06546315,-0.07445848,-0.034236614,0.025981132,0.031627636,-0.044439953,-0.027808078,1.0446575,-1.9615176,-0.038365237,0.9213482,-1.9655966,0.040062904,0.99019164,-2.0050077,0.024419151,0.87142503,-1.8985033,-0.022010367,1.0,-1.9667288,-0.028863417,0.9142347,-1.9856563,0.02042396,0.9678541,-2.0152788,0.03221349,0.8809133,-1.9118353
94,1.895193099975586,0.0,0.0,0.0,-0.35447773337364197,-0.35447773337364197,-0.3527053447067738,1.0,0,0.09068083763122559,0.2020927518606186,0.05431234836578369,0.07729869335889816,-0.034254040569067,-0.004931307397782803,1,0.0836437,-0.08501468,-0.05779271,0.010912251,-0.022319011,-0.036666166,-0.025203051,-0.07779391,-0.07824746,0.09068084,0.013673754,0.009816241,-0.0142136365,1.0543123,-2.0077798,-0.016675308,0.92275506,-1.9632212,0.05136504,0.98761714,-1.9975076,0.044060398,0.86727476,-1.852949,0.010879474,1.0,-2.0251176,-0.013401633,0.9160594,-1.974221,0.043804124,0.96427894,-2.0209818,0.071264654,0.8713769,-1.8500042
95,1.9148261547088623,0.0,0.0,0.0,-0.34024757146835327,-0.34024757146835327,-0.3385463336110115,1.0,0,0.19187813997268677,0.3508456349372864,0.05756343901157379,0.11556248366832733,-0.019725533202290535,-0.016340790316462517,1,0.13678566,-0.08714182,-0.04525991,0.045925003,-0.022683304,-0.11084024,0.09352786,-0.097822174,-0.009226065,0.19187814,-0.07120676,0.13979134,-0.006918721,1.0544039,-2.0236526,-0.02596721,0.9225391,-1.9591463,0.04288522,0.9815802,-1.98252,0.031891197,0.85971963,-1.8323395,0.034116976,1.0,-2.0372305,-0.01218971,0.9157341,-1.9923984,0.07094358,0.95223355,-1.9852878,0.089454636,0.8383576,-1.7904022
96,1.9329476356506348,0.0,0.0,0.0,-0.33196669816970825,-0.33196669816970825,-0.3303068646788597,1.0,0,0.11737348139286041,0.19723759591579437,0.04763615131378174,0.07523393630981445,-0.04282253608107567,-0.011794083751738071,1,0.02333542,-0.035007622,0.013295927,0.032679293,-0.02705554,-0.11737348,0.026329583,-0.06410964,0.018996743,0.11401116,-0.0253542,0.05073254,-0.012139499,1.0476362,-1.9915168,-0.062033247,0.9314048,-1.9529046,0.03434076,0.9842482,-1.9976118,0.0048761815,0.8567854,-1.8785233,-0.005138873,1.0,-1.9875281,-0.052229457,0.92328817,-1.9881166,0.042239636,0.96501535,-1.9919127,0.039079532,0.84917915,-1.8633035
97,1.9542601108551025,0.0,0.0,0.0,-0.3382743000984192,-0.3382743000984192,-0.3365829285979271,1.0,0,0.09912611544132233,0.14549995958805084,0.03472244739532471,0.05453052371740341,-0.07263664156198502,0.004550765734165907,1,-0.0353179,-0.039071433,0.029572235,0.01118676,-0.01756813,-0.099126115,-0.024518494,-0.029809909,0.033516165,0.05245214,-0.015081528,0.04086838,-0.019678302,1.0347224,-1.9302877,-0.070358396,0.9420025,-1.959769,0.041530848,0.98478967,-2.0141957,0.0074611604,0.8571457,-1.9110117,-0.030273672,1.0,-1.921416,-0.06700237,0.93673205,-1.9895068,0.0341753,0.9758467,-2.0041409,0.023196803,0.85262126,-1.8987511
98,1.974656581878662,0.0,0.0,0.0,-0.35355228185653687,-0.35355228185653687,-0.35178452044725417,1.0,0,0.07852503657341003,0.16264113783836365,0.05299115180969238,0.06960462778806686,-0.04182184115052223,0.006021508481353521,1,0.052406292,-0.061819293,-0.044870336,0.0075137177,-0.03763246,-0.0349327,-0.07852504,-0.05314674,-0.054756314,0.009250389,0.043671105,-0.034583975,-0.010530181,1.0529912,-1.9759232,-0.032460146,0.947469,-1.9855218,0.06291607,0.97863466,-1.9991264,0.0367466,0.86603963,-1.8925116,0.005191708,1.0,-1.9893843,-0.03020603,0.9361793,-1.9960016,0.039358556,0.96269065,-2.0155532,0.039521717,0.879141,-1.9028867
99,1.9943022727966309,0.0,0.0,0.0,-0.3528028130531311,-0.3528028130531311,-0.35103879898786544,1.0,0,0.14168301224708557,0.2598620355129242,0.05371594429016113,0.09068860113620758,-0.01135566271841526,-0.008508710190653801,1,0.1125111,-0.09058587,-0.06721205,0.01418822,-0.007781496,-0.069545165,0.021875484,-0.08734851,-0.074227616,0.14168301,-0.014511532,0.056082003,0.0001245588,1.053716,-2.0229275,-0.025175937,0.9370322,-1.9766585,0.054659083,0.96956164,-1.9717461,0.046117224,0.85416245,-1.8277602,0.03387789,1.0,-2.043091,-0.02091947,0.93469775,-1.997522,0.06122173,0.9433571,-1.9940144,0.08862213,0.849809,-1.8109356
100,2.013575315475464,0.0,0.0,0.0,-0.3320460915565491,-0.3320460915565491,-0.33038586109876633,1.0,0,0.1889520138502121,0.2948592007160187,0.05668560415506363,0.09543216228485107,-0.027249084785580635,-0.018086951225996017,1,0.09410669,-0.047980364,-0.020728266,0.057360847,-0.024482694,-0.11545918,0.06371829,-0.09350608,0.0062662284,0.18895201,-0.04594193,0.086472,-0.009309046,1.0385967,-2.020711,-0.055517133,0.9185797,-1.9518915,0.02707921,0.98492724,-1.9797075,0.01672516,0.85140306,-1.8498131,0.018922962,1.0,-2.0269294,-0.03830888,0.9112349,-1.9865294,0.046194695,0.9568754,-1.9778277,0.073410764,0.8376205,-1.8238715
101,2.0346882343292236,0.0,0.0,0.0,-0.33513784408569336,-0.33513784408569336,-0.33346215486526487,1.0,0,0.10007839649915695,0.14619377255439758,0.030023574829101562,0.05010487139225006,-0.0735863521695137,-0.006679661106318235,1,-0.043997817,-0.03474355,0.034198288,0.016031088,-0.016762635,-0.1000784,-0.015447508,-0.021606779,0.036396075,0.06286465,-0.0061671287,0.022053482,-0.03683523,1.0263742,-1.936394,-0.07200763,0.92827845,-1.9478028,0.024828896,0.99258333,-2.006915,0.014680885,0.8632387,-1.9029392,-0.050034575,1.0,-1.9261345,-0.0671983,0.92324966,-1.9778264,0.020194644,0.9861013,-1.9959962,0.03354028,0.86138856,-1.8963232
102,2.0550639629364014,0.0,0.0,0.0,-0.3449610471725464,-0.3449610471725464,-0.3432362419366837,1.0,0,0.07932405918836594,0.15473248064517975,0.035398244857788086,0.054693251848220825,-0.0646212175488472,0.005633802153170109,1,0.019151775,-0.06802589,-0.010663069,0.017662607,-0.03941512,-0.07932406,-0.026575442,-0.027629253,0.014534163,0.064720504,0.00032370532,0.0693295,-0.018003404,1.0353982,-1.9402648,-0.051082887,0.9504736,-1.9816744,0.052638702,0.9899688,-2.0068543,0.029985704,0.87322736,-1.9181051,-0.012257871,1.0,-1.9434637,-0.045784105,0.93864906,-2.0054717,0.044666067,0.98168,-2.002494,0.049401857,0.87332445,-1.8973063
103,2.0746400356292725,0.0,0.0,0.0,-0.35887861251831055,-0.35887861251831055,-0.357084219455719,1.0,0,0.10186965763568878,0.17832662165164948,0.04831850528717041,0.06951624155044556,-0.015042584389448166,0.0012041152222082019,1,0.10186966,-0.06361402,-0.067876786,-0.0222837,-0.012372922,-0.056166403,-0.022531796,-0.044419117,-0.058922634,0.043846905,0.020023828,0.02623963,-0.00022461265,1.0483185,-1.9953177,-0.020604387,0.9603399,-1.9945375,0.07405424,0.9683772,-1.9672679,0.06361881,0.86684453,-1.8515815,0.030336285,1.0,-2.0156808,-0.027289497,0.956628,-2.0113873,0.0672947,0.9550514,-1.9849447,0.07677288,0.87285167,-1.8437096
104,2.0949437618255615,0.0,0.0,0.0,-0.33753281831741333,-0.33753281831741333,-0.3358451542258263,1.0,0,0.15198354423046112,0.24637152254581451,0.045595064759254456,0.08177635818719864,-0.02255318872630596,-0.013072621077299118,1,0.08961391,-0.048453428,-0.03683769,0.043849945,0.0024073161,-0.08500266,0.025881121,-0.111783415,-0.05480939,0.15198354,-0.0043816343,0.022843592,-0.00018467009,1.0378915,-2.021856,-0.05314386,0.9367361,-1.9649172,0.035729103,0.9763067,-1.9675268,0.02629064,0.8413216,-1.8456423,0.026699504,1.0,-2.0329075,-0.039988875,0.9374583,-1.990418,0.04349344,0.9427717,-1.9839696,0.071885705,0.8400071,-1.8387892
105,2.1147258281707764,0.0,0.0,0.0,-0.33368241786956787,-0.33368241786956787,-0.33201400578022006,1.0,0,0.11147820949554443,0.16372114419937134,0.03344346582889557,0.05030436813831329,-0.06645049154758453,-0.015158753842115402,1,-0.011461783,-0.018005747,0.007117104,0.002869366,-0.012277862,-0.093285814,0.0134265125,-0.055294044,-0.0017891786,0.11147821,-0.023794489,0.034679785,-0.023406334,1.0121365,-1.9708011,-0.08775169,0.9161223,-1.9233389,0.018143855,0.9923523,-1.9938825,0.0050556213,0.842886,-1.890353,-0.02684487,1.0,-1.968666,-0.08689088,0.9124389,-1.9513246,0.022171808,0.9757641,-1.9944193,0.038499087,0.8357476,-1.879949
106,2.1343843936920166,0.0,0.0,0.0,-0.34299346804618835,-0.34299346804618835,-0.3412785007059574,1.0,0,0.08185430616140366,0.15601715445518494,0.024556279182434082,0.04786790907382965,-0.06609268486499786,-0.0033013122156262398,1,-0.002263635,-0.06465762,0.0067170244,0.031747695,-0.03719096,-0.081854306,-0.035442147,-0.023872785,0.015882846,0.07083834,0.0022245722,0.062593505,-0.033589564,1.0218374,-1.9465295,-0.060364883,0.9439754,-1.9637642,0.043424778,1.0010853,-2.0124881,0.027199283,0.8779382,-1.9194565,-0.034268655,1.0,-1.9445144,-0.050840575,0.9328181,-1.9883205,0.032792132,0.9939234,-2.0077233,0.048450787,0.8786056,-1.9006784
107,2.1534197330474854,0.0,0.0,0.0,-0.34801965951919556,-0.34801965951919556,-0.3462795612215996,1.0,0,0.1076110303401947,0.22067880630493164,0.047913432121276855,0.07820598036050797,-0.024053068831562996,0.006454728543758392,1,0.103118986,-0.07905328,-0.052649464,0.009058647,-0.034769606,-0.083761014,0.034049626,-0.019347599,0.016388515,0.085748024,0.001477118,0.10761103,-0.011212535,1.0479134,-1.9768409,-0.01997535,0.97403157,-2.005696,0.07063019,0.9735969,-1.9626039,0.06141645,0.897071,-1.8926107,0.019723162,1.0,-1.9926357,-0.017257756,0.9636007,-2.0308244,0.08084508,0.9677926,-1.9576874,0.08714086,0.89751416,-1.8603274
108,2.1740458011627197,0.0,0.0,0.0,-0.33953434228897095,-0.33953434228897095,-0.3378366705775261,1.0,0,0.11549676209688187,0.2313970923423767,0.04585981369018555,0.08192470669746399,-0.021477466449141502,0.0025594239123165607,1,0.09641171,-0.048359826,-0.03704327,0.051700786,0.0027567465,-0.110491544,0.01958682,-0.10224153,-0.034647696,0.11549676,-0.0067851325,0.0150529025,-0.00089593977,1.0458598,-2.010746,-0.048303306,0.95546085,-1.9928638,0.04720805,0.9689799,-1.95388,0.030913949,0.85681015,-1.8669728,0.028027575,1.0,-2.021859,-0.03279307,0.95628786,-2.0260112,0.053084094,0.9383074,-1.9642743,0.06556298,0.8547746,-1.8624569
109,2.192934989929199,0.0,0.0,0.0,-0.33031418919563293,-0.33031418919563293,-0.32866261824965476,1.0,0,0.0913008600473404,0.151635080575943,0.027390256524086,0.04810832440853119,-0.06884629279375076,-0.008446870371699333,1,0.016659185,0.008803858,-0.01808611,-0.008555517,0.019090071,-0.061653655,0.0035080968,-0.077972695,-0.048105855,0.09130086,0.020135028,-0.030409912,-0.016155586,1.0158745,-1.9683712,-0.09291047,0.9175834,-1.9267412,0.02154237,0.9862038,-1.9869587,0.0044776276,0.83688647,-1.8910208,-0.011157829,1.0,-1.973797,-0.09547713,0.9233104,-1.9452374,0.0225948,0.962812,-2.0013905,0.031867884,0.842927,-1.9001437
110,2.2131800651550293,0.0,0.0,0.0,-0.34925466775894165,-0.34925466775894165,-0.3475083944201469,1.0,0,0.13108772039413452,0.23145875334739685,0.039326317608356476,0.06943760812282562,-0.07555239647626877,-0.013093340210616589,1,0.058579586,-0.088028744,-0.027951114,0.022463536,-0.043885287,-0.08438971,0.009425432,-0.057771698,-0.01552479,0.13108772,-0.024602521,0.10296801,-0.02445513,1.0259528,-1.9699719,-0.071602955,0.93732864,-1.9351909,0.041230828,1.0021876,-2.0137255,0.018774293,0.8606956,-1.8991606,-0.006881254,0.9995442,-1.9783572,-0.0648639,0.92416304,-1.9605079,0.044058457,0.9848561,-2.018383,0.05810061,0.8533148,-1.8682703
111,2.233384847640991,0.0,0.0,0.0,-0.34526482224464417,-0.34526482224464417,-0.34353849813342097,1.0,0,0.12294935435056686,0.24792170524597168,0.05455780029296875,0.08972454071044922,-0.02521916851401329,-0.004071196541190147,1,0.122922495,-0.07133069,-0.05371283,-0.0011731811,-0.030484328,-0.103767455,0.060512103,-0.01604209,0.029718611,0.08216726,0.0036720717,0.122949354,-0.00955449,1.0545578,-1.9980035,-0.019035414,0.98393154,-1.9973326,0.07638684,0.97983754,-1.9679215,0.061790314,0.9065238,-1.8708515,0.027322259,1.0,-2.0141172,-0.019387368,0.9747862,-2.028463,0.09454047,0.97502494,-1.959006,0.08644049,0.90762544,-1.8339667
112,2.2545125484466553,0.0,0.0,0.0,-0.3300497233867645,-0.3300497233867645,-0.3283994747698307,1.0,0,0.14500558376312256,0.24248941242694855,0.043569087982177734,0.08413837105035782,-0.023713333532214165,0.009256655350327492,1,0.06534373,-0.035133336,0.0024989336,0.06900791,-0.014464469,-0.14500558,0.05729576,-0.04362556,0.06643394,0.116461664,-0.02043489,0.060929593,-0.007220231,1.0435691,-1.9884111,-0.036903866,0.9880925,-2.0164235,0.054538995,0.9692987,-1.9400674,0.05084472,0.8917998,-1.888681,0.012382889,1.0,-1.9876614,-0.016201492,0.98375314,-2.059925,0.07172772,0.95621103,-1.9201373,0.08578322,0.88566935,-1.8704022
113,2.2741873264312744,0.0,0.0,0.0,-0.3318023085594177,-0.3318023085594177,-0.33014329701662065,1.0,0,0.07601921260356903,0.13650426268577576,0.02280580997467041,0.04600631073117256,-0.08243659883737564,0.009622881188988686,1,-0.03426111,-0.0058862534,0.025014628,-0.037159286,0.0006026632,-0.07601921,-0.0026024345,-0.056368027,-0.013685821,0.06768315,-0.03288306,0.024604473,-0.020464934,1.0210402,-1.9409262,-0.07924159,0.94079,-1.9688799,0.028740555,0.98172957,-1.9809942,0.0199456,0.85639197,-1.9084564,-0.030743267,1.0,-1.9334219,-0.09038937,0.9409708,-1.9916857,0.027959825,0.96481913,-1.9850999,0.040250547,0.84652704,-1.9010751
114,2.2948601245880127,0.0,0.0,0.0,-0.34923380613327026,-0.34923380613327026,-0.3474876371026039,1.0,0,0.10114102810621262,0.2004164755344391,0.03034234046936035,0.06357701122760773,-0.09219782054424286,-0.005845863372087479,1,0.0902435,-0.059166383,-0.04950402,0.043005534,-0.0027288338,-0.025851209,-0.05305377,-0.074651286,-0.10114103,0.07003174,-0.0047834325,0.0014154575,-0.021804027,1.0272412,-1.960615,-0.06376238,0.95350254,-1.9484819,0.04529997,0.9947805,-2.0096128,0.018099338,0.8476234,-1.8917086,0.0052690245,1.0,-1.9754663,-0.05086072,0.95268387,-1.9562373,0.029383838,0.9723851,-2.0399551,0.03910886,0.84618837,-1.891284
115,2.3151228427886963,0.0,0.0,0.0,-0.36067110300064087,-0.36067110300064087,-0.35886774748563766,1.0,0,0.1080600693821907,0.1733127236366272,0.058014512062072754,0.07675033062696457,-0.030700720846652985,-0.014437025412917137,1,0.10806007,-0.044524983,-0.049733628,-0.028485667,-0.008385897,-0.05989772,-0.02281964,-0.03877054,-0.07278249,0.020095455,0.037991412,0.016326848,0.008088559,1.0580145,-2.0134416,-0.04557288,0.99554926,-1.993266,0.08474401,0.9742199,-1.9801935,0.06279962,0.87192863,-1.8060284,0.040506583,1.0,-2.0283616,-0.05411858,0.99303347,-2.0112352,0.077898115,0.9625887,-2.0020282,0.068828255,0.88332605,-1.8011303
116,2.3347415924072266,0.0,0.0,0.0,-0.3272903561592102,-0.3272903561592102,-0.3256539043784141,1.0,0,0.17619529366493225,0.31837621331214905,0.052858591079711914,0.10825026780366898,-0.016816329210996628,-0.005099102854728699,1,0.12688427,-0.038490254,-0.020111954,0.07707201,-0.009641667,-0.1761953,0.088509396,-0.04301399,0.087429546,0.119933255,-0.058641475,0.105589345,0.0025285706,1.049961,-2.0013096,-0.045786303,1.0155246,-2.0227747,0.06591797,0.96011037,-1.9386976,0.060090028,0.8841131,-1.8418221,0.04059385,1.0,-2.0073433,-0.0226647,1.0,-2.0756333,0.09247079,0.94720614,-1.9124687,0.09607001,0.86652064,-1.8101454
117,2.3552308082580566,0.0,0.0,0.0,-0.3311523199081421,-0.3311523199081421,-0.32949655830860136,1.0,0,0.13169263303279877,0.16320902109146118,0.03950786590576172,0.06088576465845108,-0.06915488839149475,0.01449892669916153,1,-0.013929502,-0.008872472,0.035035174,0.0072497115,0.0011111181,-0.13169263,0.026276564,-0.023516057,0.039901894,0.06669602,-0.012575045,0.017265962,-0.009681702,1.0360862,-1.9290045,-0.07992035,1.003835,-2.0084984,0.04388555,0.95541203,-1.9839438,0.022294477,0.8707988,-1.8885304,-0.013860553,1.0,-1.918494,-0.07774544,1.0,-2.0480063,0.05176852,0.9483572,-1.9719733,0.042303283,0.8670263,-1.8833506
118,2.3744301795959473,0.0,0.0,0.0,-0.324832022190094,-0.324832022190094,-0.32320786207914354,1.0,0,0.084258534014225,0.1898127943277359,0.02527756057679653,0.055943407118320465,-0.11221837252378464,0.015503641217947006,1,-0.04112559,0.038676064,0.045553688,-0.012501957,0.059364475,-0.058985405,-0.084258534,-0.05027101,-0.0672066,-0.0643826,-0.010014487,-0.07223625,-0.02538792,1.0046577,-1.86085,-0.09521654,0.9647712,-1.9690524,0.05249507,0.97416615,-2.0152688,0.019093066,0.8443278,-1.8956889,-0.037725598,1.0,-1.8471838,-0.09896713,0.98258054,-1.9867481,0.02721751,0.95908487,-2.0354307,-0.00022171438,0.84132344,-1.9173597
119,2.394657611846924,0.0,0.0,0.0,-0.36557185649871826,-0.36557185649871826,-0.3637439972162247,1.0,0,0.1394328773021698,0.20088033378124237,0.04182986542582512,0.07167385518550873,-0.06066514924168587,-1.4607322782467236e-06,1,0.13943288,-0.04922701,-0.06226587,-0.005811668,-0.00021455808,-0.045458276,-0.050803278,-0.032832976,-0.08810112,0.015316223,0.02837248,0.0070990697,0.0077546537,1.0361806,-1.9765983,-0.071260154,1.0203578,-1.9932883,0.07914266,0.97616696,-2.0176086,0.047894284,0.82808805,-1.8418564,0.04958452,1.0,-1.995278,-0.07300366,1.0,-2.0069258,0.06390168,0.96631706,-2.044039,0.05248915,0.83659977,-1.8397267
120,2.4130332469940186,0.0,0.0,0.0,-0.3564453125,-0.3564453125,-0.3546630859375,1.0,0,0.11406777799129486,0.22203189134597778,0.04319429397583008,0.08652670681476593,0.005033796187490225,-0.011940180324018002,1,0.11406778,-0.034265723,-0.062217288,-0.060112778,0.042413343,-0.11192104,0.02290713,-0.033604067,-0.0358094,0.032710556,0.0015182,0.09640667,0.02611848,1.0431943,-2.0151095,-0.072329186,1.0381035,-2.0111918,0.10071118,0.93585694,-1.939577,0.06271802,0.85367215,-1.7544,0.060338814,1.0,-2.0337746,-0.09036302,1.0,-2.044768,0.10758332,0.9257757,-1.9503198,0.072531186,0.8541276,-1.725478
121,2.4341344833374023,0.0,0.0,0.0,-0.32159239053726196,-0.32159239053726196,-0.31998442858457565,1.0,0,0.19758591055870056,0.30098482966423035,0.05927586555480957,0.10662667453289032,-0.0306636281311512,-0.0027955651748925447,1,0.10850774,-0.009335655,-0.005998905,0.079722784,0.014912733,-0.19758591,0.043242015,-0.042230286,0.056489173,0.13490978,-0.06386977,0.06286658,0.005177386,1.0463738,-1.9932083,-0.09811289,1.033065,-2.0148447,0.04815886,0.9543419,-1.9620641,0.022453658,0.85774845,-1.815105,0.03772971,1.0,-1.995008,-0.074196056,1.0,-2.0741205,0.061131466,0.9416728,-1.9451174,0.06292659,0.8385875,-1.796245
122,2.456284761428833,0.0,0.0,0.0,-0.33315688371658325,-0.33315688371658325,-0.33149109929800036,1.0,0,0.09228828549385071,0.1603446751832962,0.027686476707458496,0.04744343087077141,-0.09818068146705627,0.018185410648584366,1,-0.08569263,0.011690006,0.06366424,-0.053386662,0.0371194,-0.092288285,-0.018563455,0.012505129,0.010872558,-0.018881695,-0.020200761,-0.0069643226,-0.029101893,0.9974998,-1.8507739,-0.1354736,1.0081853,-1.989551,0.058177218,0.95879805,-2.0167992,0.02638968,0.8360023,-1.8701427,-0.054809682,1.0,-1.8316747,-0.15148959,1.0,-2.0172374,0.05260818,0.96254957,-2.0135374,0.020725172,0.82994205,-1.872232
123,2.4745748043060303,0.0,0.0,0.0,-0.33361107110977173,-0.33361107110977173,-0.33194301575422286,1.0,0,0.09688881784677505,0.17344889044761658,0.02906668186187744,0.05189028009772301,-0.10968171060085297,0.025848563760519028,1,0.0063596363,0.017382737,0.037276812,0.024728922,0.026993008,-0.09688882,-0.07463228,-0.06471714,-0.041690387,-0.050543506,0.011435772,-0.05867685,0.033604138,0.9903781,-1.8134174,-0.116671324,0.9928889,-1.9794916,0.06548421,0.9623182,-2.0432549,0.02682285,0.8128338,-1.875892,0.03551203,0.9955929,-1.8022344,-0.10925265,1.0,-2.0085583,0.043094527,0.94290304,-2.055762,0.011659798,0.8162645,-1.8934951
124,2.494678020477295,0.0,0.0,0.0,-0.3608241379261017,-0.3608241379261017,-0.3590200172364712,1.0,0,0.13447394967079163,0.2015201598405838,0.05227792263031006,0.08426861464977264,-0.02939586713910103,0.012525958009064198,1,0.13447395,-0.035113864,-0.056079328,-0.05647309,0.035132356,-0.0721539,-0.004197439,-0.040215947,-0.05996179,0.0061002923,0.020440677,0.05323713,0.033221893,1.0305833,-1.9497615,-0.103474416,1.0522779,-2.019563,0.114839345,0.92375374,-1.9889009,0.058853675,0.81466216,-1.8040016,0.07356408,1.0,-1.9665853,-0.12041634,1.0,-2.0412092,0.113580115,0.9116889,-2.0068893,0.06068376,0.82079434,-1.7880304
125,2.5144171714782715,0.0,0.0,0.0,-0.347909539937973,-0.347909539937973,-0.34616999223828315,1.0,0,0.17373891174793243,0.3469485342502594,0.05212167650461197,0.11918358504772186,-0.0020842631347477436,-0.008707499131560326,1,0.17373891,-0.064534456,-0.09161415,0.093186416,0.031111496,-0.15447746,0.0038615982,-0.08144494,-0.04215825,0.15247807,-0.06694242,0.08921296,0.03343507,1.0436988,-1.9949443,-0.123219915,1.0438575,-2.0192513,0.09959464,0.91585004,-1.9329748,0.058523927,0.83023185,-1.7199874,0.085556746,1.0,-2.0224285,-0.09526399,1.0,-2.0655947,0.10075311,0.89141655,-1.9456223,0.104267344,0.81014913,-1.6932235
126,2.5345888137817383,0.0,0.0,0.0,-0.3329569697380066,-0.3329569697380066,-0.33129218488931655,1.0,0,0.15381772816181183,0.20574164390563965,0.04614531993865967,0.06229013949632645,-0.06545943766832352,-0.0056756832636892796,1,0.020545203,0.009658982,0.014691741,0.023851806,0.015260071,-0.15381773,0.049359675,-0.021563103,0.027790712,0.11054088,-0.010084053,0.033794343,-0.014826037,1.008202,-1.9299854,-0.14448284,1.0056989,-1.9750541,0.030306838,0.94532335,-2.004662,0.022093147,0.8195915,-1.8131211,-0.008662475,1.0,-1.9255779,-0.1373273,1.0,-2.0211995,0.04511474,0.9388544,-1.9963248,0.055255413,0.8165663,-1.8029828
127,2.5532608032226562,0.0,0.0,0.0,-0.3331258296966553,-0.3331258296966553,-0.331460200548172,1.0,0,0.0791516974568367,0.15003281831741333,0.02374553680419922,0.04472371190786362,-0.12421606481075287,0.011307789944112301,1,-0.05821406,0.0072584716,0.053780485,-0.039855637,0.033902373,-0.0791517,-0.057868317,0.003525467,-0.020054674,-0.028178336,-0.051134996,-0.0009698706,-0.04921224,0.983753,-1.7977077,-0.15399158,0.99118155,-1.9715749,0.05633825,0.94925475,-2.0463166,0.039019894,0.811296,-1.848187,-0.06667646,0.98593056,-1.7815735,-0.16594827,1.0,-1.9953204,0.038977757,0.9503124,-2.052333,0.030566392,0.7959555,-1.848478
128,2.5732994079589844,0.0,0.0,0.0,-0.3493344783782959,-0.3493344783782959,-0.34758780598640443,1.0,0,0.12021024525165558,0.20988106727600098,0.03606307506561279,0.06296428292989731,-0.08376501500606537,0.02356822043657303,1,0.03872137,-0.025150126,-0.01170058,0.03070322,-0.022996495,0.014124226,-0.11793121,0.002835929,-0.07726539,-0.04528882,0.120210245,-0.06101583,-0.0050996765,0.9889712,-1.828519,-0.110600084,1.0048012,-1.9873359,0.10799484,0.93993896,-2.031079,0.076138526,0.8263535,-1.8529936,0.006516735,0.9814261,-1.8320291,-0.10138912,0.9979022,-1.9830986,0.072615474,0.94078976,-2.0542586,0.06255188,0.86241657,-1.8712983
129,2.594359874725342,0.0,0.0,0.0,-0.3640407919883728,-0.3640407919883728,-0.36222058802843093,1.0,0,0.10071667283773422,0.21348139643669128,0.03431570529937744,0.0706191286444664,-0.01334892213344574,0.011361422017216682,1,0.09846279,-0.08617137,-0.048577048,-0.009160716,-0.0003593936,-0.067594305,-0.0006764639,-0.059743017,-0.066314645,0.10071667,0.0042100893,0.0575519,0.015783444,1.0343157,-1.9582782,-0.0965002,1.0193938,-2.0084283,0.081010416,0.92275053,-1.9436587,0.103725076,0.83740324,-1.7603447,0.045322284,1.0,-1.9728513,-0.09924842,1.0,-2.0287066,0.08080748,0.90482765,-1.9635531,0.13394007,0.83866626,-1.7430792
130,2.61554217338562,0.0,0.0,0.0,-0.33592724800109863,-0.33592724800109863,-0.33424761176109313,1.0,0,0.17935822904109955,0.3622503876686096,0.053807467222213745,0.10867512971162796,-0.019466634839773178,-0.005529395304620266,1,0.17730732,-0.034959428,-0.077573165,0.121417396,0.042872418,-0.16568957,-0.003185393,-0.10818622,-0.011985089,0.17935823,-0.053288337,0.04058777,0.0024228618,1.0082955,-1.9700946,-0.11990485,0.9865715,-2.0027812,0.013012536,0.95361465,-1.9451311,0.051228553,0.8252745,-1.7811099,0.05561506,0.9978077,-1.9933665,-0.08347963,0.9994332,-2.052488,0.012056918,0.9211588,-1.9487265,0.10503602,0.809288,-1.7689337
131,2.634734630584717,0.0,0.0,0.0,-0.3407520353794098,-0.3407520353794098,-0.33904827520251274,1.0,0,0.09947507828474045,0.15794812142848969,0.029842525720596313,0.04738443344831467,-0.0851985365152359,-0.0038259904831647873,1,-0.09947508,0.016350994,0.05277361,-0.059835706,0.005952516,-0.082245246,-0.012674838,-0.012482559,-0.009043421,0.03453579,0.005371405,0.00025378168,-0.02219639,0.9941418,-1.8914691,-0.14527358,0.97537315,-1.960941,0.028718181,0.97340125,-2.0168648,0.030383289,0.82320255,-1.8248423,-0.052038915,0.9990471,-1.875637,-0.1632243,0.9771589,-1.9856145,0.024915729,0.96965647,-2.0195777,0.04074403,0.82481396,-1.8247662
132,2.6534526348114014,0.0,0.0,0.0,-0.335487425327301,-0.335487425327301,-0.33380998820066454,1.0,0,0.07437358051538467,0.12193557620048523,0.022312074899673462,0.036580707877874374,-0.11624541133642197,0.006222436670213938,1,-0.07437358,0.009864719,0.05310398,-0.024361096,0.02489979,-0.052521985,-0.03907256,-0.0021870593,-0.0045315684,-0.014277421,-0.02546592,0.006568739,-0.030136347,0.9731916,-1.808554,-0.15389569,0.97382367,-1.9367241,0.057849072,0.9688294,-2.029587,0.039064158,0.799479,-1.8475978,-0.05244842,0.97615105,-1.7926228,-0.16120403,0.9812936,-1.9524807,0.046127304,0.96817327,-2.0309465,0.03478093,0.79183924,-1.8456272
133,2.675297737121582,0.0,0.0,0.0,-0.35450488328933716,-0.35450488328933716,-0.35273235887289045,1.0,0,0.09364905208349228,0.17474234104156494,0.028094708919525146,0.05248880386352539,-0.05730854719877243,0.008917438797652721,1,0.04537607,-0.034928955,-0.015912298,-0.002772124,-0.021295883,-0.009139131,-0.09026598,-0.014069664,-0.07703465,-0.03369765,0.09364905,-0.04766579,-0.039480474,1.0054852,-1.8998681,-0.10300969,1.0069102,-1.9813972,0.09024392,0.9490748,-1.97999,0.10058912,0.84083945,-1.8243498,-0.025867652,0.9950065,-1.9046419,-0.10384133,1.0,-1.9841388,0.06316412,0.9448539,-2.0031004,0.09047982,0.86893415,-1.8386495
134,2.6945910453796387,0.0,0.0,0.0,-0.35684022307395935,-0.35684022307395935,-0.35505602195858954,1.0,0,0.12903469800949097,0.26642045378685,0.03871035575866699,0.07990699261426926,-0.013508553616702557,0.002083864761516452,1,0.11906874,-0.09160944,-0.07954833,-0.019587396,0.015664445,-0.1290347,0.011224245,-0.048887473,-0.0324357,0.10373941,-0.033777904,0.09660448,-0.0053753033,1.0209311,-1.9424154,-0.091801226,1.0043621,-2.0125306,0.018901438,0.94747317,-1.9199457,0.10263425,0.8386585,-1.770571,0.03034532,0.9934483,-1.9662799,-0.09767745,1.0,-2.051241,0.02226871,0.9328069,-1.9296764,0.13375607,0.8285251,-1.7415897
135,2.7145743370056152,0.0,0.0,0.0,-0.33470332622528076,-0.33470332622528076,-0.33302980959415435,1.0,0,0.18535664677619934,0.3246592879295349,0.05560699477791786,0.09739778190851212,-0.025855666026473045,-0.004355953074991703,1,0.11735427,-0.044213753,-0.021502681,0.09377652,-0.025505612,-0.15375075,0.07244845,-0.07451509,0.034366746,0.18535665,-0.033105344,0.09324783,-0.0040332824,1.0047406,-1.9536076,-0.110472195,0.9780135,-2.008307,-0.010721207,0.9829565,-1.9466537,0.052276958,0.83995,-1.800324,0.031172998,0.9914765,-1.9600583,-0.08233924,0.9703618,-2.0544322,0.011013329,0.960602,-1.9363437,0.10788395,0.8300184,-1.7723496
136,2.734365701675415,0.0,0.0,0.0,-0.3382112979888916,-0.3382112979888916,-0.33652024149894716,1.0,0,0.07720832526683807,0.12392938882112503,0.023162484169006348,0.03717883303761482,-0.09248869866132736,-0.0019426235230639577,1,-0.05382508,0.00770925,0.040649842,-0.029356265,0.0015498918,-0.077208325,-0.022043373,-0.022992598,-0.02892046,0.044390436,-0.008881294,0.004882918,-0.051603306,0.96921194,-1.8588363,-0.14371231,0.95228016,-1.9415764,0.025993288,0.98506653,-1.9852026,0.03882503,0.804565,-1.8348583,-0.06775083,0.9715247,-1.8466413,-0.1525192,0.95274514,-1.9647388,0.019380275,0.9781687,-1.9938787,0.052142162,0.8019006,-1.8333935
137,2.75386905670166,0.0,0.0,0.0,-0.3485957086086273,-0.3485957086086273,-0.3468527300655842,1.0,0,0.052010368555784225,0.1353430151939392,0.015603110194206238,0.0406029038131237,-0.09818802773952484,0.0019564777612686157,1,-0.05201037,-0.041866805,0.04787223,-0.025651207,-0.028604647,-0.045539256,-0.04862614,-0.03683211,-0.029337406,0.033552427,0.00094322005,0.04805824,-0.034526758,0.98782647,-1.8440037,-0.14223057,0.9719991,-1.945234,0.048672087,0.9957153,-2.0011525,0.04269411,0.7935997,-1.8411531,-0.050129868,0.9752664,-1.829642,-0.14992593,0.9634177,-1.9588957,0.034084246,0.9846657,-2.0099537,0.05275984,0.79388267,-1.8267356
138,2.7731339931488037,0.0,0.0,0.0,-0.35586613416671753,-0.35586613416671753,-0.35408680349588395,1.0,0,0.07730750739574432,0.15095634758472443,0.023192226886749268,0.048207469284534454,-0.04009334370493889,0.005427896045148373,1,0.06893869,-0.031311996,-0.035375904,-0.0268585,-0.009047605,-0.03496107,-0.060576383,-0.006924581,-0.052738544,-0.033259973,0.07730751,-0.014013769,0.0024157315,1.0113482,-1.9112471,-0.11358889,1.0154881,-1.9844891,0.08343418,0.95216316,-1.9366702,0.08913535,0.8243588,-1.8018057,0.023097338,1.0,-1.9218599,-0.12164644,1.0,-1.9949774,0.06526126,0.95008576,-1.9524918,0.07915735,0.84755105,-1.8060099
139,2.79642391204834,0.0,0.0,0.0,-0.3465781807899475,-0.3465781807899475,-0.3448452898859978,1.0,0,0.15260004997253418,0.2716311812400818,0.04577994346618652,0.0845562219619751,-0.007149821612983942,0.006844933144748211,1,0.12506829,-0.051602587,-0.05999301,0.046524975,0.0155599965,-0.15260005,0.005246847,-0.07376766,0.0067834198,0.13248318,-0.027076704,0.048844814,0.011522792,1.0124929,-1.9410584,-0.09822578,1.0230442,-2.0139122,0.024614356,0.9488423,-1.903426,0.0933719,0.8282043,-1.7882569,0.049043283,0.99701214,-1.9590563,-0.08426829,1.0,-2.0596921,0.02618841,0.926712,-1.901391,0.13311686,0.82008123,-1.7736034
140,2.813682794570923,0.0,0.0,0.0,-0.3465538024902344,-0.3465538024902344,-0.3448210334777832,1.0,0,0.11291857063770294,0.16496123373508453,0.03387557342648506,0.04948830604553223,-0.04756425693631172,0.006541869603097439,1,-0.012393647,-0.017222412,0.021819597,0.01581076,-0.033903763,-0.07516973,0.025695682,-0.06369024,0.017976865,0.11291857,0.007231968,0.037325278,-0.013765842,0.9860098,-1.9060049,-0.121887214,0.9841844,-2.003858,0.010276958,0.9902775,-1.9401886,0.05331951,0.8114246,-1.8309143,-0.017483937,0.98084307,-1.899459,-0.11714399,0.97401327,-2.026409,0.017985662,0.9711705,-1.9347956,0.08719508,0.8135942,-1.8197167
141,2.8350460529327393,0.0,0.0,0.0,-0.339358389377594,-0.339358389377594,-0.337661597430706,1.0,0,0.0781116709113121,0.1646079421043396,0.023433499038219452,0.04938230291008949,-0.09818576276302338,-0.00150210945867002,1,-0.025410408,-0.020278826,0.031372465,-0.022639237,-0.010535465,-0.058596674,-0.044546075,-0.06772188,-0.070206635,0.07811167,-0.048741173,0.031950135,-0.050226223,0.96735203,-1.8547108,-0.13367124,0.9461891,-1.9326117,0.009919107,1.0120413,-1.9792969,0.047395073,0.7963017,-1.8422796,-0.057849344,0.96126837,-1.8452991,-0.14046301,0.94302845,-1.9501907,-0.0034447163,0.9917248,-2.0003588,0.07082857,0.7816794,-1.8326945
142,2.854748487472534,0.0,0.0,0.0,-0.35823947191238403,-0.35823947191238403,-0.35644827455282213,1.0,0,0.09346015006303787,0.1689237803220749,0.02803802490234375,0.0506771095097065,-0.06748036295175552,-0.006554357707500458,1,0.07860226,-0.060554273,-0.027686128,0.0046333834,-0.027199425,-0.052416846,-0.009579187,-0.016738983,-0.039525,0.057547223,0.02083557,0.09346015,-0.011073306,0.9979768,-1.9036785,-0.11537142,0.9949748,-1.9683602,0.05392173,1.0028067,-1.9774487,0.06710583,0.80261517,-1.8199962,0.0125073735,0.9798105,-1.9119843,-0.1139814,0.986815,-1.9840852,0.051047973,0.997785,-1.9893062,0.084369995,0.80886585,-1.7919582
143,2.874885082244873,0.0,0.0,0.0,-0.3534214496612549,-0.3534214496612549,-0.35165434241294863,1.0,0,0.09122827649116516,0.151449054479599,0.02736842632293701,0.05084805190563202,-0.008885050192475319,0.0010452253045514226,1,0.08192587,-0.03390605,-0.030358655,-0.030052945,-0.007822996,-0.09122828,0.016718922,-0.045317866,-0.0131877875,0.020130655,0.03976179,0.019321738,0.01272919,1.0058116,-1.9303741,-0.09300254,1.0229504,-1.9972705,0.0706339,0.9665741,-1.9168129,0.10014285,0.8347082,-1.7774713,0.03730695,0.99563974,-1.9394817,-0.10201843,1.0,-2.024639,0.07564958,0.95297873,-1.9207692,0.106182046,0.8466368,-1.7716748
144,2.894725799560547,0.0,0.0,0.0,-0.3285166621208191,-0.3285166621208191,-0.326874078810215,1.0,0,0.1661476492881775,0.27828723192214966,0.04984426498413086,0.084630087018013,-0.027286997064948082,0.009327101521193981,1,0.11193518,-0.016471561,-0.005903655,0.0766992,-0.004498878,-0.16614765,0.05829888,-0.05539738,0.050437465,0.12769222,-0.044730607,0.06150109,-0.00031081587,0.9869858,-1.8849277,-0.111866646,1.0139332,-2.0080822,0.017017715,0.97056824,-1.9379212,0.06481657,0.8122846,-1.8277618,0.03326974,0.98204434,-1.8866988,-0.08885688,1.0,-2.0579264,0.03450738,0.95394903,-1.9227899,0.10312424,0.7988654,-1.8093114
145,2.914844274520874,0.0,0.0,0.0,-0.33984431624412537,-0.33984431624412537,-0.3381450946629047,1.0,0,0.06942790001630783,0.1541006863117218,0.02082836627960205,0.046230219304561615,-0.08246862888336182,0.00935975182801485,1,-0.03869458,-0.0012196874,0.050974134,-0.0527757,-0.0008297202,-0.0694279,0.016575139,-0.06940437,-0.027411574,0.0693643,-0.020268328,0.031279348,-0.029658891,0.9679395,-1.8366275,-0.14354065,0.96871436,-1.9462327,0.026025645,0.9975575,-1.9744849,0.044391844,0.7774742,-1.8317716,-0.041267265,0.9675736,-1.8213352,-0.15937336,0.96846545,-1.967061,0.030998187,0.9767362,-1.9827083,0.06520113,0.7713937,-1.8223878
146,2.934410333633423,0.0,0.0,0.0,-0.3509146571159363,-0.3509146571159363,-0.34916008383035657,1.0,0,0.12092460691928864,0.2025504857301712,0.03627729415893555,0.06076508015394211,-0.08509247750043869,-0.0011675803689286113,1,0.047144618,-0.057218153,-0.027022203,0.03777894,-0.02019726,-0.015129208,-0.114629716,-0.06121563,-0.12092461,0.008440199,0.015366467,-0.03030587,-0.013228416,0.9878003,-1.8688003,-0.13309927,0.99884224,-1.9485284,0.04664345,0.9958173,-1.9904389,0.048370462,0.77740175,-1.817428,0.0009149695,0.9706349,-1.876907,-0.12176559,0.99278307,-1.9530672,0.012254536,0.97745264,-2.0267162,0.050902523,0.7820117,-1.8265197
147,2.954247236251831,0.0,0.0,0.0,-0.35712671279907227,-0.35712671279907227,-0.3553410792350769,1.0,0,0.10439938306808472,0.17430776357650757,0.031319815665483475,0.05863459035754204,-0.019784577190876007,-0.0049908580258488655,1,0.10439938,-0.038626753,-0.04489663,-0.046803128,0.003689561,-0.07254921,0.0033092909,-0.036047027,-0.057802204,0.016592102,0.0556428,0.022041949,0.008293197,0.99696606,-1.9278408,-0.10785385,1.0265472,-1.9760199,0.070315674,0.9815562,-1.9523731,0.09416504,0.8074886,-1.7611759,0.039613012,0.985378,-1.9413098,-0.12189479,1.0,-1.9977846,0.071308464,0.97074205,-1.9697138,0.09914267,0.82418144,-1.7545633
148,2.974801778793335,0.0,0.0,0.0,-0.33091118931770325,-0.33091118931770325,-0.3292566333711147,1.0,0,0.17012478411197662,0.3100908398628235,0.05103754997253418,0.09950511902570724,-0.01352823618799448,0.0043225535191595554,1,0.11541912,-0.035016548,-0.008851556,0.106112316,-0.010336428,-0.17012478,0.05887214,-0.038373694,0.07539533,0.14367063,-0.04314485,0.089974925,-0.00424736,0.9878838,-1.9182628,-0.09688468,1.0354514,-2.0021906,0.04970877,0.976924,-1.9188904,0.09036053,0.82488817,-1.8027881,0.030378379,0.97737885,-1.9209183,-0.06505099,1.0,-2.0532281,0.067370415,0.9654119,-1.8962717,0.13346171,0.8119447,-1.7757957
149,2.9933230876922607,0.0,0.0,0.0,-0.3376426696777344,-0.3376426696777344,-0.3359544563293457,1.0,0,0.11396040767431259,0.14868225157260895,0.034188151359558105,0.04460469260811806,-0.06403333693742752,0.01461359765380621,1,0.0004480778,-0.0048099165,0.026186401,0.015502236,0.0010721611,-0.11396041,0.029291652,-0.019769356,0.028767098,0.07519634,0.017249523,0.011853091,-0.028533421,0.9723201,-1.837949,-0.12123765,0.99318427,-1.9796356,0.007774286,0.9893306,-1.977588,0.061735313,0.7950268,-1.8368785,-0.028398998,0.9708771,-1.8300931,-0.11658698,0.9935059,-2.0138237,0.016561782,0.9833998,-1.9689579,0.084294215,0.80020165,-1.8333226
150,3.0132954120635986,0.0,0.0,0.0,-0.34217530488967896,-0.34217530488967896,-0.34046442836523055,1.0,0,0.10247988998889923,0.17365367710590363,0.030743956565856934,0.052096057683229446,-0.09834830462932587,0.009354918263852596,1,0.020603798,-0.017939702,0.01911965,-0.021244379,0.010713953,-0.04228681,-0.06367862,-0.10128287,-0.10247989,-0.0028173923,-0.0031872483,-0.043081217,-0.04547503,0.969547,-1.8190042,-0.13652895,0.9702872,-1.9443476,0.040120497,0.9925404,-1.9953495,0.051818658,0.78532046,-1.8325009,-0.03929389,0.9641651,-1.8132683,-0.14290227,0.9735014,-1.9570336,0.02101691,0.9621556,-2.0260935,0.05097344,0.7843643,-1.8454252
151,3.0336663722991943,0.0,0.0,0.0,-0.3654463291168213,-0.3654463291168213,-0.36361909747123716,1.0,0,0.10550806671380997,0.192787766456604,0.03165242075920105,0.06189458444714546,-0.04802677035331726,-0.00627447385340929,1,0.10550807,-0.041538745,-0.051673193,-0.00490897,-0.0071495073,-0.02945106,-0.07930571,-0.02828567,-0.09369255,-0.022299835,0.05889656,-0.029379342,0.009235568,0.993049,-1.919575,-0.12275907,1.022147,-1.9515332,0.08853485,0.9796444,-1.9754267,0.07382951,0.7727943,-1.7625415,0.04088799,0.9805874,-1.935077,-0.124231756,1.0,-1.9603685,0.06474313,0.97115874,-2.0035346,0.06713956,0.79046327,-1.7713554
152,3.0546135902404785,0.0,0.0,0.0,-0.3515668511390686,-0.3515668511390686,-0.34980901688337324,1.0,0,0.1394503265619278,0.2523496150970459,0.04183506965637207,0.08312013000249863,-0.009532414376735687,-0.011082666926085949,1,0.119245306,-0.048473593,-0.05268577,0.020755531,0.01165818,-0.13945033,0.042922866,-0.07006373,-0.0178079,0.1078829,-0.022674331,0.07142156,0.012039542,0.9983036,-1.9366698,-0.1186464,1.0344958,-1.9737098,0.067880675,0.9623863,-1.925127,0.08700957,0.8094584,-1.7442223,0.047813136,0.9837615,-1.9524755,-0.11241974,1.0,-2.015545,0.080757536,0.9413672,-1.9304694,0.11937444,0.80265605,-1.7227958
153,3.0764224529266357,0.0,0.0,0.0,-0.32547369599342346,-0.32547369599342346,-0.3238463275134563,1.0,0,0.19419345259666443,0.2628590166568756,0.058258056640625,0.08141396939754486,-0.046674471348524094,0.004600598942488432,1,0.08852677,-0.014011677,0.0006110814,0.06926206,0.01571992,-0.19419345,0.0445346,-0.019749552,0.06672837,0.09620148,-0.030801546,0.035724096,-0.014645979,0.98730326,-1.8810756,-0.12431075,1.0207831,-1.9987357,0.013007365,0.97329766,-1.9620571,0.058760367,0.80674237,-1.8177618,0.011912053,0.98309976,-1.8808923,-0.10353213,1.0,-2.0569937,0.026367746,0.9673728,-1.9420387,0.08762081,0.7975019,-1.8070445
154,3.0941805839538574,0.0,0.0,0.0,-0.3411101698875427,-0.3411101698875427,-0.339404619038105,1.0,0,0.09367714822292328,0.15842467546463013,0.028103142976760864,0.04825398325920105,-0.09117662161588669,0.02229839377105236,1,-0.09367715,-0.0051877424,0.08440206,-0.04245761,0.007060229,-0.07784299,-0.027394414,-0.0052597965,0.012182342,-0.006223864,-0.016638353,0.004268885,-0.019936495,0.976429,-1.7789158,-0.13376069,1.0086069,-1.9891238,0.050252132,0.9550921,-1.9903506,0.050275926,0.8066554,-1.8323834,-0.048039638,0.97487265,-1.7535951,-0.14649798,1.0,-2.0124767,0.042033806,0.95351416,-1.9866959,0.048408765,0.8016639,-1.8311027
155,3.113626003265381,0.0,0.0,0.0,-0.3532037138938904,-0.3532037138938904,-0.35143769532442093,1.0,0,0.08282657712697983,0.15104828774929047,0.024847976863384247,0.04787897318601608,-0.07654964178800583,0.02261996455490589,1,0.04089933,-0.032076914,-0.009866059,0.017316937,-0.005425438,-0.037555344,-0.08282658,-0.04949078,-0.07046909,-0.032476712,0.040252972,-0.03641889,-0.0036291778,0.9945198,-1.8154131,-0.1292606,1.0155448,-1.9769857,0.08295413,0.94836676,-1.9922361,0.061927833,0.7809564,-1.8191493,0.008640622,0.9848968,-1.818373,-0.12406552,1.0,-1.9882523,0.058106154,0.93351954,-2.013377,0.05218482,0.7930323,-1.8300749
156,3.1345722675323486,0.0,0.0,0.0,-0.36291253566741943,-0.36291253566741943,-0.36109797298908236,1.0,0,0.13999749720096588,0.23630669713020325,0.041999250650405884,0.08158950507640839,-0.028609735891222954,0.004152426961809397,1,0.1399975,-0.06933259,-0.06429857,-0.0027847597,0.010828333,-0.09044404,0.012547785,-0.0625922,-0.071921125,0.08092652,-0.0037203936,0.05642953,0.02319286,1.0101793,-1.9043708,-0.117896535,1.0405182,-1.9911335,0.07785759,0.94542754,-1.9551494,0.08350989,0.7796268,-1.7438918,0.06519211,0.9893795,-1.9236604,-0.11873196,1.0,-2.0182667,0.08162193,0.92664987,-1.9767257,0.10778785,0.7785107,-1.7269629
157,3.154552698135376,0.0,0.0,0.0,-0.3383028507232666,-0.3383028507232666,-0.33661133646965025,1.0,0,0.1557551473379135,0.29166391491889954,0.04672658443450928,0.09303462505340576,-0.02554764598608017,-0.006997875403612852,1,0.13735278,-0.027314475,-0.040632423,0.089308485,0.020115562,-0.15575515,0.014774126,-0.09520616,-0.016755354,0.14243686,-0.022273727,0.0285842,0.015404291,1.0045872,-1.9224252,-0.14694294,1.032183,-1.9755036,0.05077994,0.9492463,-1.9322368,0.058252566,0.79183286,-1.7343854,0.056610126,0.99639285,-1.9346149,-0.120150395,1.0,-2.0222301,0.055212177,0.92068446,-1.9372634,0.10098363,0.78515077,-1.72581
158,3.1734275817871094,0.0,0.0,0.0,-0.3306637108325958,-0.3306637108325958,-0.3290103922784328,1.0,0,0.14730755984783173,0.16501937806606293,0.04419231414794922,0.05465439334511757,-0.0745481327176094,0.004962364211678505,1,-0.018017339,-0.007515788,0.043071825,0.008771935,-0.002299406,-0.14730756,-0.009816127,-0.014921845,0.01899368,0.04502249,-0.016501185,0.015305408,-0.02364853,0.9894777,-1.8312094,-0.1497586,1.0231678,-1.9834387,0.03220485,0.95138264,-1.9978967,0.053011697,0.80022025,-1.7998691,-0.029053733,0.98722297,-1.8182878,-0.14712703,1.0,-2.027631,0.029260013,0.9469061,-1.9921986,0.06651844,0.7952699,-1.7952775
159,3.1945576667785645,0.0,0.0,0.0,-0.3460596799850464,-0.3460596799850464,-0.34432938158512116,1.0,0,0.08751988410949707,0.1342010498046875,0.026256084442138672,0.04050774872303009,-0.08690112829208374,0.021557869389653206,1,-0.039551985,-0.021745367,0.060699258,-0.0030693323,-0.009940502,-0.087519884,-0.04321544,-0.016524762,0.012481153,0.0043251924,-0.0065890015,0.046495102,-0.040833816,0.98523045,-1.7635463,-0.12856242,1.005373,-1.9845569,0.061305776,0.9370474,-2.0163703,0.0689749,0.81267095,-1.8253473,-0.052699413,0.97870684,-1.7453365,-0.12948322,1.0,-2.010813,0.048341144,0.93209,-2.012626,0.07027245,0.8106942,-1.8113987
160,3.2135009765625,0.0,0.0,0.0,-0.3607974648475647,-0.3607974648475647,-0.3589934775233269,1.0,0,0.09224308282136917,0.1836068332195282,0.037045955657958984,0.06608831882476807,-0.04318541660904884,0.019892608746886253,1,0.07110852,-0.058983892,-0.033499837,0.013807465,-0.020755852,-0.014874167,-0.09224308,-0.02795519,-0.0878897,-0.0090411585,0.07018342,-0.034477297,0.0013910979,1.0136251,-1.8669858,-0.11621811,1.037046,-1.9943311,0.1028805,0.9163923,-1.952343,0.097733915,0.8138695,-1.7766547,0.022723654,0.99592996,-1.8770357,-0.11207587,1.0,-1.9987934,0.075207576,0.9080058,-1.9787099,0.09502157,0.8349245,-1.7869979
161,3.2342631816864014,0.0,0.0,0.0,-0.3512703776359558,-0.3512703776359558,-0.349514025747776,1.0,0,0.15308032929897308,0.27921444177627563,0.0459241047501564,0.08944068849086761,-0.022533535957336426,0.0032100991811603308,1,0.121684924,-0.07672608,-0.041908488,0.067079075,0.0026766253,-0.109007925,0.022223694,-0.09345525,-0.053499475,0.15308033,-0.02277226,0.055485554,0.0048820674,1.0005457,-1.9101608,-0.13385196,1.0313658,-1.9911497,0.06353909,0.9292027,-1.923898,0.09104415,0.79699457,-1.7448215,0.041387547,0.9775279,-1.9227333,-0.11372824,1.0,-2.023852,0.070206195,0.9011661,-1.9399478,0.13696826,0.79016286,-1.7281759
162,3.2541866302490234,0.0,0.0,0.0,-0.33068618178367615,-0.33068618178367615,-0.32903275087475775,1.0,0,0.15612146258354187,0.2711810767650604,0.04683643579483032,0.08135426044464111,-0.05454278364777565,-0.0007766116759739816,1,0.08512298,-0.018004676,0.0014179162,0.06629418,-0.013036831,-0.15011223,0.049523193,-0.07906677,0.020961883,0.15612146,-0.03721329,0.06297836,-0.020806119,0.9773678,-1.883622,-0.13628401,0.9972689,-1.9560283,0.020228483,0.9699709,-1.96184,0.06489687,0.7981086,-1.7865455,0.004730776,0.9719664,-1.8831967,-0.11639576,0.99335784,-2.001062,0.03508544,0.94625086,-1.9555515,0.1117333,0.78694457,-1.767652
163,3.2744178771972656,0.0,0.0,0.0,-0.345113068819046,-0.345113068819046,-0.3433875034749508,1.0,0,0.07748879492282867,0.14162863790988922,0.0232466459274292,0.04248858988285065,-0.09073192626237869,0.007618969772011042,1,-0.05923713,-0.021421663,0.068640694,-0.01526242,-0.016483862,-0.077488795,-0.035615493,-0.037344508,-0.011426699,0.03316108,-0.015914781,0.026896885,-0.048656248,0.96953815,-1.8096665,-0.13563561,0.99583304,-1.958898,0.051122203,0.94834864,-1.9903839,0.06314632,0.80689317,-1.8110007,-0.06642739,0.96311164,-1.7890743,-0.14021434,0.9908879,-1.9821446,0.040437557,0.9371453,-1.9938118,0.07309465,0.8021187,-1.8029317
164,3.2932066917419434,0.0,0.0,0.0,-0.35284650325775146,-0.35284650325775146,-0.3510822707414627,1.0,0,0.11069927364587784,0.18263675272464752,0.03320978209376335,0.05672977492213249,-0.07107477635145187,0.014472026377916336,1,0.008839595,-0.042195424,0.0054904404,0.04024881,-0.027200017,-0.027594833,-0.11069927,-0.018680546,-0.054653842,-0.036658462,0.08414476,-0.06581521,-0.020684876,0.9840138,-1.8157163,-0.124797516,1.0168166,-1.9768419,0.09253961,0.9365077,-1.9755248,0.08771915,0.8089174,-1.8167696,-0.018032998,0.97135514,-1.8140692,-0.11272287,1.0,-1.9851204,0.059329826,0.93090355,-1.991921,0.07672161,0.8341608,-1.8365141
165,3.314100503921509,0.0,0.0,0.0,-0.3605518937110901,-0.3605518937110901,-0.35874913424253463,1.0,0,0.0825817734003067,0.17492736876010895,0.030048727989196777,0.06035374850034714,-0.025417093187570572,0.011936751194298267,1,0.08258177,-0.07073192,-0.0365015,0.011921992,-0.012611184,-0.078105375,-0.010757831,-0.05397268,-0.043842036,0.07109067,0.022701008,0.022863079,-0.0012287572,0.99843484,-1.8890208,-0.111643985,1.0300487,-1.9764832,0.07581367,0.9359458,-1.9188387,0.112016946,0.8130941,-1.7646434,0.023545776,0.9772153,-1.8999712,-0.108067386,1.0,-1.9999149,0.07258633,0.919754,-1.9319913,0.13334414,0.8199044,-1.7577845
166,3.335271120071411,0.0,0.0,0.0,-0.3406164050102234,-0.3406164050102234,-0.3389133229851723,1.0,0,0.14372128248214722,0.2881331741809845,0.04311639070510864,0.08856301754713058,-0.02218107134103775,0.00349117792211473,1,0.13522579,-0.051621083,-0.044117,0.07801988,0.012881349,-0.13850674,0.019520402,-0.10067901,-0.03649023,0.14372128,-0.027407194,0.037824795,-0.0014615059,0.9861735,-1.895002,-0.11975178,1.0196589,-1.9843595,0.027835853,0.9485714,-1.9160436,0.08354448,0.80629504,-1.7692817,0.03910623,0.9706872,-1.9082371,-0.09634581,1.0,-2.0259116,0.033691972,0.9183677,-1.9269907,0.12666087,0.7980729,-1.7579343
167,3.3551859855651855,0.0,0.0,0.0,-0.34061408042907715,-0.34061408042907715,-0.33891101002693175,1.0,0,0.08648280054330826,0.14481039345264435,0.025944828987121582,0.04392722621560097,-0.06860873848199844,0.004004929214715958,1,-0.05017077,0.0018000823,0.050397545,-0.022911541,-0.007674523,-0.0864828,0.015016601,-0.043026384,0.00085035077,0.071631394,-0.0015724883,0.025212264,-0.023069784,0.97759557,-1.8587291,-0.14057395,1.006899,-1.9618397,0.03566266,0.96356183,-1.9570305,0.059927758,0.799722,-1.7919412,-0.038121015,0.9781356,-1.8436098,-0.1474474,1.0,-1.9877845,0.040167637,0.9506539,-1.9567754,0.08141717,0.79925025,-1.7843775
168,3.374492645263672,0.0,0.0,0.0,-0.3456536829471588,-0.3456536829471588,-0.34392541453242303,1.0,0,0.06691603362560272,0.14330142736434937,0.020074844360351562,0.042990442365407944,-0.08273256570100784,0.007688989397138357,1,-0.026662279,-0.044878554,0.038931664,0.00075390877,-0.024368323,-0.06691603,-0.05089183,-0.042242847,-0.026938986,0.044702448,-0.024773227,0.05924826,-0.027296811,0.97619355,-1.8116549,-0.1426987,1.0053587,-1.9565328,0.052324094,0.9627317,-1.9828051,0.06225565,0.7926502,-1.8151455,-0.035295494,0.96273,-1.7999754,-0.14247254,0.9980482,-1.9766077,0.037056543,0.9500589,-1.9908868,0.07566638,0.78521824,-1.797371
169,3.39442777633667,0.0,0.0,0.0,-0.3568304777145386,-0.3568304777145386,-0.35504632532596586,1.0,0,0.06692802906036377,0.14715507626533508,0.031577348709106445,0.05376296490430832,-0.04077751561999321,0.010233050212264061,1,0.063254476,-0.05074185,-0.024492314,0.0018465882,-0.024852153,-0.052557807,-0.050596647,-0.025789585,-0.054657944,0.009937825,0.06692803,-0.017457925,-0.0024489686,0.99157745,-1.8560134,-0.11274196,1.0315773,-1.9791715,0.073790394,0.9469314,-1.9436153,0.10476491,0.82166916,-1.799877,0.016527375,0.9763549,-1.8633611,-0.11218799,1.0,-1.9949389,0.0586114,0.93919456,-1.9600127,0.10774626,0.8417476,-1.8051144
170,3.414174795150757,0.0,0.0,0.0,-0.35264599323272705,-0.35264599323272705,-0.3508827632665634,1.0,0,0.12177681177854538,0.2154506891965866,0.03653311729431152,0.07415027916431427,-0.014358730986714363,0.011998889967799187,1,0.09528251,-0.06655246,-0.04399644,0.03819095,-0.007461627,-0.12177681,0.008719416,-0.058703434,-0.011628829,0.09994678,0.0069908565,0.030592913,-0.00391566,0.988111,-1.8882587,-0.10371517,1.0364082,-1.9945619,0.04897376,0.9395212,-1.8974323,0.10910465,0.8224428,-1.7805902,0.024669094,0.96814525,-1.9014577,-0.09225788,1.0,-2.031095,0.051589586,0.92191017,-1.900921,0.13908869,0.8245401,-1.7714123
171,3.434596300125122,0.0,0.0,0.0,-0.33860862255096436,-0.33860862255096436,-0.33691557943820954,1.0,0,0.13607147336006165,0.20582790672779083,0.04082144796848297,0.06191229075193405,-0.03941647708415985,0.009699994698166847,1,0.033690587,-0.029006034,0.014719999,0.03547392,-0.022463106,-0.10351599,0.040403116,-0.059804153,0.019958517,0.13607147,-0.008728422,0.05911492,-0.015581265,0.9775979,-1.8763312,-0.1200843,1.0081042,-1.9931773,0.027933635,0.9583963,-1.9297076,0.07696997,0.8170622,-1.8045583,-0.0054740887,0.9688961,-1.8719152,-0.10944212,1.0,-2.0242321,0.04005457,0.9404551,-1.9237201,0.117791414,0.81444365,-1.7868237
172,3.4540979862213135,0.0,0.0,0.0,-0.3419068455696106,-0.3419068455696106,-0.34019731134176256,1.0,0,0.09843157976865768,0.18099354207515717,0.029529474675655365,0.054298035800457,-0.07911413162946701,0.0017718984745442867,1,0.0057006096,-0.023163266,0.03636404,-0.0070824656,-0.0132643,-0.073646486,-0.011474107,-0.08343764,-0.055417534,0.09843158,-0.04866309,0.05473492,-0.05244549,0.9553033,-1.8314565,-0.12720355,0.9775914,-1.9431162,0.028039105,0.9800689,-1.9660453,0.075740464,0.8037997,-1.820925,-0.050735306,0.9483543,-1.8205473,-0.1293283,0.9736121,-1.9652101,0.024596874,0.95503765,-1.9826705,0.10526994,0.7892008,-1.8045045
173,3.47328519821167,0.0,0.0,0.0,-0.354172021150589,-0.354172021150589,-0.35240116104483604,1.0,0,0.09573297202587128,0.179367795586586,0.02871990203857422,0.05381035804748535,-0.06713435053825378,-0.0040249391458928585,1,0.06390117,-0.06653876,-0.007890434,-0.0024370805,-0.034158114,-0.058561016,-0.002463969,-0.045283638,-0.03878203,0.07838091,-0.0113392845,0.09573297,-0.014183566,0.9812984,-1.8566021,-0.12563707,1.001536,-1.9541641,0.05165039,0.9689655,-1.9676015,0.08008815,0.79677397,-1.8030858,0.0049867854,0.96133673,-1.8589692,-0.1263682,0.9912886,-1.9717325,0.0509112,0.9553804,-1.9792361,0.103602424,0.7933722,-1.7743659
174,3.4933552742004395,0.0,0.0,0.0,-0.3527931571006775,-0.3527931571006775,-0.3510291913151741,1.0,0,0.08333246409893036,0.13563211262226105,0.038305044174194336,0.05550500378012657,-0.026022855192422867,0.002554534934461117,1,0.063389055,-0.036312226,-0.014497716,0.0038378527,-0.021633696,-0.083332464,-0.01848668,-0.028180344,-0.019111523,0.0037787731,0.060804162,-0.014474951,0.007354751,0.9888624,-1.8822887,-0.10624631,1.038305,-1.9797468,0.07733973,0.9496316,-1.920593,0.1043117,0.82623774,-1.7794684,0.026371468,0.97796875,-1.886638,-0.105094954,1.0,-2.0047467,0.07179373,0.9411775,-1.9263265,0.10544533,0.84447896,-1.7838109
175,3.515188694000244,0.0,0.0,0.0,-0.33309808373451233,-0.33309808373451233,-0.33143259331583974,1.0,0,0.16258013248443604,0.26759961247444153,0.048774003982543945,0.08596472442150116,-0.029497727751731873,0.013637099415063858,1,0.097524144,-0.028492602,0.0034252019,0.07358567,-0.009977488,-0.16258013,0.05710885,-0.037279293,0.059236582,0.11998359,-0.03586407,0.07406684,-0.0043529347,0.98052603,-1.8516555,-0.10948275,1.0308875,-1.9964414,0.046664976,0.94379944,-1.9275079,0.09007388,0.8229301,-1.8138492,0.024904309,0.97197825,-1.8506279,-0.08740705,1.0,-2.0452154,0.06379763,0.93261564,-1.9097369,0.12606896,0.81217086,-1.7916292
176,3.5352301597595215,0.0,0.0,0.0,-0.3409518599510193,-0.3409518599510193,-0.3392471006512642,1.0,0,0.10467873513698578,0.18365710973739624,0.03140362352132797,0.05509714037179947,-0.06193538010120392,0.010017734952270985,1,0.026780685,-0.019579615,0.032516167,-0.0073690293,-0.01107939,-0.08810313,0.030438852,-0.08482342,-0.019239875,0.104678735,-0.03150961,0.056485824,-0.023885667,0.9675776,-1.8378719,-0.13252932,0.9965534,-1.9614818,0.048893124,0.9624212,-1.948146,0.07641637,0.7972692,-1.8152187,-0.01585146,0.9617037,-1.828117,-0.13474002,0.9932296,-1.9879128,0.05802478,0.93697417,-1.953918,0.10782,0.78781635,-1.798273
177,3.55535626411438,0.0,0.0,0.0,-0.34457018971443176,-0.34457018971443176,-0.3428473387658596,1.0,0,0.09905321151018143,0.18115918338298798,0.029716014862060547,0.05434781312942505,-0.07676919549703598,-0.0033534704707562923,1,0.052609134,-0.052435722,-0.013151547,0.019969342,-0.004205463,-0.044537272,-0.06170405,-0.09093854,-0.09905321,0.051045503,-0.0066241026,-0.013789979,-0.020059027,0.97223765,-1.8489316,-0.13816331,0.9982991,-1.9329176,0.049926132,0.97035396,-1.9633956,0.06444806,0.78229547,-1.7961826,-0.004276285,0.9565069,-1.852877,-0.13217251,0.9970375,-1.9462788,0.03141492,0.9430724,-1.9931116,0.079761714,0.78030825,-1.8003197
178,3.5745561122894287,0.0,0.0,0.0,-0.35607779026031494,-0.35607779026031494,-0.3542974013090134,1.0,0,0.066792793571949,0.15497250854969025,0.02003788948059082,0.04794194549322128,-0.051397569477558136,-0.006665417924523354,1,0.06431509,-0.056597766,-0.025377652,0.0056491923,-0.027463801,-0.06679279,-0.036899753,-0.044520535,-0.055237506,0.025612922,0.058377407,-0.018068474,-0.004931763,0.97693956,-1.882397,-0.12047211,1.0143118,-1.9517454,0.06548086,0.97119635,-1.9579458,0.08739875,0.799017,-1.7747614,0.014362764,0.9599602,-1.8900104,-0.11877735,1.0,-1.9717833,0.05441093,0.9578402,-1.9745171,0.095082626,0.8165302,-1.780182
179,3.595100164413452,0.0,0.0,0.0,-0.3419351875782013,-0.3419351875782013,-0.3402255116403103,1.0,0,0.14025044441223145,0.24619707465171814,0.042075157165527344,0.08040381968021393,-0.029640071094036102,0.005166670773178339,1,0.08386948,-0.05074358,-0.009135452,0.053271767,-0.025483316,-0.14025044,0.06310271,-0.005501898,0.0688112,0.100173764,-0.0041181184,0.09467909,-0.007597588,0.975252,-1.8776549,-0.10103266,1.032681,-1.9814913,0.06847587,0.9536311,-1.9199685,0.10977541,0.83499575,-1.7905036,0.017563257,0.9600289,-1.8803955,-0.08505113,1.0,-2.0235665,0.08740669,0.95198053,-1.8993251,0.13982753,0.8337603,-1.7620999
180,3.6150529384613037,0.0,0.0,0.0,-0.3315891623497009,-0.3315891623497009,-0.32993121653795243,1.0,0,0.15602461993694305,0.25615182518959045,0.046807289123535156,0.07987269014120102,-0.041544634848833084,0.014405484311282635,1,0.097825654,-0.0326845,0.0055999053,0.07243965,-0.007841906,-0.15602462,0.045329407,-0.045551233,0.049319707,0.118839845,-0.032982953,0.05931863,-0.024990566,0.9715107,-1.8491381,-0.10404827,1.0219078,-1.9917316,0.04305949,0.9472953,-1.935785,0.09476767,0.8334861,-1.819777,0.004357131,0.9617054,-1.8474581,-0.08231637,1.0,-2.038539,0.056658313,0.93362993,-1.9209892,0.13041963,0.8235912,-1.8019814
181,3.634140968322754,0.0,0.0,0.0,-0.33794456720352173,-0.33794456720352173,-0.33625484436750414,1.0,0,0.08091586828231812,0.13706515729427338,0.024274766445159912,0.041119568049907684,-0.07774391770362854,0.008626186288893223,1,-0.0040857927,-0.005818164,0.015256094,-0.0015015259,0.0116578555,-0.059897136,-0.029254094,-0.08091587,-0.05743089,0.02386359,0.031061407,-0.050417937,-0.031169176,0.95951706,-1.8271508,-0.1330785,0.9895117,-1.9451468,0.05169057,0.96481025,-1.9538907,0.07296586,0.7871234,-1.8109229,-0.032394916,0.9577716,-1.822574,-0.13352896,0.9930091,-1.9631159,0.042914342,0.9405355,-1.97112,0.08012494,0.7964418,-1.8260483
182,3.654611110687256,0.0,0.0,0.0,-0.3495980203151703,-0.3495980203151703,-0.34785003021359445,1.0,0,0.10155464708805084,0.1844390481710434,0.030466437339782715,0.055331751704216,-0.07348040491342545,-0.006517998408526182,1,0.063763425,-0.067651644,-0.020995542,0.0058372347,-0.015764961,-0.03844779,-0.06031704,-0.080310844,-0.10155465,0.051130883,0.005010944,-0.0115235085,-0.012405768,0.9706104,-1.8640387,-0.13064176,0.9975452,-1.9241153,0.05448135,0.9779028,-1.9716111,0.069292724,0.7762501,-1.789135,0.0067232605,0.9503149,-1.8703374,-0.12889059,0.9928157,-1.9356496,0.036386237,0.95380956,-2.0020776,0.08463199,0.7777534,-1.792592
183,3.6748931407928467,0.0,0.0,0.0,-0.3573852777481079,-0.3573852777481079,-0.35559835135936735,1.0,0,0.08053373545408249,0.15590789914131165,0.028861284255981445,0.05470384284853935,-0.03529044985771179,-0.010138125158846378,1,0.080533735,-0.05308166,-0.034669377,-0.0021231496,-0.017675702,-0.072373755,-0.016036604,-0.040087193,-0.05687845,0.029995412,0.047206063,0.00442874,0.0007227361,0.9812576,-1.9049073,-0.112830766,1.0288613,-1.9511677,0.077182546,0.96069735,-1.9321223,0.098751746,0.8136035,-1.7539046,0.024882859,0.9653331,-1.9153081,-0.11346771,1.0,-1.9728799,0.072371565,0.9486712,-1.9491858,0.10775037,0.82776535,-1.752576
184,3.6948513984680176,0.0,0.0,0.0,-0.3328670561313629,-0.3328670561313629,-0.3312027208507061,1.0,0,0.16737796366214752,0.29352691769599915,0.05021345615386963,0.09559089690446854,-0.028679657727479935,0.00404182868078351,1,0.118011534,-0.037774686,-0.009161788,0.08104864,-0.009917608,-0.16737796,0.07844029,-0.02401857,0.08466191,0.11172902,-0.038550902,0.09039293,-0.014159188,0.9769692,-1.8868505,-0.10369485,1.0373127,-1.9833487,0.051160768,0.9582675,-1.919769,0.09776715,0.8272509,-1.796047,0.021244273,0.9656368,-1.889599,-0.07938026,1.0,-2.0335622,0.07469286,0.95106196,-1.8943704,0.13128586,0.81568563,-1.7689291
185,3.7149152755737305,0.0,0.0,0.0,-0.33758723735809326,-0.33758723735809326,-0.3358993011713028,1.0,0,0.14507891237735748,0.17714843153953552,0.04352378845214844,0.055178817361593246,-0.05950194224715233,0.01878467947244644,1,0.014617047,-0.014806352,0.04226626,0.03009572,-0.002068519,-0.14507891,0.023860883,-0.0188371,0.05111913,0.053280458,-0.0047954563,0.028375592,-0.028834052,0.97025204,-1.8190858,-0.11163992,1.014857,-1.9895186,0.036074452,0.94813126,-1.9555267,0.07778592,0.83083135,-1.8283188,-0.024448939,0.9658101,-1.8064059,-0.1026112,1.0,-2.0330424,0.043232717,0.94248015,-1.9401909,0.09377006,0.82939273,-1.8198061
186,3.735102415084839,0.0,0.0,0.0,-0.3406916856765747,-0.3406916856765747,-0.33898822724819183,1.0,0,0.09023086726665497,0.15785540640354156,0.027069270610809326,0.04735665023326874,-0.08142969757318497,0.013037947937846184,1,0.031901475,-0.016963169,0.011521892,0.00080059405,0.019090753,-0.061521042,-0.05150956,-0.09023087,-0.084604286,0.0080664605,0.002136657,-0.036163833,-0.034764774,0.96450055,-1.8198627,-0.13055225,0.99070126,-1.9456666,0.06158145,0.9593446,-1.9674344,0.06430539,0.78824186,-1.8126686,-0.025194332,0.9594116,-1.8164061,-0.13031207,0.9964285,-1.9641229,0.046128582,0.93227535,-1.9928157,0.06672533,0.78888285,-1.8235177
187,3.7551651000976562,0.0,0.0,0.0,-0.3608238101005554,-0.3608238101005554,-0.35901969105005266,1.0,0,0.12786436080932617,0.2127693146467209,0.03835931047797203,0.06481756269931793,-0.04969603568315506,-0.00769810238853097,1,0.12786436,-0.06820403,-0.055538062,0.009960526,-0.013405343,-0.053950842,-0.043429453,-0.06479264,-0.09787719,0.046671327,0.009767035,0.0076063513,-0.002591841,0.9812364,-1.8971549,-0.12106874,1.0119632,-1.9417378,0.074191704,0.9637208,-1.9655317,0.078851566,0.7832433,-1.7579596,0.03576747,0.9607752,-1.9138163,-0.11808058,1.0,-1.957923,0.061162867,0.944283,-1.9948949,0.092852965,0.7861734,-1.7556777
188,3.7751970291137695,0.0,0.0,0.0,-0.3522343635559082,-0.3522343635559082,-0.3504731917381287,1.0,0,0.1271943897008896,0.22925709187984467,0.038158297538757324,0.0747309997677803,-0.022716037929058075,-0.01297907903790474,1,0.11138803,-0.05132321,-0.041754246,0.022224197,-0.0013723786,-0.12719439,0.04343015,-0.067788355,-0.027775794,0.0975359,0.0022332743,0.048256084,0.005926095,0.98050714,-1.9163157,-0.1258616,1.0292336,-1.9468416,0.07954947,0.9484266,-1.9250222,0.08098197,0.8009236,-1.7330412,0.039342504,0.9651102,-1.928842,-0.11919434,1.0,-1.9849999,0.092578515,0.9280901,-1.933355,0.11024274,0.80159354,-1.7185644
189,3.7943875789642334,0.0,0.0,0.0,-0.32842761278152466,-0.32842761278152466,-0.32678547471761704,1.0,0,0.1728825718164444,0.2221318483352661,0.05186474323272705,0.07426884770393372,-0.048726342618465424,0.003355356864631176,1,0.05715514,-0.022982366,0.021658033,0.06363123,-0.0015765004,-0.17288257,0.020595416,-0.017757835,0.06076638,0.066812076,-0.033431534,0.033543985,-0.031726822,0.9754697,-1.857148,-0.117144786,1.0327911,-1.9821976,0.04996588,0.951819,-1.9590814,0.077676766,0.8287327,-1.8067484,-0.01458028,0.968575,-1.8506507,-0.098055415,1.0,-2.0340624,0.056144506,0.94649166,-1.9408514,0.097720385,0.8187033,-1.7966852
190,3.8131911754608154,0.0,0.0,0.0,-0.34049129486083984,-0.34049129486083984,-0.3387888383865356,1.0,0,0.11495081335306168,0.1535670906305313,0.03448522090911865,0.04683852195739746,-0.07997641712427139,0.02283911593258381,1,-0.050288007,-0.015460002,0.062863454,-0.0076311566,0.004709097,-0.11495081,-0.041354176,0.010965176,0.039268587,-0.0065833405,-0.007124225,0.010125243,-0.040852994,0.9727023,-1.7688287,-0.11768563,1.0085666,-1.9796101,0.04797502,0.93852514,-1.982401,0.07478249,0.8219587,-1.8344088,-0.055939395,0.9680643,-1.7499697,-0.11997498,1.0,-2.0140953,0.035568766,0.9418147,-1.9706204,0.07280749,0.8198215,-1.8313712
191,3.8336446285247803,0.0,0.0,0.0,-0.35951507091522217,-0.35951507091522217,-0.3577174955606461,1.0,0,0.08355075865983963,0.1792701780796051,0.025065183639526367,0.05394596606492996,-0.058907750993967056,0.020289650186896324,1,0.0731744,-0.06472326,-0.039744396,0.012382255,-0.027154975,-0.034767155,-0.08137537,-0.053622447,-0.08355076,0.010922631,0.041808765,-0.02387037,-0.027763315,0.9777229,-1.8250239,-0.11550915,1.0091724,-1.9689196,0.07826137,0.9361639,-1.9614116,0.08695351,0.80949295,-1.8166281,-0.005810993,0.9583059,-1.8369472,-0.11179448,1.0,-1.9793497,0.05384876,0.92007715,-1.9864768,0.0902303,0.82203555,-1.8237892
192,3.8543784618377686,0.0,0.0,0.0,-0.3602643311023712,-0.3602643311023712,-0.3584630094468594,1.0,0,0.14011520147323608,0.25771579146385193,0.042034562677145004,0.08034075051546097,-0.014212311245501041,-0.00541163282468915,1,0.1401152,-0.081163295,-0.0600191,0.013500805,-0.0041266377,-0.091287434,0.018444516,-0.078672074,-0.07904691,0.10974125,-0.015797913,0.05469982,0.0016519427,0.9867616,-1.9166145,-0.11494986,1.0218769,-1.9660051,0.078728475,0.9398416,-1.9350449,0.096670724,0.80082184,-1.7295381,0.043686505,0.96241266,-1.9346203,-0.11089962,1.0,-1.9933913,0.08426183,0.91624,-1.958759,0.1295931,0.7960825,-1.7131281
193,3.8745927810668945,0.0,0.0,0.0,-0.33464568853378296,-0.33464568853378296,-0.33297246009111403,1.0,0,0.16268913447856903,0.3038015067577362,0.04880674183368683,0.09114047139883041,-0.025364549830555916,-0.013981393538415432,1,0.12382684,-0.028150769,-0.0038287784,0.07785539,-0.016717251,-0.14674172,0.066711694,-0.081360266,0.023822002,0.16268913,-0.05261504,0.08606713,-0.012114629,0.9727914,-1.9166805,-0.14085534,1.0025395,-1.9331117,0.057735845,0.9462574,-1.9285623,0.06343591,0.8100108,-1.7511597,0.025033426,0.9643462,-1.917829,-0.117498726,0.9975243,-1.9771342,0.07774936,0.9218493,-1.9214157,0.112242654,0.7942263,-1.7253395
194,3.8941268920898438,0.0,0.0,0.0,-0.3319321870803833,-0.3319321870803833,-0.33027252614498137,1.0,0,0.1377057284116745,0.16216422617435455,0.04131174087524414,0.049431271851062775,-0.08163073658943176,0.005915760528296232,1,-0.045370515,-0.009942532,0.058231954,-0.007874389,0.00015614647,-0.13770573,-0.03159399,0.00430802,0.009122689,0.017014934,-0.018291183,2.6449561e-05,-0.051193792,0.96557707,-1.809751,-0.13842417,1.0087577,-1.9493283,0.044570804,0.9471327,-1.994414,0.065375835,0.82156056,-1.8146403,-0.06480495,0.96259433,-1.7922814,-0.14078648,1.0,-1.99064,0.035092607,0.9484251,-1.9916772,0.07048032,0.8160732,-1.8146323
195,3.9145898818969727,0.0,0.0,0.0,-0.34840989112854004,-0.34840989112854004,-0.3466678416728973,1.0,0,0.08976960182189941,0.13165169954299927,0.026930928230285645,0.03984278440475464,-0.08167651295661926,0.024311218410730362,1,0.0030604068,-0.033450365,0.027523695,0.020953089,-0.025653519,-0.0897696,-0.04506015,0.0037605949,0.019928219,0.015169106,0.010277954,0.059272043,-0.037956562,0.9737231,-1.7654777,-0.1164693,1.0093155,-1.9728366,0.082238995,0.92160064,-1.9805938,0.08163869,0.8359204,-1.8359482,-0.037038438,0.963688,-1.7572205,-0.11018337,1.0,-1.9997675,0.06872095,0.92272884,-1.9746153,0.08618942,0.8390038,-1.8181666
196,3.934216260910034,0.0,0.0,0.0,-0.3565961420536041,-0.3565961420536041,-0.3548131613433361,1.0,0,0.09896343946456909,0.17235589027404785,0.03989875316619873,0.06529566645622253,-0.01959916390478611,0.02322685718536377,1,0.09896344,-0.05085678,-0.04383418,-0.042339195,-0.004685399,-0.045493975,-0.046561334,-0.025350502,-0.067192644,-0.009710074,0.06371757,0.006403938,0.003315799,1.0065321,-1.8815559,-0.09715266,1.0398988,-1.9831005,0.11113162,0.897749,-1.9028051,0.11732268,0.83780897,-1.7573608,0.03300483,0.991275,-1.8947061,-0.109854415,1.0,-1.9967487,0.09716322,0.8901439,-1.9229629,0.11440966,0.85692424,-1.7554396
197,3.95298171043396,0.0,0.0,0.0,-0.34994739294052124,-0.34994739294052124,-0.34819765597581864,1.0,0,0.163643941283226,0.2936159074306488,0.04909318685531616,0.09458041936159134,-0.008240842260420322,0.003961425740271807,1,0.13095899,-0.07446436,-0.046322446,0.05372506,0.0059424145,-0.10497905,0.03789957,-0.09952412,-0.06010098,0.16364394,-0.02508139,0.0711693,-0.002608724,0.9944962,-1.9211267,-0.13129379,1.0344921,-1.9800514,0.078972206,0.9013923,-1.9007492,0.09071913,0.8249255,-1.7322149,0.036678974,0.97215694,-1.9350234,-0.11517627,1.0,-2.0115452,0.090342075,0.87153506,-1.9187795,0.13981232,0.81740105,-1.7108642
198,3.974490165710449,0.0,0.0,0.0,-0.3363960385322571,-0.3363960385322571,-0.3347140583395958,1.0,0,0.10474256426095963,0.1455606073141098,0.03142277151346207,0.043668199330568314,-0.06699367612600327,-0.005554655101150274,1,-0.022265585,-0.0005184112,0.017228382,0.0006965544,-0.017526817,-0.083267614,-0.0031843386,-0.0413237,-0.012850719,0.104742564,-0.006792675,0.015931241,-0.05238975,0.9523122,-1.8773978,-0.13677046,0.97138155,-1.9095297,0.03678994,0.9590929,-1.9470698,0.06654075,0.8119386,-1.7971919,-0.059069425,0.95215666,-1.8722292,-0.1365615,0.9661235,-1.93451,0.035834637,0.9466958,-1.950925,0.09796352,0.80990076,-1.7924125
199,3.994375228881836,0.0,0.0,0.0,-0.3472254276275635,-0.3472254276275635,-0.34548930048942567,1.0,0,0.1044408529996872,0.17837518453598022,0.03133225813508034,0.053512558341026306,-0.09696172177791595,0.004941536113619804,1,-0.06990629,-0.06474934,0.026171928,0.045675375,-0.042370576,-0.057424206,-0.10444085,-0.008790302,-0.00024927405,0.048703194,-0.00013078748,0.03894979,-0.0764963,0.9540855,-1.8118031,-0.10080318,0.98343146,-1.9304821,0.03417208,0.9793854,-1.9840813,0.080236524,0.8373828,-1.8321162,-0.09746819,0.93466073,-1.8039515,-0.087100565,0.9707203,-1.9477094,0.0028398223,0.9767483,-1.984156,0.094847485,0.8373436,-1.8204314
200,4.013625383377075,0.0,0.0,0.0,-0.345034658908844,-0.345034658908844,-0.34330948561429975,1.0,0,0.0982278361916542,0.16999198496341705,0.02946835197508335,0.05859701335430145,-0.038642313331365585,0.018241040408611298,1,0.098227836,-0.04292597,-0.032444883,0.0061371373,-0.008610405,-0.05420225,0.009751038,0.0138007365,-3.7960708e-05,0.055059746,0.05905883,0.08061329,-0.02059967,0.9861382,-1.8619207,-0.08326325,1.0289747,-1.9680498,0.10499022,0.9315347,-1.9036875,0.13234468,0.8757321,-1.8071275,0.008868681,0.97326046,-1.8716542,-0.081422105,1.0,-1.9843104,0.107915536,0.9356749,-1.9036989,0.1488626,0.8934498,-1.7829435
201,4.0349907875061035,0.0,0.0,0.0,-0.34928321838378906,-0.34928321838378906,-0.3475368022918701,1.0,0,0.13392291963100433,0.24755272269248962,0.0401768684387207,0.07878264784812927,0.00019746548787225038,0.020104821771383286,1,0.11441136,-0.05491084,-0.043668237,0.037040975,0.013684636,-0.13392292,0.011149161,-0.07659463,-0.007914668,0.119294055,-0.028438134,0.051789436,-0.019101515,0.98845905,-1.9092555,-0.07365047,1.0266111,-1.9726758,0.06831475,0.9234236,-1.8580232,0.13231196,0.8538575,-1.7692219,0.015221894,0.9719858,-1.922356,-0.06253818,1.0,-2.0128527,0.071659505,0.9004452,-1.8603976,0.16810018,0.84532607,-1.7536851
202,4.055260181427002,0.0,0.0,0.0,-0.3346197009086609,-0.3346197009086609,-0.3329466024041176,1.0,0,0.09314095228910446,0.14659292995929718,0.027942288666963577,0.043977878987789154,-0.060117196291685104,0.009088104590773582,1,0.012294318,0.018750751,-0.011451223,0.0038548913,0.015497625,-0.05664152,0.020634156,-0.056830257,-0.02959386,0.09314095,0.053543866,-0.036316533,-0.018183999,0.9713389,-1.8776947,-0.13060862,0.99286747,-1.9290676,0.023345977,0.97051895,-1.9162627,0.057866227,0.7913992,-1.8017455,-0.014495703,0.9769642,-1.8811301,-0.12945215,0.99751675,-1.9460601,0.029536225,0.9534699,-1.9251409,0.085808516,0.80746233,-1.8126405
203,4.074877500534058,0.0,0.0,0.0,-0.33974599838256836,-0.33974599838256836,-0.3380472683906555,1.0,0,0.08483133465051651,0.18914304673671722,0.025449395179748535,0.05674288794398308,-0.1038518100976944,-0.002328453352674842,1,-0.028866075,-0.023275528,0.048661746,-0.05326909,-0.0071575483,-0.05154539,-0.032311007,-0.07826843,-0.084831335,0.076911286,-0.06657125,0.042106897,-0.06299792,0.947677,-1.827273,-0.11276782,0.9584387,-1.8757999,0.027063273,0.9990618,-1.9656547,0.053279757,0.80014384,-1.8218739,-0.07165775,0.94069433,-1.8126745,-0.12874855,0.95629144,-1.8912635,0.01736997,0.9755813,-1.9911041,0.07635315,0.78017247,-1.8092419
204,4.094663143157959,0.0,0.0,0.0,-0.35490357875823975,-0.35490357875823975,-0.35312906086444856,1.0,0,0.07272373884916306,0.14923514425754547,0.021817121654748917,0.046450287103652954,-0.047958094626665115,-0.0021592113189399242,1,0.07272374,-0.047686405,-0.029666673,0.018174386,-0.025657218,-0.045171726,-0.03162507,0.015272752,-0.030920183,0.034629133,0.052396897,0.06830169,-0.025253206,0.97848624,-1.8918449,-0.081076235,1.0149475,-1.9256283,0.0697012,0.99683166,-1.94677,0.10468223,0.82870364,-1.7953792,-0.0034360848,0.9641803,-1.9007449,-0.07562392,1.0,-1.9391798,0.06021368,1.0,-1.956046,0.11507097,0.8444227,-1.7748886
205,4.1148436069488525,0.0,0.0,0.0,-0.3550155758857727,-0.3550155758857727,-0.35324049800634383,1.0,0,0.10342500358819962,0.1580154150724411,0.04207110404968262,0.0633673295378685,0.007068268954753876,0.011963259428739548,1,0.075208955,-0.04763746,-0.027667943,-0.031536307,-0.004422277,-0.103425,0.019111104,-0.03195142,0.01393449,0.027715288,0.020830907,0.042242795,-0.0082176775,0.9880487,-1.9041662,-0.05924141,1.0420711,-1.9632965,0.06621897,0.9565411,-1.8590878,0.13883276,0.86278975,-1.7597886,0.014345009,0.97375745,-1.9124666,-0.0687023,1.0,-1.9943241,0.071952306,0.9469557,-1.8549075,0.14714736,0.869039,-1.7471159
206,4.134687423706055,0.0,0.0,0.0,-0.32739025354385376,-0.32739025354385376,-0.32575330227613447,1.0,0,0.1599799394607544,0.2455131560564041,0.047994017601013184,0.07864142209291458,-0.022304344922304153,0.020804591476917267,1,0.08492439,-0.011591325,0.006461559,0.0724119,-0.004078793,-0.15997994,0.04766901,-0.043965746,0.04596176,0.11179791,-0.035374865,0.04434852,-0.015222654,0.98408234,-1.8898898,-0.07797462,1.0275873,-1.9837855,0.022879854,0.96158814,-1.8954645,0.07889975,0.84547323,-1.8005452,0.010254664,0.98060495,-1.8879514,-0.056251045,1.0,-2.0317795,0.037180558,0.9483984,-1.881676,0.112439126,0.83486074,-1.7872406
207,4.15414571762085,0.0,0.0,0.0,-0.3371240496635437,-0.3371240496635437,-0.335438429415226,1.0,0,0.08257491141557693,0.16444212198257446,0.02477247640490532,0.04933261498808861,-0.0786394402384758,0.015422426164150238,1,-0.020166924,0.016176773,0.042583708,-0.06221471,0.017177412,-0.06143978,0.023789978,-0.0686494,-0.046187356,0.08257491,-0.036146484,0.03288937,-0.047871493,0.9517631,-1.810041,-0.13136427,0.9746208,-1.900455,0.05377666,0.98241377,-1.9490037,0.045597423,0.7918099,-1.8092439,-0.05392157,0.9566161,-1.7972659,-0.15002869,0.97977406,-1.9188869,0.060913652,0.96181893,-1.9628599,0.0703699,0.780966,-1.7993771
208,4.17280387878418,0.0,0.0,0.0,-0.3505592346191406,-0.3505592346191406,-0.3488064384460449,1.0,0,0.12490296363830566,0.22524428367614746,0.03747093677520752,0.06757331639528275,-0.08641166239976883,-0.0008080865372903645,1,0.049111694,-0.0637159,-0.0074533517,-0.0051366966,-0.038923208,-0.027310343,-0.07185091,-0.092211954,-0.12490296,0.043134283,-0.07427823,0.07263838,-0.020182878,0.9756677,-1.8700407,-0.110170424,1.0024961,-1.8893298,0.056777738,0.993451,-1.9768599,0.041630175,0.77389824,-1.7782665,-0.0054493686,0.9565529,-1.8722767,-0.111711435,0.99081916,-1.8975229,0.035222463,0.9657874,-2.0143309,0.05457046,0.75161475,-1.7564751
209,4.194842338562012,0.0,0.0,0.0,-0.3587961196899414,-0.3587961196899414,-0.3570021390914917,1.0,0,0.08861624449491501,0.1564941108226776,0.035257577896118164,0.05841759592294693,-0.02012399397790432,-0.003454754827544093,1,0.088616244,-0.027393688,-0.034939885,-0.013974171,-0.019611625,-0.058351114,-0.037194416,-0.014568986,-0.055527255,-0.012384474,0.07597417,-0.008786913,0.0046457723,0.977782,-1.8922732,-0.09458536,1.0352576,-1.9289231,0.08197626,0.9773268,-1.9419715,0.07987574,0.78986645,-1.7317303,0.031230647,0.9695639,-1.9027551,-0.09877761,1.0,-1.9464284,0.07081793,0.9729561,-1.9586297,0.07616039,0.81265867,-1.7343664
210,4.214686632156372,0.0,0.0,0.0,-0.33202534914016724,-0.33202534914016724,-0.3303652223944664,1.0,0,0.18979887664318085,0.31151920557022095,0.05693960189819336,0.1042492538690567,-0.008012308739125729,0.01569373905658722,1,0.11864972,-0.037099447,-0.01275364,0.079425395,-0.009113371,-0.18979888,0.08445076,-0.0052748895,0.11521663,0.09062925,-0.038072553,0.09441702,-0.012702294,0.9801386,-1.8697144,-0.08347845,1.0462754,-1.9754794,0.059071124,0.9604305,-1.909204,0.09801497,0.83598554,-1.776039,0.022892624,0.96900874,-1.8735405,-0.05965083,1.0,-2.032419,0.08440635,0.95884806,-1.874639,0.12520374,0.8245638,-1.7477139
211,4.234492063522339,0.0,0.0,0.0,-0.32886093854904175,-0.32886093854904175,-0.3272166338562965,1.0,0,0.1483883112668991,0.18141722679138184,0.04451644420623779,0.054580457508563995,-0.04532155022025108,0.02951216511428356,1,0.037699226,-0.014066946,0.031740066,0.032630447,0.0046373433,-0.14838831,0.024805779,-0.0244478,0.04215038,0.060188364,-0.012886903,0.020048346,-0.036696754,0.9682613,-1.8199127,-0.10773827,1.0043437,-1.9648396,0.038496688,0.95934135,-1.9540827,0.06744313,0.8150698,-1.8026098,-0.025386985,0.96404123,-1.8103907,-0.09794914,1.0,-2.009356,0.04593842,0.952007,-1.9414376,0.085499644,0.8112037,-1.7965953
212,4.254898309707642,0.0,0.0,0.0,-0.3410259187221527,-0.3410259187221527,-0.33932078912854197,1.0,0,0.11044131964445114,0.16388389468193054,0.03313237428665161,0.04916515201330185,-0.08052968233823776,0.018156692385673523,1,0.047917098,-0.020255173,-0.0017154,-0.025340196,0.018062212,-0.036859296,-0.022992177,-0.11044132,-0.083380505,0.03800608,-0.00054060644,-0.026432991,-0.060107604,0.9409445,-1.8084571,-0.12359837,0.9680205,-1.8918741,0.05859778,0.9791163,-1.9685171,0.05245066,0.7771881,-1.7873259,-0.045732476,0.9348679,-1.8089718,-0.13120043,0.97343916,-1.9029318,0.051700126,0.94598395,-1.9935312,0.06385248,0.77702594,-1.7952558
213,4.274675130844116,0.0,0.0,0.0,-0.36183130741119385,-0.36183130741119385,-0.36002215087413786,1.0,0,0.11892310529947281,0.21246890723705292,0.03567695617675781,0.06374067068099976,-0.057767823338508606,-0.0011648597428575158,1,0.070868365,-0.07522582,-0.040298082,0.042087357,-0.046274684,-0.0074465657,-0.09964346,-0.04487588,-0.118923105,0.02247249,0.03802318,-0.028871452,-0.028550021,0.9602493,-1.8938751,-0.099678606,1.0094848,-1.9045992,0.077403046,0.99555933,-1.9775374,0.07272153,0.77420247,-1.7425356,-0.00728951,0.93768156,-1.9059645,-0.0870524,0.99560237,-1.9068332,0.047510006,0.98209655,-2.0132143,0.07946328,0.7856094,-1.751197
214,4.2943713665008545,0.0,0.0,0.0,-0.3583468794822693,-0.3583468794822693,-0.3565551450848579,1.0,0,0.09291084855794907,0.1744784265756607,0.02787327766418457,0.052343543618917465,-0.020083092153072357,-0.005396021995693445,1,0.08354244,-0.04959718,-0.030873489,-0.006084664,-0.0023194163,-0.09291085,0.034685142,-0.054373834,-0.028376456,0.06467872,0.037850667,0.028190339,-0.019399874,0.9592207,-1.902967,-0.08478606,0.9943858,-1.9062914,0.059350573,0.99184334,-1.935597,0.08782943,0.78349876,-1.7123945,0.0056628585,0.94434154,-1.9122291,-0.08661146,0.99368995,-1.9341646,0.06975611,0.9755312,-1.9441099,0.10723305,0.794854,-1.7039374
215,4.314378261566162,0.0,0.0,0.0,-0.33023083209991455,-0.33023083209991455,-0.32857967793941495,1.0,0,0.16680443286895752,0.23900295794010162,0.0500413179397583,0.07598203420639038,-0.03711305931210518,0.01151109579950571,1,0.077538826,-0.02697026,0.019362627,0.07596311,-0.0053449846,-0.16680443,0.03634926,-0.021536993,0.06757218,0.08061135,-0.03681902,0.04669281,-0.04417783,0.9628352,-1.8563268,-0.08730615,1.0251957,-1.9452982,0.04044778,0.97671914,-1.9484012,0.08323743,0.81824815,-1.778664,-0.020916183,0.9547441,-1.850518,-0.064517215,1.0,-1.9953395,0.051352557,0.97025806,-1.9281296,0.10742084,0.80720246,-1.7646562
216,4.334596633911133,0.0,0.0,0.0,-0.3370756208896637,-0.3370756208896637,-0.3353902427852154,1.0,0,0.1543123871088028,0.18286380171775818,0.04629373550415039,0.05584230646491051,-0.06455814838409424,0.0317000150680542,1,0.011799931,-0.016638124,0.05233374,0.026864532,0.00673348,-0.15431239,0.00632189,-0.0021964917,0.065022185,0.022887912,-0.01478967,0.0262614,-0.048274573,0.97009337,-1.7804549,-0.10579586,1.0106262,-1.9526429,0.047043003,0.95445204,-1.9750774,0.06797357,0.81410044,-1.8011248,-0.044734593,0.96510196,-1.7647548,-0.0977365,1.0,-1.9989367,0.04893957,0.9537931,-1.9555707,0.07483994,0.80966353,-1.7932464
217,4.352845907211304,0.0,0.0,0.0,-0.35046231746673584,-0.35046231746673584,-0.34871000587940215,1.0,0,0.08532960712909698,0.1604582667350769,0.025598883628845215,0.04899631440639496,-0.05957096815109253,0.02824876829981804,1,0.060587805,-0.04163535,-0.010661521,0.009656763,-0.0060555954,-0.068829164,-0.05093258,-0.08532961,-0.06741683,0.021081608,0.011519435,-0.019078642,-0.041320175,0.9593303,-1.8153528,-0.11245026,1.0093125,-1.9277399,0.07860974,0.96692014,-1.940244,0.07795487,0.7879,-1.7806547,-0.023143834,0.9468397,-1.8185513,-0.109553225,1.0,-1.9483886,0.063329965,0.94132125,-1.960469,0.08427936,0.7913558,-1.7863783
218,4.374351978302002,0.0,0.0,0.0,-0.3598760664463043,-0.3598760664463043,-0.3580766861140728,1.0,0,0.12752802670001984,0.24263222515583038,0.03825841099023819,0.07564934343099594,-0.026975302025675774,0.004920141771435738,1,0.12752803,-0.08774748,-0.050841097,0.021467876,-0.02067605,-0.066234544,-0.015170621,-0.08458276,-0.09257064,0.09897134,-0.008476935,0.035018306,-0.010128543,0.96692234,-1.905834,-0.1042747,1.0215164,-1.9255643,0.07233451,0.9797723,-1.9413545,0.08393277,0.7781279,-1.715539,0.028129868,0.9405981,-1.9210863,-0.097834334,1.0,-1.9454347,0.067783326,0.9543975,-1.9691257,0.11362417,0.7755848,-1.7050335
219,4.394693374633789,0.0,0.0,0.0,-0.3441600203514099,-0.3441600203514099,-0.34243922024965284,1.0,0,0.11772772669792175,0.21784688532352448,0.03531837463378906,0.06561601161956787,-0.029921848326921463,-0.003594102570787072,1,0.08216786,-0.03887673,-0.01928835,0.057292826,-0.009562407,-0.11772773,0.016014207,-0.08689667,-0.025278637,0.11335058,0.016481461,0.0046961196,-0.03009975,0.95099324,-1.8972183,-0.1100171,1.0065217,-1.9090093,0.058552876,0.983384,-1.9287564,0.07725817,0.7907617,-1.7315569,-0.005449392,0.9393302,-1.9030049,-0.09282925,1.0,-1.9443277,0.06335714,0.957315,-1.93634,0.11126335,0.79570615,-1.7301481
220,4.4146764278411865,0.0,0.0,0.0,-0.33777934312820435,-0.33777934312820435,-0.3360904464125633,1.0,0,0.13877950608730316,0.16571523249149323,0.04163384437561035,0.053232137113809586,-0.061686474829912186,0.01232327800244093,1,-0.013903297,-0.019411398,0.049566686,0.028087236,-0.005333322,-0.1387795,-0.0077860034,0.0024288404,0.05610098,0.026458826,-0.008366109,0.019328354,-0.06423478,0.9512774,-1.8330104,-0.104516216,1.0190966,-1.9322846,0.051222436,0.9852103,-1.9586754,0.081814036,0.8146103,-1.7888622,-0.06840577,0.94545394,-1.8181404,-0.09609005,1.0,-1.9739184,0.048886634,0.98593897,-1.941845,0.08975168,0.81210047,-1.7830638
221,4.4349730014801025,0.0,0.0,0.0,-0.34945130348205566,-0.34945130348205566,-0.3477040469646454,1.0,0,0.0886770561337471,0.1719571352005005,0.026603102684020996,0.05348018556833267,-0.06203805282711983,0.03128913417458534,1,0.0022611017,-0.03499813,0.029589,0.052650586,-0.018514048,-0.088677056,-0.07003321,-0.020625964,0.0032795942,-0.026376357,0.074105255,-0.070407055,-0.05872367,0.95812976,-1.8005406,-0.09258465,1.0151575,-1.9501878,0.06862541,0.9532618,-1.9557656,0.09942401,0.8340982,-1.8144836,-0.05804534,0.94763035,-1.7916639,-0.07678947,1.0,-1.9767909,0.04761545,0.947074,-1.9547818,0.0915111,0.8563298,-1.8356057
222,4.455172538757324,0.0,0.0,0.0,-0.3616791367530823,-0.3616791367530823,-0.3598707410693169,1.0,0,0.0983804240822792,0.19905345141887665,0.02951412834227085,0.06534559279680252,-0.029330413788557053,0.02468203753232956,1,0.098380424,-0.08119843,-0.051960427,-0.0060828608,-0.022989659,-0.06650969,-0.014216543,-0.07080314,-0.06471732,0.075314306,0.01835448,0.015772518,-0.028739698,0.96961087,-1.8618213,-0.091251194,1.0274155,-1.944272,0.07210055,0.95436335,-1.9056424,0.1182702,0.8185104,-1.7696095,0.0007744301,0.94525135,-1.8774095,-0.09307605,1.0,-1.9642249,0.067835584,0.9331224,-1.9250575,0.14086449,0.82401675,-1.7648777
223,4.475121021270752,0.0,0.0,0.0,-0.35190349817276,-0.35190349817276,-0.3501439806818962,1.0,0,0.14238609373569489,0.2719695568084717,0.042715832591056824,0.08404965698719025,-0.017390448600053787,0.004508310463279486,1,0.118829876,-0.07628383,-0.0314778,0.038901273,0.0036814255,-0.08858148,0.030083999,-0.11048739,-0.073284715,0.1423861,-0.034949046,0.060703278,-0.02160579,0.9648007,-1.9109951,-0.102935866,1.0202112,-1.9324508,0.057014413,0.96477383,-1.9048418,0.09185225,0.80367136,-1.7421939,0.014043175,0.9419156,-1.9204384,-0.091265485,1.0,-1.9590253,0.066039614,0.93162763,-1.9268272,0.13456808,0.79318666,-1.7239829
224,4.494868993759155,0.0,0.0,0.0,-0.3380734324455261,-0.3380734324455261,-0.3363830652832985,1.0,0,0.1114351823925972,0.18073910474777222,0.0334305539727211,0.0542217381298542,-0.0562858060002327,8.98124126251787e-05,1,0.013553933,-0.008161565,0.036328245,0.019150646,-0.013555244,-0.111304924,0.028476492,-0.052142367,0.010687576,0.11143518,-0.018998113,0.04164846,-0.0385614,0.9517961,-1.8852987,-0.117375374,0.99024427,-1.8955324,0.03881658,0.97857136,-1.9429455,0.06687143,0.8022644,-1.7829344,-0.03449522,0.9493476,-1.8744003,-0.11163018,0.9861777,-1.9289238,0.047359526,0.96292865,-1.9397392,0.10030198,0.79656494,-1.7704399
225,4.514296770095825,0.0,0.0,0.0,-0.34339451789855957,-0.34339451789855957,-0.34167754530906674,1.0,0,0.11162437498569489,0.15405750274658203,0.03348731994628906,0.04910007491707802,-0.07300230860710144,0.01463834848254919,1,-0.025776612,-0.03214307,0.0514538,0.029992843,-0.02242097,-0.111624375,-0.043804858,-0.008216922,0.029952856,0.03507823,-0.013180175,0.035193477,-0.056157324,0.95737785,-1.819313,-0.11107667,1.0178893,-1.9353123,0.049441986,0.97756433,-1.9624618,0.07727733,0.82737064,-1.8212844,-0.06389031,0.94773495,-1.8038769,-0.10207882,1.0,-1.9687996,0.03630053,0.97509927,-1.953476,0.0878008,0.8234166,-1.8107264
226,4.534905433654785,0.0,0.0,0.0,-0.3494805097579956,-0.3494805097579956,-0.34773310720920564,1.0,0,0.09812427312135696,0.19749939441680908,0.043231844902038574,0.07261474430561066,-0.028245026245713234,0.026590857654809952,1,0.09799933,-0.06204449,-0.035854664,0.0071767555,-0.03442073,-0.08710878,0.026861696,-0.0068279286,0.02443655,0.06506279,0.014696133,0.09812427,-0.021575116,0.97848916,-1.8489565,-0.077474035,1.0432318,-1.9604752,0.07883802,0.95221555,-1.8982172,0.12330617,0.8648294,-1.8161824,0.007824684,0.9598758,-1.8597128,-0.07532101,1.0,-1.9866078,0.08689653,0.9501672,-1.8908862,0.142825,0.86923826,-1.7867451
227,4.556427240371704,0.0,0.0,0.0,-0.350497841835022,-0.350497841835022,-0.3487453526258469,1.0,0,0.11139947921037674,0.24136026203632355,0.042208194732666016,0.08374542742967606,-0.00540115125477314,0.018896717578172684,1,0.111091055,-0.07559168,-0.050117638,0.020141663,-0.011137952,-0.11139948,0.024202034,-0.08144592,-0.0480312,0.11051598,-0.016640497,0.052261207,-0.0049550235,0.98298097,-1.9088613,-0.08383529,1.0422082,-1.9543129,0.08203508,0.9447778,-1.8707328,0.11855314,0.84119165,-1.7602196,0.028372295,0.9603035,-1.9238966,-0.07779279,1.0,-1.9877328,0.08929569,0.920344,-1.8851421,0.15170793,0.8361995,-1.7445412
228,4.574027061462402,0.0,0.0,0.0,-0.3381670117378235,-0.3381670117378235,-0.3364761766791344,1.0,0,0.1377202719449997,0.19374153017997742,0.04131608456373215,0.05812244117259979,-0.05412536859512329,0.004309311509132385,1,0.03797704,-0.010146179,0.022677349,-0.0054972637,-0.017002406,-0.06687655,0.040719274,-0.08013752,-0.022147788,0.13772027,-0.027701642,0.04878197,-0.02768796,0.9491243,-1.8820745,-0.1251659,0.9934687,-1.8971701,0.041655026,0.9746773,-1.9187744,0.061915427,0.788857,-1.7902377,-0.016294848,0.94608045,-1.8752713,-0.12681508,0.988368,-1.917233,0.05387081,0.9506361,-1.9254187,0.10323151,0.7805465,-1.775603
229,4.5948264598846436,0.0,0.0,0.0,-0.34404438734054565,-0.34404438734054565,-0.3423241654038429,1.0,0,0.08195388317108154,0.16599875688552856,0.024586163461208344,0.049799639731645584,-0.08560188114643097,-0.0026846183463931084,1,0.0023086057,-0.04198633,0.030998627,-0.026829228,-0.026014125,-0.066264324,-0.02169326,-0.07289641,-0.046509214,0.08195388,-0.042758025,0.050464947,-0.05965835,0.93511724,-1.837239,-0.116756156,0.97008866,-1.8658504,0.036863618,0.99464804,-1.961632,0.059200786,0.7934209,-1.8063589,-0.058965765,0.92252135,-1.8279394,-0.12480493,0.96228445,-1.8857298,0.03035564,0.9727791,-1.9755847,0.08378695,0.7805935,-1.7912195
230,4.615613222122192,0.0,0.0,0.0,-0.3492301106452942,-0.3492301106452942,-0.3474839600920677,1.0,0,0.06872080266475677,0.16208814084529877,0.035372138023376465,0.05836854130029678,-0.032752491533756256,0.009949933737516403,1,0.032725837,-0.06125652,-0.018169476,0.04572018,-0.048170518,-0.051159687,-0.05322278,0.025569333,-0.018049331,0.0478274,0.05717347,0.0687208,-0.030456774,0.96970165,-1.87082,-0.08249958,1.0353721,-1.9254289,0.09471649,0.96876216,-1.927912,0.11550616,0.8474327,-1.7954773,-0.020639023,0.9513247,-1.8762709,-0.06878352,1.0,-1.9407768,0.07874966,0.976433,-1.9333268,0.12985438,0.8645847,-1.774861
231,4.633881092071533,0.0,0.0,0.0,-0.3554251492023468,-0.3554251492023468,-0.35364802345633506,1.0,0,0.10476688295602798,0.1548585295677185,0.048381805419921875,0.0670333281159401,0.004119088873267174,0.025174515321850777,1,0.074597925,-0.0422707,-0.022018295,-0.031874806,-0.007915577,-0.10476688,0.0089855185,-0.035004314,0.03186909,0.016790928,0.035835344,0.014217923,-0.018275455,0.97517943,-1.8819813,-0.06603885,1.0483818,-1.9487237,0.07100371,0.9407361,-1.8367256,0.13999039,0.859183,-1.7744629,0.004103923,0.96249825,-1.8885868,-0.07560129,1.0,-1.9801538,0.07369937,0.93023485,-1.8271649,0.14502767,0.8699336,-1.7701975
232,4.654731035232544,0.0,0.0,0.0,-0.3319470286369324,-0.3319470286369324,-0.3302872934937477,1.0,0,0.12043780833482742,0.2009081393480301,0.03613133728504181,0.06176931411027908,-0.02003166638314724,0.02752310037612915,1,0.044855364,-0.012020715,0.017155467,0.04146845,-0.004494773,-0.115242176,0.053281665,-0.05078033,0.026658155,0.12043781,-0.01273383,0.045793265,-0.032153882,0.95629436,-1.8753561,-0.0921092,1.0135832,-1.9429631,0.042336687,0.97148615,-1.8903928,0.09103422,0.8200417,-1.8102825,-0.018697273,0.95268816,-1.8702095,-0.07966867,1.0,-1.9775357,0.058321185,0.95625204,-1.8823954,0.12716556,0.8162216,-1.7965444
233,4.674578666687012,0.0,0.0,0.0,-0.34189268946647644,-0.34189268946647644,-0.3401832260191441,1.0,0,0.11445458978414536,0.2091303914785385,0.034336380660533905,0.06273911893367767,-0.07306712120771408,0.009858808480203152,1,0.016009027,-0.01709608,0.03477539,-0.04539187,-0.010149459,-0.037480265,0.0028125308,-0.10628147,-0.083740875,0.11445459,-0.06508664,0.052508127,-0.0679919,0.9324054,-1.8423615,-0.116107635,0.9612083,-1.870297,0.041313693,0.9896989,-1.9310975,0.072737835,0.798371,-1.8116076,-0.063189186,0.9272766,-1.8319288,-0.1297252,0.95816344,-1.881541,0.042157453,0.95781446,-1.9562198,0.107074216,0.778845,-1.7958552
234,4.6945414543151855,0.0,0.0,0.0,-0.3527621030807495,-0.3527621030807495,-0.35099829256534576,1.0,0,0.09464525431394577,0.21595659852027893,0.02839358150959015,0.06478697061538696,-0.07192789018154144,-0.007030292879790068,1,0.08679335,-0.06406826,-0.00633483,-0.028158834,-0.03725045,-0.05995412,0.013067978,-0.079241365,-0.057533707,0.094645254,-0.040023204,0.09415202,-0.04393494,0.94607115,-1.8705438,-0.08606833,0.99212193,-1.8638971,0.048557386,1.0003768,-1.9560437,0.06731856,0.78599346,-1.784627,-0.017896935,0.9268507,-1.8724443,-0.09451598,0.9809468,-1.8818834,0.05247778,0.9766044,-1.9733038,0.09571214,0.7739865,-1.7563814
235,4.714324235916138,0.0,0.0,0.0,-0.34448039531707764,-0.34448039531707764,-0.34275799334049223,1.0,0,0.11663546413183212,0.22707729041576385,0.05104362964630127,0.08426414430141449,-0.01852947473526001,0.0032695140689611435,1,0.09990072,-0.045144808,-0.023541182,0.019610861,-0.040246353,-0.116635464,0.072123334,0.008970654,0.03679516,0.0595271,0.025102375,0.112132885,-0.011802383,0.9673394,-1.8823242,-0.078282155,1.0510436,-1.9180963,0.092858344,0.9682776,-1.8944687,0.11817089,0.83696914,-1.7519511,0.018167835,0.95379597,-1.8893865,-0.07239889,1.0,-1.953087,0.114495344,0.9709688,-1.8834301,0.13602902,0.8444998,-1.7183112
236,4.734579801559448,0.0,0.0,0.0,-0.3265115022659302,-0.3265115022659302,-0.3248789447546005,1.0,0,0.17881080508232117,0.2790873944759369,0.055075645446777344,0.10016179829835892,-0.01723792962729931,0.025625834241509438,1,0.11733755,-0.03295581,0.0025307022,0.068266004,-0.011065035,-0.1788108,0.05876175,-0.02103627,0.09758665,0.0754161,-0.053360224,0.065724194,-0.024036862,0.96961194,-1.8545976,-0.07487527,1.0550756,-1.9535615,0.06549489,0.9445149,-1.8709849,0.11306023,0.85113204,-1.7916366,0.011164404,0.9597252,-1.8538383,-0.05439547,1.0,-2.0072048,0.083123416,0.938204,-1.8417089,0.13568506,0.83512396,-1.7719194
237,4.7541913986206055,0.0,0.0,0.0,-0.33818960189819336,-0.33818960189819336,-0.33649865388870237,1.0,0,0.08275078982114792,0.12173576653003693,0.024825215339660645,0.03696776553988457,-0.07444453239440918,0.0306960791349411,1,-0.029259784,0.010366713,0.04507039,-0.033863615,0.0120987035,-0.08275079,0.013790004,-0.03598853,-0.0047161896,0.04288494,-0.005237481,0.017598487,-0.035409756,0.94632566,-1.7866967,-0.105704196,1.0067844,-1.9190358,0.04927458,0.96262664,-1.9256203,0.07907425,0.80500776,-1.7976749,-0.04418769,0.94943565,-1.7731756,-0.11586328,1.0,-1.943861,0.05341158,0.9518301,-1.9270352,0.09193973,0.8034365,-1.7923954
238,4.773242235183716,0.0,0.0,0.0,-0.3394734263420105,-0.3394734263420105,-0.33777605921030046,1.0,0,0.10501597821712494,0.17462587356567383,0.03150475025177002,0.05238773301243782,-0.0892496183514595,0.015038601122796535,1,0.060051005,-0.023508696,-0.0063151787,0.0022082631,0.02630078,-0.036121927,-0.055612735,-0.09082423,-0.10501598,0.033743512,-0.020109968,-0.019517215,-0.040772267,0.9382858,-1.8271222,-0.11498383,0.9853352,-1.8770316,0.06291249,0.98074013,-1.9537468,0.058751725,0.7653385,-1.7766781,-0.022756964,0.9312332,-1.8290168,-0.11432135,0.9932254,-1.8878682,0.046228666,0.9534929,-1.9852515,0.06887478,0.7593055,-1.7825333
239,4.79445743560791,0.0,0.0,0.0,-0.3659297227859497,-0.3659297227859497,-0.36410007417201995,1.0,0,0.11034438014030457,0.1935540735721588,0.03310331702232361,0.06053873896598816,-0.04351259768009186,-0.009076474234461784,1,0.11034438,-0.06581484,-0.039846167,0.022080684,-0.019421278,-0.039693993,-0.050069552,-0.04459362,-0.097938605,0.036424402,0.038257223,-0.0070542265,-0.010241158,0.9469954,-1.8955908,-0.08354591,1.0180886,-1.8875039,0.08072531,0.9856155,-1.9402438,0.09518096,0.7809757,-1.6952348,0.022862159,0.9272509,-1.9075446,-0.0769217,1.0,-1.899412,0.06570445,0.9722374,-1.9696255,0.10610828,0.7924529,-1.6973511
240,4.813365459442139,0.0,0.0,0.0,-0.34454458951950073,-0.34454458951950073,-0.3428218665719032,1.0,0,0.14413587749004364,0.2811056077480316,0.04324076324701309,0.09148391336202621,-0.02360924892127514,-0.004426626954227686,1,0.09955531,-0.042797107,-0.0032727101,0.07488802,-0.030933548,-0.13433197,0.08655901,-0.030239183,0.054570265,0.14413588,-0.020467576,0.10038807,-0.019466378,0.9521462,-1.8869789,-0.105006486,1.036655,-1.9164014,0.08167456,0.96051174,-1.8863826,0.121024586,0.84075725,-1.7115477,0.010400217,0.93930703,-1.8879607,-0.08254008,1.0,-1.956701,0.10764226,0.95144,-1.8700114,0.16426535,0.83461696,-1.6814313
241,4.83422064781189,0.0,0.0,0.0,-0.32849323749542236,-0.32849323749542236,-0.32685077130794526,1.0,0,0.1699371188879013,0.19739675521850586,0.05098116397857666,0.062145840376615524,-0.07138929516077042,0.02051400952041149,1,0.028179688,-0.021298505,0.04558487,0.035346944,0.021305267,-0.16993712,0.014067025,0.00447791,0.049675614,0.042093422,-0.02285095,0.008843588,-0.055312768,0.94450676,-1.8104306,-0.104472965,1.0199013,-1.9301664,0.043657586,0.9679374,-1.9403502,0.09007125,0.817101,-1.787568,-0.046858862,0.9381172,-1.7967552,-0.09386888,1.0,-1.9811475,0.04787769,0.9692808,-1.9254475,0.10269928,0.8102457,-1.7849149
242,4.853518724441528,0.0,0.0,0.0,-0.3435627222061157,-0.3435627222061157,-0.34184490859508515,1.0,0,0.08798735588788986,0.19577811658382416,0.02639620751142502,0.05870548635721207,-0.1007695198059082,0.03254386782646179,1,-0.047233492,0.0011923887,0.060596436,0.0066725076,0.00750019,-0.08552848,-0.087987356,-0.043686263,-0.031065552,-0.076051265,0.038041845,-0.08463166,-0.047074575,0.9492981,-1.7295943,-0.10907315,0.998666,-1.9144887,0.0523047,0.9463244,-1.965835,0.07700792,0.80760705,-1.7829351,-0.061244622,0.9496558,-1.7114154,-0.10707139,1.0,-1.9401472,0.025908493,0.93321854,-1.9751546,0.05419254,0.8190196,-1.8083247
243,4.874181747436523,0.0,0.0,0.0,-0.37054428458213806,-0.37054428458213806,-0.36869156315922735,1.0,0,0.09688389301300049,0.1897190809249878,0.029065169394016266,0.0577302947640419,-0.056302133947610855,0.01984088122844696,1,0.08563012,-0.04733861,-0.043296766,0.007887677,-0.016888,-0.01057295,-0.09688389,-0.027202437,-0.08915662,-0.03908802,0.05758664,-0.034155402,-0.027653366,0.94071066,-1.8103714,-0.11152133,1.0109112,-1.9022903,0.088256806,0.9537734,-1.9259878,0.10666032,0.78135365,-1.7438722,-0.0019643288,0.9265091,-1.8233604,-0.10915503,1.0,-1.9054623,0.059191637,0.94561267,-1.9527348,0.09493391,0.79862964,-1.7541188
244,4.894317150115967,0.0,0.0,0.0,-0.3593558669090271,-0.3593558669090271,-0.35755908757448196,1.0,0,0.13167379796504974,0.2612481415271759,0.03950214013457298,0.08103050291538239,-0.01288449577987194,-0.0038064538966864347,1,0.1316738,-0.077314034,-0.065432,0.022340612,0.00045994655,-0.11757146,0.026355797,-0.07142911,-0.059140444,0.10587151,-0.028410058,0.07086036,-0.0072653294,0.9594158,-1.8994086,-0.11750474,1.020577,-1.9143242,0.07445105,0.95295537,-1.9005879,0.11397973,0.80059075,-1.693178,0.03223681,0.9362216,-1.9190382,-0.11080255,1.0,-1.9495956,0.082357794,0.93152666,-1.9183301,0.14574118,0.7920677,-1.67192
245,4.914015293121338,0.0,0.0,0.0,-0.3297045826911926,-0.3297045826911926,-0.32805605977773666,1.0,0,0.18414664268493652,0.30800557136535645,0.05524396896362305,0.09335623681545258,-0.03895074129104614,-0.0010348407085984945,1,0.125398,-0.005810357,-0.012742099,0.10874452,0.0021491144,-0.18414664,0.0501763,-0.034603696,0.07335696,0.14321142,-0.0335911,0.049723987,-0.031613648,0.9419517,-1.8667527,-0.12808487,1.0133317,-1.9036932,0.029665746,0.96832705,-1.9128968,0.083653525,0.8039688,-1.7473656,0.006005753,0.9402086,-1.8705754,-0.09546151,1.0,-1.9589372,0.044718638,0.95794594,-1.8908896,0.12661695,0.79389143,-1.7324483
246,4.934188365936279,0.0,0.0,0.0,-0.34273532032966614,-0.34273532032966614,-0.3410216437280178,1.0,0,0.12907743453979492,0.17114873230457306,0.03872323036193848,0.053530994802713394,-0.08801747858524323,0.02314598672091961,1,-0.05006934,-0.014566412,0.08182239,-0.018217439,0.006778937,-0.12907743,-0.03180768,0.018559597,0.036036525,-0.0075718034,-0.010962737,0.0025930395,-0.06437203,0.939688,-1.7541343,-0.12445235,1.0152785,-1.934279,0.03986252,0.95234317,-1.9596946,0.07865823,0.8294917,-1.7906393,-0.079392835,0.9353181,-1.7295876,-0.12991759,1.0,-1.9730022,0.030320216,0.9579111,-1.9488837,0.07638669,0.82620287,-1.7898613
247,4.9541990756988525,0.0,0.0,0.0,-0.34945011138916016,-0.34945011138916016,-0.34770286083221436,1.0,0,0.11239659041166306,0.19687029719352722,0.03371897712349892,0.059359680861234665,-0.07908681780099869,0.03333638980984688,1,-0.025510537,-0.016828973,0.046999317,0.042167015,-0.010247718,-0.05637432,-0.11239659,-0.023452181,-0.040992435,-0.071845055,0.061468586,-0.0821606,-0.051699303,0.9533123,-1.7450904,-0.11788597,1.0066937,-1.9343897,0.08747716,0.92560273,-1.9500811,0.09467861,0.8213056,-1.7961236,-0.059352465,0.9482636,-1.7309905,-0.10523587,1.0,-1.951302,0.053758185,0.91856706,-1.9623789,0.073125094,0.8397462,-1.8207718
248,4.974517822265625,0.0,0.0,0.0,-0.36636412143707275,-0.36636412143707275,-0.3645323008298874,1.0,0,0.11742107570171356,0.1941867172718048,0.03522632271051407,0.06191742792725563,-0.01986749842762947,0.016697747632861137,1,0.117421076,-0.07013221,-0.06266611,-0.013009473,-0.0064634173,-0.058201384,-0.032560732,-0.0441818,-0.073621266,0.04289568,0.029050052,0.01898729,-0.01905486,0.95719683,-1.8626416,-0.11152597,1.0210657,-1.9221661,0.08660971,0.93058413,-1.892471,0.14376348,0.81909454,-1.7159929,0.016171463,0.93615717,-1.8814414,-0.11542881,1.0,-1.9396266,0.07684149,0.9173296,-1.9145573,0.15663218,0.8278096,-1.7102968
249,4.994298696517944,0.0,0.0,0.0,-0.35191234946250916,-0.35191234946250916,-0.3501527877151966,1.0,0,0.1587989181280136,0.3115314543247223,0.04763967543840408,0.09392046183347702,-0.005893220193684101,-0.008388805203139782,1,0.14120167,-0.06790127,-0.04167492,0.06928836,0.0077884938,-0.13473772,0.022111386,-0.10582161,-0.05156735,0.15879892,-0.05448616,0.072239935,-0.014514975,0.9580303,-1.9116329,-0.1279802,1.0095835,-1.9156345,0.04361949,0.9500939,-1.880116,0.106098615,0.81412035,-1.6965052,0.027845528,0.9376599,-1.9241353,-0.10719369,1.0,-1.9560559,0.050252907,0.9183474,-1.8955861,0.15373829,0.7977745,-1.6748332
250,5.014364004135132,0.0,0.0,0.0,-0.3381214737892151,-0.3381214737892151,-0.33643086642026904,1.0,0,0.13883988559246063,0.1755804419517517,0.04165196418762207,0.05267412215471268,-0.05722019821405411,-0.0016941230278462172,1,0.0008722386,-0.0015525768,0.03455252,0.031832583,-0.010112609,-0.13883989,0.0056651607,-0.022935214,0.023255296,0.08801839,-0.0063227103,0.018793859,-0.05927471,0.9379258,-1.8539641,-0.12478599,0.9897416,-1.9056205,0.022456348,0.97252136,-1.9237479,0.079337105,0.8329357,-1.7656283,-0.05901304,0.93746006,-1.8435984,-0.115236215,0.98670787,-1.9472724,0.024155896,0.9656408,-1.9167713,0.10574262,0.8310389,-1.7599902
251,5.035033941268921,0.0,0.0,0.0,-0.3374602198600769,-0.3374602198600769,-0.33577291876077653,1.0,0,0.1022452786564827,0.16398903727531433,0.030673623085021973,0.049196772277355194,-0.08949078619480133,0.022858940064907074,1,-0.045453392,-0.013239359,0.07275167,-0.005265533,0.0142939035,-0.10224528,-0.07023687,0.030374229,0.040616963,-0.0237627,-0.024509594,0.0011106487,-0.08171304,0.92991024,-1.740124,-0.11315236,0.9949749,-1.9299984,0.05722277,0.9539885,-1.9650073,0.09073126,0.8450722,-1.8174272,-0.09534906,0.9259384,-1.7182984,-0.11473202,0.9992631,-1.960672,0.036151707,0.9631008,-1.9528222,0.08360245,0.8377193,-1.817094
252,5.054990530014038,0.0,0.0,0.0,-0.35771599411964417,-0.35771599411964417,-0.35592741414904594,1.0,0,0.09702055901288986,0.16790546476840973,0.02910614013671875,0.050605446100234985,-0.04225686937570572,0.03317983075976372,1,0.034158893,-0.048046,0.0015948211,0.011904985,-0.024004655,-0.010757619,-0.08907672,-0.014013046,-0.06084919,-0.014021415,0.09702056,-0.049371365,-0.049342755,0.9517344,-1.7871333,-0.09192894,1.0086875,-1.9405025,0.092658594,0.92461544,-1.916723,0.13061744,0.84475875,-1.8049911,-0.03909509,0.93732065,-1.786655,-0.08835744,1.0,-1.9437298,0.065935574,0.9204115,-1.9349778,0.12641102,0.8738649,-1.8198025
253,5.075155019760132,0.0,0.0,0.0,-0.36287111043930054,-0.36287111043930054,-0.36105675488710404,1.0,0,0.11926721781492233,0.2538386881351471,0.0357801653444767,0.07837320864200592,0.002375153824687004,0.016798939555883408,1,0.11926722,-0.08484888,-0.063828096,-0.0032218697,-0.001115894,-0.09785976,0.009691808,-0.07364667,-0.062802166,0.112277105,-0.027741037,0.08068644,-0.013843454,0.9673177,-1.8869089,-0.102963164,1.0185312,-1.9379073,0.05373721,0.9366899,-1.8489547,0.14432873,0.8382166,-1.7225269,0.02193671,0.94186306,-1.9060574,-0.10392973,1.0,-1.9672652,0.056644753,0.9145959,-1.8677953,0.17801186,0.8298943,-1.698321
254,5.094003915786743,0.0,0.0,0.0,-0.347845196723938,-0.347845196723938,-0.3461059707403183,1.0,0,0.15683183073997498,0.24429963529109955,0.04704955220222473,0.0732898861169815,-0.0131389694288373,-0.002679697936400771,1,0.08835203,-0.053895645,-0.01921244,0.048055325,-0.016285162,-0.0803157,0.009729204,-0.10946243,-0.05003291,0.15683183,6.4112246e-05,0.020025896,-0.023685448,0.9498009,-1.9094769,-0.12354444,0.9909798,-1.9127513,0.028177634,0.98020613,-1.8751569,0.09906435,0.8328603,-1.742203,0.002820162,0.9336322,-1.9152406,-0.10912784,0.98609424,-1.936846,0.031096395,0.9473674,-1.8901668,0.1461139,0.83287954,-1.7361952
255,5.114527940750122,0.0,0.0,0.0,-0.33664053678512573,-0.33664053678512573,-0.3349573341012001,1.0,0,0.09745258092880249,0.13221435248851776,0.02923572063446045,0.0396898128092289,-0.07480904459953308,0.0005461339605972171,1,-0.05440534,0.0009259273,0.037572768,-0.003465895,-0.00505502,-0.09745258,-0.02789869,-9.536743e-07,0.001408916,0.05275712,-0.002118109,-0.0023300108,-0.08831943,0.917951,-1.8238126,-0.102072835,0.96575725,-1.8774658,0.024155721,1.0014237,-1.9403821,0.086519636,0.84001213,-1.8103747,-0.104641035,0.91822875,-1.8125408,-0.1031126,0.96424073,-1.9067016,0.015786115,1.0,-1.9399594,0.10234678,0.8393767,-1.8110738
256,5.13437557220459,0.0,0.0,0.0,-0.34842410683631897,-0.34842410683631897,-0.34668198630213737,1.0,0,0.07186940312385559,0.1579921394586563,0.02156078815460205,0.04739760234951973,-0.06448785215616226,0.01412255223840475,1,-0.01304384,-0.058999516,0.017837135,0.040877383,-0.04543864,-0.0718694,-0.06777841,0.012350743,0.013469097,0.059168514,0.032380022,0.05112903,-0.06157518,0.935107,-1.8034084,-0.08874093,0.9934953,-1.9212898,0.05173886,0.99331945,-1.937965,0.10694142,0.86057323,-1.8411224,-0.06548833,0.91740716,-1.7980572,-0.076477714,0.9798637,-1.9428506,0.031405337,0.99702466,-1.9339243,0.12469197,0.87028724,-1.8257837
257,5.154415845870972,0.0,0.0,0.0,-0.3563624322414398,-0.3563624322414398,-0.3545806200802326,1.0,0,0.06872668117284775,0.14419567584991455,0.02834296226501465,0.05153597146272659,0.0012135572033002973,0.021275728940963745,1,0.06872668,-0.046755668,-0.020672347,-0.047382146,-0.014407727,-0.041257653,-0.037958276,-0.025274651,-0.051408675,-0.003823325,0.06751032,-0.0024500964,-0.024373405,0.9672093,-1.8702041,-0.06811656,1.028343,-1.9310327,0.08037828,0.94965565,-1.8457385,0.15785968,0.87608016,-1.7804695,-0.0037554,0.9531826,-1.8764058,-0.0823312,1.0,-1.9434099,0.0689908,0.9420733,-1.8611611,0.15671268,0.8963333,-1.7812046
258,5.174199342727661,0.0,0.0,0.0,-0.33952298760414124,-0.33952298760414124,-0.3378253726661205,1.0,0,0.1324826031923294,0.2577139437198639,0.0397447869181633,0.08127065747976303,0.006794951856136322,0.01406940445303917,1,0.10960719,-0.04401544,-0.037520066,0.05864618,-0.011155005,-0.1294186,0.028434502,-0.103711255,-0.028216012,0.1324826,-0.015732175,0.02418275,-0.023871757,0.9607995,-1.904148,-0.08092309,1.0252712,-1.9385186,0.044739187,0.9627365,-1.8440584,0.12146766,0.84951675,-1.7714477,0.009010401,0.9475949,-1.915404,-0.063329235,1.0,-1.9773443,0.05326954,0.9316231,-1.8525232,0.16121244,0.8447971,-1.7641928
259,5.193207263946533,0.0,0.0,0.0,-0.3393182158470154,-0.3393182158470154,-0.3376216247677803,1.0,0,0.13949215412139893,0.18058934807777405,0.04184764623641968,0.05417678877711296,-0.051251232624053955,0.00013068954285699874,1,0.010055349,0.0048080687,0.02412593,0.001414042,-0.004910818,-0.08161709,0.033657312,-0.054745335,-0.010982909,0.13949215,-0.017447494,0.034724496,-0.058393296,0.9300164,-1.8513944,-0.11991806,0.9575341,-1.8740851,0.025493436,0.9969308,-1.9020745,0.07994418,0.81447613,-1.8181357,-0.05537669,0.93145883,-1.8441566,-0.11949385,0.9560608,-1.8985702,0.03559063,0.9805072,-1.9053693,0.121791825,0.8092419,-1.8077184
260,5.215059995651245,0.0,0.0,0.0,-0.3500545620918274,-0.3500545620918274,-0.34830428928136825,1.0,0,0.0793900340795517,0.18110448122024536,0.02381701022386551,0.05433133617043495,-0.07789753377437592,-0.005883301142603159,1,-0.010712235,-0.06316441,0.02406193,-0.006272985,-0.04939901,-0.05281895,-0.06968318,-0.062472083,-0.057782385,0.079390034,-0.041442107,0.052233797,-0.07710944,0.9274024,-1.8258529,-0.10355623,0.9528769,-1.8525721,0.027388759,1.0123711,-1.9384289,0.07121278,0.8218251,-1.8272173,-0.080323115,0.90845305,-1.8186343,-0.10543813,0.93805724,-1.8684177,0.0064838044,0.99362946,-1.9557636,0.09502979,0.80939245,-1.8115472
261,5.235427141189575,0.0,0.0,0.0,-0.3469913601875305,-0.3469913601875305,-0.34525640338659286,1.0,0,0.07929309457540512,0.1670852154493332,0.023787928745150566,0.05358869209885597,-0.017069844529032707,0.003683511633425951,1,0.079293095,-0.047617808,-0.030714994,0.024518091,-0.03888158,-0.06391778,-0.022817874,0.015550633,-0.014433675,0.04940637,0.05457399,0.076358974,-0.032050632,0.9603471,-1.8758515,-0.07188749,1.0222539,-1.9165978,0.077955574,0.98569554,-1.8927472,0.13621952,0.87071985,-1.8009425,-0.008262703,0.9460618,-1.885066,-0.064532064,1.0,-1.9357731,0.07111021,0.99036074,-1.8970773,0.15104143,0.88709205,-1.7780348
262,5.254720687866211,0.0,0.0,0.0,-0.3492166996002197,-0.3492166996002197,-0.34747061610221863,1.0,0,0.1374833583831787,0.18576282262802124,0.0412449836730957,0.0644889622926712,0.023104382678866386,0.019739700481295586,1,0.080386326,-0.024807036,-0.02887047,-0.004689258,0.0029439996,-0.13748336,0.02442737,-0.053913236,0.050971247,0.03605753,0.00945159,0.013181962,-0.01998289,0.9655378,-1.892624,-0.058755994,1.0324639,-1.937464,0.06594077,0.962792,-1.8217283,0.14918673,0.8760925,-1.7780476,0.0041330103,0.95809567,-1.9012852,-0.06016277,1.0,-1.978709,0.07326898,0.946618,-1.806437,0.16000399,0.87892795,-1.774093
263,5.274803161621094,0.0,0.0,0.0,-0.3313620090484619,-0.3313620090484619,-0.3297051990032196,1.0,0,0.12793977558612823,0.20439580082893372,0.03838193416595459,0.061318762600421906,-0.029784897342324257,0.02119351737201214,1,0.05747127,-0.005311498,0.009145625,0.036680367,-0.0050956816,-0.10830944,0.06701851,-0.049859174,0.02096808,0.12793978,-0.011950433,0.03649673,-0.040490042,0.9388454,-1.8505081,-0.09803679,0.99391323,-1.9227996,0.032333024,0.98322546,-1.881479,0.08632572,0.8283372,-1.8153609,-0.02324866,0.9372519,-1.8477644,-0.087032676,0.99238455,-1.9552925,0.05243858,0.96826774,-1.8751886,0.124707654,0.82475203,-1.8044119
264,5.294651508331299,0.0,0.0,0.0,-0.33816662430763245,-0.33816662430763245,-0.3364757911860943,1.0,0,0.09850405901670456,0.20143355429172516,0.029551208019256592,0.060430049896240234,-0.08345149457454681,0.00792147871106863,1,-0.010996476,-0.0071861264,0.052247033,-0.06197728,-0.004352888,-0.045411926,-0.013677254,-0.09850406,-0.092766725,0.08428079,-0.06972439,0.035920244,-0.072399065,0.91926163,-1.8062912,-0.11305245,0.9500717,-1.8510332,0.027855389,1.0035148,-1.9377476,0.068536766,0.7967814,-1.8240203,-0.07569801,0.9171058,-1.7906171,-0.13164563,0.9487658,-1.8646568,0.023752213,0.97396356,-1.9655776,0.093821004,0.7758641,-1.8132442
265,5.3147876262664795,0.0,0.0,0.0,-0.35807645320892334,-0.35807645320892334,-0.35628607094287873,1.0,0,0.10477378964424133,0.18867358565330505,0.0314321368932724,0.056602075695991516,-0.05721643939614296,-0.00639759236946702,1,0.10477379,-0.05329227,-0.024514643,-0.01756916,-0.028490081,-0.06788768,0.006164961,-0.03759019,-0.043501157,0.055586617,-0.010428838,0.09438237,-0.033753924,0.93609375,-1.8616813,-0.08558331,0.9978591,-1.8588601,0.05453635,1.0098537,-1.9506974,0.08050835,0.790332,-1.7871671,-0.0023217872,0.92010605,-1.8690357,-0.090854056,0.9893121,-1.8792264,0.056385837,0.99857664,-1.9637477,0.09718434,0.7872034,-1.7588524
266,5.333258867263794,0.0,0.0,0.0,-0.3553726077079773,-0.3553726077079773,-0.3535957446694374,1.0,0,0.07786042243242264,0.13762490451335907,0.05995059013366699,0.07256122678518295,0.007669909857213497,0.001906414283439517,1,0.066100925,-0.0202857,-0.012655043,-0.031804852,-0.019320942,-0.07786042,-0.013740198,-0.008063258,-0.018795287,-0.021258138,0.07304067,0.01259404,-0.0052744895,0.9638236,-1.8849148,-0.075095944,1.0599506,-1.9116782,0.08994266,0.95847714,-1.8567446,0.1475544,0.8538029,-1.733642,0.0145557895,0.9577379,-1.8887112,-0.0846374,1.0,-1.9350363,0.0858206,0.95605814,-1.8623832,0.14117695,0.87571514,-1.7298638
267,5.354981422424316,0.0,0.0,0.0,-0.32133328914642334,-0.32133328914642334,-0.31972662270069124,1.0,0,0.21972982585430145,0.33225107192993164,0.06591904163360596,0.11604335159063339,-0.00011253009870415553,0.02348249964416027,1,0.14408132,-0.014594342,-0.024094606,0.10393101,0.013514858,-0.21972983,0.047701046,-0.021976972,0.10060943,0.1023749,-0.06345971,0.046732355,-0.027363911,0.9611985,-1.8692491,-0.077256605,1.0595593,-1.958671,0.046285488,0.95272017,-1.8447715,0.12443703,0.8645168,-1.7900593,0.015860487,0.9568202,-1.8764775,-0.046077304,1.0,-2.02459,0.060595803,0.94612706,-1.8145887,0.15514949,0.8454789,-1.7760396
268,5.375014781951904,0.0,0.0,0.0,-0.33613261580467224,-0.33613261580467224,-0.33445195272564887,1.0,0,0.08840493857860565,0.13382939994335175,0.02652144432067871,0.03999092057347298,-0.06272219866514206,0.027274275198578835,1,-0.009881282,0.014325602,0.04345758,-0.025549386,0.0145826945,-0.08840494,0.028003406,-0.042640172,-0.010210566,0.06225722,-0.008548396,0.01955395,-0.04621529,0.9155868,-1.7714688,-0.11477649,0.9974533,-1.9080188,0.052503325,0.9786079,-1.9205623,0.07832584,0.8038879,-1.8008837,-0.049179673,0.9198845,-1.7584314,-0.12244131,1.0,-1.9345403,0.060904346,0.96581584,-1.9236255,0.097003005,0.8013234,-1.7950175
269,5.394718885421753,0.0,0.0,0.0,-0.3514634370803833,-0.3514634370803833,-0.3497061198949814,1.0,0,0.12207295745611191,0.2447376549243927,0.03662186861038208,0.07342128455638885,-0.08691943436861038,0.01023900043219328,1,0.07436471,-0.043059032,0.022669826,-0.048406444,-0.026239526,-0.039321892,-0.027020862,-0.12207296,-0.12082492,0.052022073,-0.09223941,0.077301376,-0.028399616,0.9422777,-1.7936264,-0.13413827,0.9949354,-1.8606348,0.06346308,0.97838986,-1.9572678,0.059034273,0.77234024,-1.7779541,-0.0060902033,0.92936003,-1.7868255,-0.14866021,0.9870635,-1.8724314,0.05535682,0.941768,-1.9935153,0.07464089,0.7446684,-1.7547637
270,5.414287805557251,0.0,0.0,0.0,-0.3680720329284668,-0.3680720329284668,-0.36623167276382446,1.0,0,0.11688306927680969,0.1905478835105896,0.03605937957763672,0.06745196878910065,-0.04261613264679909,-0.010074896737933159,1,0.11688307,-0.040133923,-0.041363336,0.013487374,-0.014249086,-0.041881982,-0.06751069,-0.025623638,-0.09547874,-0.010679379,0.051318213,-0.010396278,0.007592693,0.9536042,-1.8693151,-0.10978335,1.0360594,-1.8895475,0.09519389,0.9778127,-1.9513535,0.09025292,0.7667162,-1.7125918,0.042657614,0.941564,-1.8817241,-0.10573714,1.0,-1.902112,0.07494068,0.9701256,-1.9799972,0.087049104,0.78211164,-1.7157106
271,5.432992935180664,0.0,0.0,0.0,-0.3449277877807617,-0.3449277877807617,-0.34320314884185793,1.0,0,0.13992814719676971,0.26776206493377686,0.04617774486541748,0.09195614606142044,-0.013513938523828983,-0.002812832361087203,1,0.109882474,-0.041591898,-0.02192973,0.043967355,-0.037880022,-0.13992815,0.0871582,-0.022383306,0.05142395,0.10603428,-0.014786847,0.11072375,-0.00089257956,0.95830166,-1.865433,-0.11564827,1.0461777,-1.9132457,0.092813574,0.9542737,-1.8827199,0.11970021,0.82876915,-1.699842,0.032072164,0.9458241,-1.8720119,-0.10245806,1.0,-1.9552242,0.118961036,0.9475587,-1.8672926,0.15151049,0.8243331,-1.6666249
272,5.455028057098389,0.0,0.0,0.0,-0.3255416750907898,-0.3255416750907898,-0.32391396671533584,1.0,0,0.1863722801208496,0.22640947997570038,0.05591166019439697,0.0704381912946701,-0.05274002254009247,0.018827002495527267,1,0.05992526,-0.020076027,0.03284952,0.058436338,0.022424608,-0.18637228,0.017926836,-0.0038685473,0.04970982,0.058875237,-0.031152505,0.017076472,-0.059075452,0.9365227,-1.7833931,-0.104086444,1.0198314,-1.9399793,0.04386899,0.95663136,-1.9429585,0.100166835,0.82249045,-1.7802992,-0.041097872,0.9304999,-1.7735382,-0.08655554,1.0,-1.995891,0.04924704,0.9554708,-1.9280455,0.117829405,0.8131447,-1.7751763
273,5.47467303276062,0.0,0.0,0.0,-0.34159576892852783,-0.34159576892852783,-0.3398877900838852,1.0,0,0.0929286852478981,0.19613464176654816,0.027878642082214355,0.05884040892124176,-0.09106910228729248,0.0306836124509573,1,-0.058873132,0.0037422078,0.056432735,-0.00091950496,0.014767594,-0.074820675,-0.07703487,-0.042497337,-0.020490928,-0.08676026,0.040788267,-0.092928685,-0.053197097,0.94050914,-1.7266166,-0.115918815,0.9888344,-1.9208658,0.052259937,0.9366144,-1.9685134,0.08509282,0.8046924,-1.7728671,-0.07085904,0.9416318,-1.7096868,-0.116194665,0.9932647,-1.9433119,0.029149476,0.9238652,-1.9746606,0.05906474,0.81692886,-1.8007457
274,5.494915962219238,0.0,0.0,0.0,-0.3722946047782898,-0.3722946047782898,-0.37043313175439835,1.0,0,0.11036300659179688,0.20679119229316711,0.0331089049577713,0.062037404626607895,-0.05555460974574089,0.017862770706415176,1,0.08175154,-0.039975256,-0.038190182,0.011273082,-0.0125599895,0.01686974,-0.11036301,-0.02960765,-0.10128801,-0.04812354,0.06395312,-0.052264772,-0.023240454,0.9443092,-1.7921088,-0.120471254,1.0021471,-1.9056991,0.09589174,0.94097257,-1.9204077,0.10520368,0.7845678,-1.729569,0.0012850091,0.9323166,-1.8035659,-0.11708933,0.9983791,-1.9006382,0.06278283,0.9320903,-1.9507941,0.090766616,0.80375373,-1.7452484
275,5.514251232147217,0.0,0.0,0.0,-0.3620561957359314,-0.3620561957359314,-0.36024591475725176,1.0,0,0.12768273055553436,0.26259395480155945,0.03830482065677643,0.0816681906580925,-0.013676058501005173,-0.007251156959682703,1,0.12768273,-0.080427065,-0.045974463,0.01605547,-0.009148813,-0.10397242,0.037414823,-0.07932335,-0.075039774,0.11791083,-0.021776222,0.07223992,-0.0063395575,0.96422267,-1.8781315,-0.1248181,1.0217075,-1.9181786,0.08031653,0.9438012,-1.9065518,0.12693754,0.80806404,-1.6810057,0.031965263,0.94009453,-1.8919239,-0.12000146,1.0,-1.9493703,0.09154098,0.9200042,-1.9290638,0.1623108,0.8015312,-1.6593337
276,5.534786224365234,0.0,0.0,0.0,-0.3291934132575989,-0.3291934132575989,-0.3275474461913109,1.0,0,0.18216949701309204,0.29259175062179565,0.05465090274810791,0.08775968104600906,-0.03829967975616455,-0.007007044740021229,1,0.111936465,-0.0052639684,-0.013260443,0.111917004,0.0065166573,-0.1821695,0.029020173,-0.031056242,0.07003416,0.1321972,-0.02991647,0.04517147,-0.0309783,0.9538947,-1.8718755,-0.12737955,1.0008255,-1.8884214,0.027249992,0.9643206,-1.903376,0.088968575,0.8018719,-1.7235485,0.0026026405,0.9523155,-1.8758537,-0.09380445,1.0,-1.9430723,0.035956044,0.95500374,-1.8823657,0.12862773,0.7928969,-1.709997
277,5.555032253265381,0.0,0.0,0.0,-0.3377029299736023,-0.3377029299736023,-0.3360144153237343,1.0,0,0.13460682332515717,0.16663038730621338,0.0403820276260376,0.050037261098623276,-0.08961671590805054,0.014785883016884327,1,-0.034544155,-0.02560671,0.0701206,-0.009716941,-0.0020283256,-0.13460682,-0.024892295,0.0164134,0.03713728,0.018969458,-0.012245836,-0.0020610276,-0.065258056,0.9397835,-1.7434295,-0.11962848,1.002278,-1.9284792,0.03415758,0.95127857,-1.9573574,0.078799225,0.82687885,-1.7849796,-0.07562131,0.9321015,-1.7223934,-0.122543566,1.0,-1.9688612,0.026689893,0.95620257,-1.9462162,0.08449006,0.8232051,-1.7855979
278,5.57461404800415,0.0,0.0,0.0,-0.3531472682952881,-0.3531472682952881,-0.35138153195381167,1.0,0,0.1325635313987732,0.22011417150497437,0.03976906090974808,0.066034235060215,-0.08289189636707306,0.029326846823096275,1,-0.024250107,-0.02412697,0.043224283,0.050498694,-0.021159807,-0.041189205,-0.13256353,-0.018345788,-0.045220796,-0.07740936,0.07829163,-0.09295677,-0.06388205,0.9490301,-1.7430028,-0.112764575,1.0019319,-1.9331644,0.09743548,0.91444796,-1.9443308,0.10475672,0.82985777,-1.790693,-0.07115708,0.941792,-1.7300355,-0.09761497,0.99558395,-1.9455211,0.05766642,0.90894425,-1.9578971,0.08153391,0.8533453,-1.81858
279,5.5950939655303955,0.0,0.0,0.0,-0.3702261745929718,-0.3702261745929718,-0.36837504372000696,1.0,0,0.10748641937971115,0.1843944936990738,0.032245926558971405,0.05868224799633026,-0.026908569037914276,0.015411135740578175,1,0.10748642,-0.07428555,-0.056252085,0.0022853157,-0.007411544,-0.044572044,-0.03703345,-0.043723434,-0.07169268,0.04548954,0.03137224,0.015555367,-0.026521482,0.9618853,-1.8380332,-0.10675502,1.0197086,-1.9200606,0.094573766,0.9215731,-1.8782063,0.13156733,0.81074095,-1.7276663,0.005724445,0.93959963,-1.8549088,-0.10606942,1.0,-1.9334322,0.08346373,0.9084561,-1.8997141,0.14521419,0.82015264,-1.7229997
280,5.615417957305908,0.0,0.0,0.0,-0.35100504755973816,-0.35100504755973816,-0.34925002232193947,1.0,0,0.16205567121505737,0.3109307885169983,0.04861670732498169,0.09327482432126999,-0.012594308704137802,-0.009265792556107044,1,0.14600365,-0.06354372,-0.04484388,0.055879477,0.004591962,-0.13717651,0.020101616,-0.109448105,-0.052221436,0.16205567,-0.04724825,0.061209735,-0.0112180635,0.9630821,-1.9059508,-0.12874945,1.001038,-1.9056545,0.042160384,0.9542748,-1.8824067,0.1052195,0.8135477,-1.7053988,0.03258303,0.94401896,-1.9194039,-0.1119856,1.0,-1.9468075,0.04819087,0.92144036,-1.8980732,0.1538362,0.7993732,-1.6870359
281,5.635039567947388,0.0,0.0,0.0,-0.33851927518844604,-0.33851927518844604,-0.33682667881250383,1.0,0,0.1195373609662056,0.15525904297828674,0.03586125373840332,0.046577759087085724,-0.055791836231946945,-0.008083204738795757,1,-0.018565563,-0.0062383753,0.04216814,0.026429733,-0.015915636,-0.11953736,-0.00795446,-0.029803948,0.014084125,0.07208189,-0.008671371,0.016783843,-0.051557846,0.9533496,-1.8594396,-0.1251594,0.9939979,-1.895122,0.024240762,0.96910536,-1.9196496,0.0750386,0.81858116,-1.7577227,-0.057127517,0.95147806,-1.8467891,-0.117230475,0.9892232,-1.9309833,0.021854423,0.9601642,-1.9154243,0.09666316,0.8159798,-1.7526876
282,5.654573202133179,0.0,0.0,0.0,-0.34073734283447266,-0.34073734283447266,-0.3390336561203003,1.0,0,0.10611789673566818,0.16208049654960632,0.031835317611694336,0.04862409830093384,-0.08958986401557922,0.013657188974320889,1,-0.05547562,-0.013300231,0.074688226,0.0019849285,0.004554427,-0.1061179,-0.05821029,0.025127668,0.044114366,-0.011202547,-0.0034273104,0.0069619687,-0.08702538,0.93205607,-1.7472378,-0.11598763,0.9871568,-1.9115154,0.060664102,0.94929516,-1.9573807,0.078597546,0.8369443,-1.8011961,-0.103668064,0.928066,-1.7248313,-0.11539215,0.9885231,-1.9433507,0.043201014,0.9568335,-1.9441464,0.07523678,0.8359161,-1.7991076
283,5.674657583236694,0.0,0.0,0.0,-0.35463500022888184,-0.35463500022888184,-0.3528618252277374,1.0,0,0.09742309898138046,0.16888482868671417,0.029226958751678467,0.05066545307636261,-0.051122210919857025,0.026465246453881264,1,0.0073379674,-0.048028048,0.01583806,0.03766838,-0.03322668,-0.029532803,-0.08721897,-0.00826729,-0.037679013,-0.015849762,0.0974231,-0.060645804,-0.065392315,0.95263034,-1.8000413,-0.0945581,1.005622,-1.9353034,0.09393544,0.9300491,-1.9116337,0.12701364,0.8408436,-1.7968823,-0.06319092,0.93822193,-1.7952899,-0.083257586,0.99565405,-1.9441633,0.06776974,0.9275689,-1.9229374,0.12225871,0.8700706,-1.815076
284,5.6960768699646,0.0,0.0,0.0,-0.3645087480545044,-0.3645087480545044,-0.3626862043142319,1.0,0,0.1106167808175087,0.23011738061904907,0.03318503499031067,0.06983489543199539,-0.009665639139711857,0.013179702684283257,1,0.11061678,-0.08579668,-0.069244154,0.005764631,-0.011949301,-0.09885878,-0.018341905,-0.055016864,-0.048410274,0.094626695,-0.014438399,0.06118435,-0.03212394,0.9577557,-1.8727963,-0.09169355,1.0111313,-1.9306669,0.041949272,0.9445837,-1.8486547,0.143668,0.8281207,-1.7324679,0.0010610968,0.9320167,-1.8935696,-0.08996416,1.0,-1.9603245,0.0364467,0.92807865,-1.8631778,0.172056,0.8237892,-1.7141126
285,5.714651584625244,0.0,0.0,0.0,-0.3456306457519531,-0.3456306457519531,-0.3439024925231934,1.0,0,0.16223999857902527,0.27860915660858154,0.04867200553417206,0.08358275890350342,-0.01565725728869438,-0.0033092626836150885,1,0.11983984,-0.044719044,-0.028326562,0.063885815,-0.0033041204,-0.11862703,0.018402433,-0.11197615,-0.04346709,0.16224,-0.01875951,0.029226173,-0.03420218,0.94867647,-1.8964382,-0.111411914,0.9854459,-1.9113595,0.01730553,0.9868573,-1.8726916,0.0970497,0.82334095,-1.7492815,0.0017497726,0.9352608,-1.9049362,-0.09224617,0.9844547,-1.9469477,0.022826262,0.9532645,-1.8857318,0.1457217,0.8177131,-1.7405137
286,5.734210252761841,0.0,0.0,0.0,-0.34064823389053345,-0.34064823389053345,-0.33894499272108075,1.0,0,0.09716962277889252,0.13583722710609436,0.029150843620300293,0.04075111821293831,-0.06580059230327606,-0.004578923340886831,1,-0.031074373,1.8954277e-05,0.048773404,-0.0056620804,-0.011179295,-0.09716962,-0.010045306,-0.028704531,-0.0054809283,0.06607081,-0.008732932,0.010573606,-0.07340926,0.93271357,-1.8414665,-0.119041644,0.9645543,-1.868888,0.040139064,0.9872893,-1.9255642,0.07192082,0.8163404,-1.7942582,-0.082731575,0.93271923,-1.8268346,-0.120740265,0.96120054,-1.8980389,0.037125472,0.9786779,-1.9272084,0.09174206,0.8137205,-1.7910862
287,5.75288462638855,0.0,0.0,0.0,-0.3466322124004364,-0.3466322124004364,-0.34489905133843424,1.0,0,0.09399441629648209,0.14054745435714722,0.02819836139678955,0.042164258658885956,-0.07421769946813583,0.007861032150685787,1,-0.019634636,-0.036536038,0.044194017,0.01648353,-0.03376098,-0.09399442,-0.045660313,-0.0018693717,0.011775276,0.039458133,0.006773087,0.04476359,-0.062205374,0.94193715,-1.7930728,-0.114339784,1.0002773,-1.9149169,0.062306583,0.982411,-1.9349322,0.085848525,0.8264899,-1.8179733,-0.068095766,0.93097633,-1.7798146,-0.10939472,0.99014896,-1.9431152,0.04860849,0.9818502,-1.9313997,0.09768596,0.82852185,-1.8045442
288,5.774137496948242,0.0,0.0,0.0,-0.357011079788208,-0.357011079788208,-0.355226024389267,1.0,0,0.06781279295682907,0.13594798743724823,0.022860407829284668,0.046047698706388474,-0.02005719766020775,0.02005203440785408,1,0.056840237,-0.045760725,-0.018439854,-0.014186552,-0.026992371,-0.048241675,-0.055267174,-0.019861225,-0.032935284,-0.0041526197,0.06781279,-0.020257918,-0.025336705,0.95939064,-1.8325012,-0.08429066,1.0228604,-1.9346356,0.08119213,0.9556586,-1.8757361,0.13650206,0.85350406,-1.7982104,-0.008284634,0.94566244,-1.8380331,-0.088546626,1.0,-1.9491081,0.06461197,0.94970024,-1.8856167,0.13525628,0.8738479,-1.8042878
289,5.792774438858032,0.0,0.0,0.0,-0.35182851552963257,-0.35182851552963257,-0.3500693729519844,1.0,0,0.11365403980016708,0.23314569890499115,0.03409624099731445,0.0775795504450798,0.0007517090998589993,0.016851991415023804,1,0.104689285,-0.06266068,-0.049471647,0.02923843,-0.018941676,-0.11365404,0.025543561,-0.08673164,-0.029015655,0.112332344,-0.008322453,0.03446406,-0.016705185,0.96824074,-1.8774083,-0.08880652,1.0340405,-1.9523454,0.044968,0.9470331,-1.8316625,0.12773173,0.8449219,-1.7634035,0.014701601,0.9494425,-1.8922497,-0.080034986,1.0,-1.9864416,0.05263107,0.9210136,-1.8403672,0.16143143,0.84242517,-1.7530643
290,5.814143419265747,0.0,0.0,0.0,-0.3389253318309784,-0.3389253318309784,-0.3372307051718235,1.0,0,0.15735158324241638,0.2234940528869629,0.04720547795295715,0.06704822927713394,-0.04027700796723366,0.005202542524784803,1,0.04840762,-0.012966913,0.022724193,0.03750398,-0.012447556,-0.09405445,0.050764732,-0.07213848,0.0037790134,0.15735158,-0.024679033,0.057880536,-0.05659141,0.92622775,-1.858819,-0.11533353,0.96784407,-1.8931884,0.025612704,0.9950789,-1.8946948,0.08370054,0.8057265,-1.8083756,-0.042069122,0.92233765,-1.8520018,-0.10408233,0.9641098,-1.9214047,0.040842123,0.97343737,-1.8935611,0.13090602,0.7983228,-1.7910115
291,5.832807540893555,0.0,0.0,0.0,-0.34454989433288574,-0.34454989433288574,-0.3428271448612213,1.0,0,0.10170204192399979,0.17314808070659637,0.030510611832141876,0.05194440484046936,-0.08072500675916672,-0.004456972703337669,1,-0.017103687,-0.026973201,0.037163273,-0.023238163,-0.029970953,-0.050729543,-0.030511335,-0.07492666,-0.06224641,0.10170204,-0.04313906,0.030715765,-0.077638835,0.9187483,-1.8181821,-0.1143407,0.9547189,-1.8681837,0.01810988,1.0123127,-1.9332404,0.08763584,0.81195503,-1.8188419,-0.08276994,0.91065633,-1.8070332,-0.12131215,0.9457276,-1.8834026,0.00895648,0.98983467,-1.9519143,0.11814645,0.7990133,-1.8096272
292,5.8548290729522705,0.0,0.0,0.0,-0.35223427414894104,-0.35223427414894104,-0.3504731027781963,1.0,0,0.07829923182725906,0.16318000853061676,0.023489713668823242,0.04888558387756348,-0.03179187700152397,0.001633588457480073,1,0.0720079,-0.053111393,-0.03363896,0.032715853,-0.037519604,-0.060136702,-0.022576734,0.01645047,-0.010113707,0.040602285,0.05228556,0.07829923,-0.034374587,0.94309986,-1.8550366,-0.08965648,1.001513,-1.9124993,0.055950888,1.004203,-1.916608,0.121420704,0.8406806,-1.8023664,-0.0127722155,0.92716646,-1.8651283,-0.079841726,0.99025714,-1.9305403,0.049177866,1.0,-1.9196421,0.1336014,0.8563663,-1.7788767
293,5.875094890594482,0.0,0.0,0.0,-0.335990309715271,-0.335990309715271,-0.33431035816669463,1.0,0,0.14854109287261963,0.313454806804657,0.04456232860684395,0.10290850698947906,0.01947638764977455,0.015944309532642365,1,0.1485411,-0.04858225,-0.03352369,-0.026661504,-0.016927868,-0.145156,0.12250556,-0.032916985,0.07288136,0.09092079,-0.020868747,0.14329274,-0.0047604144,0.9631822,-1.8655655,-0.07862774,1.0421082,-1.9378104,0.07390027,0.94561976,-1.818008,0.1426071,0.86966467,-1.7668637,0.039801914,0.94860756,-1.8756226,-0.086626194,1.0,-1.9813572,0.11065194,0.93574464,-1.7961435,0.16988333,0.86340404,-1.7238759
294,5.894937753677368,0.0,0.0,0.0,-0.33229970932006836,-0.33229970932006836,-0.330638210773468,1.0,0,0.12444008886814117,0.21075783669948578,0.03733205795288086,0.06542354077100754,-0.018062299117445946,0.019570427015423775,1,0.06839634,-0.007940578,0.019865988,0.034734342,-0.016231695,-0.12444009,0.062837325,-0.056993343,0.020952692,0.112450875,-0.024022836,0.03833717,-0.03002911,0.9396481,-1.8561791,-0.09876803,1.0175,-1.9447299,0.03348662,0.97565037,-1.8734605,0.10170807,0.82757133,-1.8043679,-0.009510208,0.93726593,-1.8502194,-0.08834773,1.0,-1.982062,0.052337818,0.95855236,-1.8671747,0.13544333,0.8203645,-1.7928667
295,5.914281129837036,0.0,0.0,0.0,-0.33275192975997925,-0.33275192975997925,-0.33108817011117936,1.0,0,0.07965345680713654,0.1664370894432068,0.02389603853225708,0.04993114620447159,-0.08840948343276978,0.007655452936887741,1,-0.051494565,0.019877058,0.03514297,-0.07965346,0.016117858,-0.04095064,-0.022935022,-0.05808657,-0.07815714,0.050587457,-0.04890811,0.013355835,-0.05836558,0.9143025,-1.7888223,-0.13433152,0.9538916,-1.8615131,0.030329213,0.9933468,-1.9280615,0.06708715,0.78182817,-1.805379,-0.07381395,0.9202657,-1.7782794,-0.15822756,0.95872694,-1.8737984,0.023448706,0.97592086,-1.9515086,0.08226339,0.7671557,-1.8013723
296,5.934556722640991,0.0,0.0,0.0,-0.3589492440223694,-0.3589492440223694,-0.35715449780225755,1.0,0,0.08534888923168182,0.16944758594036102,0.025604724884033203,0.052024368196725845,-0.07872939854860306,-0.0056748166680336,1,0.07865132,-0.05279259,-0.0076857265,-0.027909223,-0.02752639,-0.04061679,-0.011667152,-0.03868774,-0.065352105,0.057466347,-0.0018444351,0.08534889,-0.037441596,0.92045105,-1.8224604,-0.09294783,0.9879357,-1.8615263,0.042723216,1.0160347,-1.9554409,0.0751454,0.77587974,-1.7861007,-0.0138462,0.90461326,-1.8247662,-0.1013206,0.9796778,-1.8737113,0.03922307,1.0,-1.9750465,0.09238531,0.77532643,-1.760496
297,5.954628229141235,0.0,0.0,0.0,-0.35552123188972473,-0.35552123188972473,-0.3537436257302761,1.0,0,0.08074965327978134,0.16167306900024414,0.0457683801651001,0.06661535054445267,0.002296983264386654,-0.0016121723456308246,1,0.080479644,-0.022392128,-0.019631302,-0.055343434,-0.010315016,-0.07679018,-0.010248432,-0.006433162,-0.046662945,-0.02682186,0.08074965,0.01202595,0.009691246,0.94835854,-1.8753328,-0.09089939,1.0457684,-1.9125158,0.08532426,0.9674447,-1.8696351,0.1680366,0.83696663,-1.7120932,0.033835143,0.9416409,-1.8812222,-0.10750242,1.0,-1.9355528,0.08224973,0.9655148,-1.883634,0.15999004,0.8611915,-1.7084855
298,5.975157260894775,0.0,0.0,0.0,-0.32350534200668335,-0.32350534200668335,-0.32188781529664995,1.0,0,0.1974155157804489,0.33152371644973755,0.059224605560302734,0.11278969794511795,0.006699438206851482,0.01807374320924282,1,0.14414789,-0.018648524,-0.021153973,0.11348584,0.0104583185,-0.19741552,0.058332775,-0.024108417,0.10841046,0.117602535,-0.060551513,0.056028545,-0.017909393,0.94570756,-1.8590266,-0.077660084,1.0532883,-1.950274,0.034774117,0.96218306,-1.84471,0.13802579,0.839756,-1.7610722,0.025334977,0.940113,-1.8653728,-0.043614328,1.0,-2.0094986,0.05227395,0.9549505,-1.8121868,0.17330655,0.82159054,-1.7442636
299,5.995313405990601,0.0,0.0,0.0,-0.34372901916503906,-0.34372901916503906,-0.34201037406921386,1.0,0,0.08674498647451401,0.13151654601097107,0.026023507118225098,0.0396680012345314,-0.061159275472164154,0.028962362557649612,1,-0.044955693,0.018559597,0.05041147,-0.053726155,0.012046763,-0.08674499,0.018380689,-0.017779741,0.004213509,0.02788226,0.01924587,0.0037348915,-0.039169077,0.922191,-1.7760588,-0.11317677,1.0054694,-1.9370941,0.017980076,0.9747574,-1.918436,0.08978561,0.813817,-1.7926694,-0.052655786,0.92775893,-1.7609353,-0.12929462,1.0,-1.9631176,0.023494283,0.9694235,-1.917172,0.09815029,0.8195908,-1.791549
300,6.015174627304077,0.0,0.0,0.0,-0.34033501148223877,-0.34033501148223877,-0.33863333642482757,1.0,0,0.11506634950637817,0.21050351858139038,0.03451991081237793,0.06315109133720398,-0.08892959356307983,0.014909807592630386,1,0.03839366,-0.012005078,0.03949059,-0.044433877,0.010883467,-0.048097607,-0.031763073,-0.09541129,-0.11506635,0.04630128,-0.087972604,0.05909625,-0.04888228,0.9262587,-1.7629395,-0.13847391,0.9818877,-1.87308,0.053916916,0.9921817,-1.9488968,0.07213438,0.7658927,-1.7849159,-0.03736418,0.92265713,-1.7510923,-0.15180407,0.9851527,-1.8875093,0.044387996,0.9635583,-1.9834167,0.08602477,0.7395009,-1.767187
301,6.03467583656311,0.0,0.0,0.0,-0.3692096769809723,-0.3692096769809723,-0.3673636285960674,1.0,0,0.12361065298318863,0.22581812739372253,0.03880667686462402,0.07796914875507355,-0.03086990863084793,-0.007904875092208385,1,0.10929033,-0.016641786,-0.049232233,-0.0048455717,-0.013422787,-0.030393194,-0.12361065,-0.022183679,-0.10208091,-0.059624124,0.06541613,-0.03456538,0.010536149,0.94006455,-1.871629,-0.10433005,1.0388067,-1.8918961,0.09305296,0.98701036,-1.9396341,0.10678964,0.7578566,-1.6892972,0.04332325,0.935072,-1.8863987,-0.105783716,1.0,-1.9010141,0.055969764,0.98035526,-1.9702584,0.0889024,0.77748144,-1.6996669
302,6.0551581382751465,0.0,0.0,0.0,-0.3445446789264679,-0.3445446789264679,-0.34282195553183553,1.0,0,0.15976887941360474,0.35099929571151733,0.04793071746826172,0.11381779611110687,-0.00021900649880990386,-0.007239506114274263,1,0.15876888,-0.03951764,-0.037288863,0.032673374,-0.016757624,-0.15976888,0.13801248,-0.048385542,0.057428744,0.13829637,-0.043017175,0.15001117,0.01776506,0.95024586,-1.8696457,-0.14402315,1.0434939,-1.9016027,0.08389052,0.9515833,-1.878166,0.115435064,0.7857815,-1.6651344,0.06539573,0.93839055,-1.8808324,-0.13422114,1.0,-1.9495335,0.12529427,0.9370677,-1.8609374,0.15692398,0.7728763,-1.6201311
303,6.0763020515441895,0.0,0.0,0.0,-0.331570029258728,-0.331570029258728,-0.32991217911243437,1.0,0,0.1889851838350296,0.24286943674087524,0.05669558048248291,0.07795974612236023,-0.051021501421928406,0.017639368772506714,1,0.07380298,-0.016178472,0.022821222,0.06759296,0.014252932,-0.18898518,0.023681499,-0.009801235,0.067318544,0.071047515,-0.03382004,0.029808853,-0.046864007,0.93596596,-1.8100803,-0.12589571,1.0280589,-1.9315023,0.032268323,0.984701,-1.9309903,0.097018935,0.80749553,-1.7621311,-0.024723113,0.9311124,-1.803234,-0.10561782,1.0,-1.9881979,0.039372772,0.9817606,-1.9107947,0.11833319,0.7973495,-1.7531885
304,6.098296165466309,0.0,0.0,0.0,-0.3339119851589203,-0.3339119851589203,-0.3322424252331257,1.0,0,0.17462551593780518,0.20363537967205048,0.05238771438598633,0.06107877939939499,-0.09765396267175674,0.04355715215206146,1,-0.0059528514,-0.013252611,0.06981341,-0.015083072,0.03159068,-0.17462552,0.018728036,0.021403361,0.025097052,0.051732354,-0.022362372,0.006915948,-0.042447336,0.9310186,-1.6963557,-0.13413808,1.0094002,-1.9390899,0.04565101,0.9461265,-1.9664854,0.07914299,0.79704857,-1.782305,-0.04423319,0.9270428,-1.6754117,-0.138663,1.0,-1.9914776,0.051269423,0.95254755,-1.9589562,0.094662696,0.7903398,-1.7802302
305,6.112672805786133,0.0,0.0,0.0,-0.36343446373939514,-0.36343446373939514,-0.36161729142069815,1.0,0,0.08531104028224945,0.15419165790081024,0.025593310594558716,0.05064837262034416,-0.07525131851434708,0.04305804520845413,1,0.034658656,-0.045443848,0.0019898606,0.038030654,-0.00021160392,-0.011665045,-0.08531104,-0.04031758,-0.06775882,-0.04668229,0.050066434,-0.027233621,0.0068246424,0.94649494,-1.752863,-0.12559909,1.0206277,-1.9164665,0.09198079,0.9258235,-1.9281517,0.10017994,0.7460377,-1.7301823,0.01722224,0.9328618,-1.752266,-0.11418989,1.0,-1.919966,0.06638748,0.91372824,-1.9484794,0.086175255,0.7610577,-1.7383524
306,6.134324312210083,0.0,0.0,0.0,-0.36198022961616516,-0.36198022961616516,-0.36017032846808433,1.0,0,0.13067872822284698,0.24288128316402435,0.0450131893157959,0.08564145117998123,-0.02762676402926445,0.021363787353038788,1,0.13067873,-0.07397408,-0.042579155,-0.005670975,-0.0032408417,-0.071819015,0.023377744,-0.082193606,-0.08768967,0.10175835,-0.007823357,0.06341023,0.020429008,0.95767224,-1.844811,-0.13890922,1.0450132,-1.9319687,0.092082694,0.92461944,-1.8889091,0.12485334,0.78785723,-1.6931385,0.05963263,0.93548,-1.8575847,-0.14061052,1.0,-1.9535143,0.099096015,0.89996135,-1.915216,0.15538085,0.78551024,-1.6741154
307,6.154451131820679,0.0,0.0,0.0,-0.3410657048225403,-0.3410657048225403,-0.3393603762984276,1.0,0,0.1490730345249176,0.2875705659389496,0.04472191631793976,0.08681607991456985,-0.03234752640128136,0.008560423739254475,1,0.12407009,-0.04175923,-0.046942264,0.11437279,-0.006695593,-0.14655213,-0.014991979,-0.0784392,0.0023208875,0.14907303,-0.005093689,0.010998598,-0.004552014,0.9509079,-1.8688198,-0.13650505,1.009917,-1.9204445,0.032773986,0.9837879,-1.895477,0.12153074,0.78512865,-1.7009902,0.032669015,0.9383801,-1.8829025,-0.102193214,1.0,-1.9644102,0.028276393,0.96025616,-1.8947808,0.16625266,0.78360057,-1.6976906
308,6.176587104797363,0.0,0.0,0.0,-0.33810973167419434,-0.33810973167419434,-0.33641918301582335,1.0,0,0.12963128089904785,0.1751071810722351,0.038889408111572266,0.05253215879201889,-0.07026664167642593,0.01756497472524643,1,0.0015613683,-0.027163913,0.025013693,0.050797228,-0.010839711,-0.12963128,-0.010974999,-0.010157052,0.04876108,0.080339916,0.0016896065,0.027125299,-0.06300877,0.9335841,-1.8010125,-0.096623525,0.98871034,-1.9054328,0.024537042,0.970293,-1.9250847,0.107097805,0.83524984,-1.7411596,-0.06254036,0.92543495,-1.7935084,-0.08138435,0.98545843,-1.9443222,0.021244543,0.9672459,-1.9104564,0.13119978,0.8357567,-1.733022
309,6.194602727890015,0.0,0.0,0.0,-0.34821903705596924,-0.34821903705596924,-0.34647794187068937,1.0,0,0.06885778158903122,0.13143986463546753,0.02065730094909668,0.03943192586302757,-0.08733197301626205,0.02698478288948536,1,-0.05622002,-0.023959214,0.06885778,0.007287895,-0.0061341897,-0.06634452,-0.04016512,-0.004555561,0.023129838,0.028115354,0.006054627,0.03621962,-0.074219555,0.9326429,-1.7692487,-0.09447465,0.9864242,-1.9220954,0.07725142,0.93573374,-1.9415871,0.11748779,0.8404278,-1.77505,-0.09108556,0.9254551,-1.7485914,-0.092288285,0.984584,-1.9419987,0.065201886,0.93436706,-1.9346482,0.1259224,0.8422442,-1.7641841
310,6.214648962020874,0.0,0.0,0.0,-0.3614020347595215,-0.3614020347595215,-0.3595950245857239,1.0,0,0.06957415491342545,0.15505793690681458,0.020872242748737335,0.04651737958192825,-0.06248433515429497,0.027363648638129234,1,0.051801965,-0.06666048,-0.021831555,0.02631231,-0.022721414,-0.036073714,-0.069574155,-0.03973487,-0.05770522,0.021966048,0.056677397,-0.02202777,-0.05011923,0.94207865,-1.7960942,-0.10199675,0.9946594,-1.9177479,0.0910581,0.9245706,-1.9136881,0.1328998,0.82116914,-1.7626494,-0.03457864,0.9220805,-1.8026437,-0.09410305,0.987843,-1.9285699,0.070185855,0.91265017,-1.9309996,0.13948962,0.8381724,-1.7692578
311,6.234388113021851,0.0,0.0,0.0,-0.3550161123275757,-0.3550161123275757,-0.3532410317659378,1.0,0,0.10595843195915222,0.22264397144317627,0.03178751468658447,0.06700221449136734,-0.04540321230888367,0.017316743731498718,1,0.1040509,-0.06064557,-0.034982536,0.04774637,-0.012152417,-0.10595843,-0.0082128355,-0.08563195,-0.044593412,0.10053407,-0.009236715,0.02462179,-0.019363955,0.9567962,-1.8528283,-0.105631985,1.0064232,-1.9224768,0.04206709,0.95558196,-1.8841934,0.122154884,0.813287,-1.7334424,0.011851316,0.93860257,-1.863323,-0.09130807,1.0,-1.9542643,0.039603237,0.92989236,-1.8975714,0.15231511,0.810516,-1.7260559
312,6.254352331161499,0.0,0.0,0.0,-0.34205254912376404,-0.34205254912376404,-0.34034228637814523,1.0,0,0.13642726838588715,0.20690210163593292,0.04092812538146973,0.06251227110624313,-0.05187820643186569,0.012987753376364708,1,0.08498035,-0.02149383,-0.008837078,0.044792097,0.0067963735,-0.13642727,0.0053283493,-0.08507743,-0.021384938,0.08056009,0.0113425385,-0.0062742364,-0.01337339,0.95736766,-1.8527666,-0.12445475,1.0076929,-1.919684,0.030092493,0.97564054,-1.9007744,0.09648925,0.80375934,-1.7502432,0.012120718,0.9509195,-1.8554177,-0.11101712,1.0,-1.9606122,0.031690996,0.9501173,-1.9071898,0.12065728,0.8071621,-1.7521255
313,6.274217128753662,0.0,0.0,0.0,-0.34656888246536255,-0.34656888246536255,-0.34483603805303575,1.0,0,0.09350434690713882,0.1496497094631195,0.028051257133483887,0.04757804051041603,-0.0689203068614006,0.016497734934091568,1,-0.0048630047,-0.014572188,0.065769695,-0.006857218,-0.01571803,-0.09350435,0.0012281121,-0.048552062,-0.00096306455,0.057048555,-0.025213253,0.050460454,-0.021911673,0.94693816,-1.8064742,-0.13470763,1.0164424,-1.9232647,0.05262672,0.9537233,-1.9231617,0.08661649,0.8086695,-1.7665998,-0.023370575,0.9425665,-1.7867433,-0.1367648,1.0,-1.951316,0.052995156,0.93915766,-1.9234507,0.10373105,0.80110556,-1.7514616
314,6.294220447540283,0.0,0.0,0.0,-0.3478837013244629,-0.3478837013244629,-0.3461442828178406,1.0,0,0.09543310850858688,0.1824275255203247,0.02862989902496338,0.05724496766924858,-0.06061100587248802,0.01773975044488907,1,0.06724263,-0.04716745,0.0048962757,0.011857119,-0.031484008,-0.08945431,0.018533504,-0.043589707,-0.0074652545,0.07339147,-0.02413528,0.09543311,-0.020708129,0.95921755,-1.805051,-0.1315366,1.0192618,-1.9273018,0.07419875,0.9379957,-1.9204468,0.094792284,0.81024414,-1.7683784,-0.0005353391,0.9450673,-1.8035821,-0.12797947,1.0,-1.954138,0.0797588,0.9249188,-1.9226863,0.116809726,0.80300355,-1.7397485
315,6.314244508743286,0.0,0.0,0.0,-0.3509700894355774,-0.3509700894355774,-0.3492152389883995,1.0,0,0.10360975563526154,0.17743492126464844,0.031082868576049805,0.057792261242866516,-0.04759969934821129,0.016764480620622635,1,0.07085693,-0.049647786,-0.018877946,0.04786674,-0.021347605,-0.103609756,-0.032850362,-0.059952777,-0.03088961,0.060287666,0.02700164,-0.012957539,-0.018705614,0.9627644,-1.8348182,-0.120812565,1.0233983,-1.9297326,0.066188514,0.94016236,-1.898966,0.112548105,0.81623566,-1.7479885,0.0025514662,0.94787,-1.8404816,-0.10645254,1.0,-1.9608154,0.056333404,0.92217654,-1.9082328,0.13063441,0.8243362,-1.7518758
316,6.33437180519104,0.0,0.0,0.0,-0.34725725650787354,-0.34725725650787354,-0.3455209702253342,1.0,0,0.10142753273248672,0.17066770792007446,0.030428290367126465,0.051654644310474396,-0.054387886077165604,0.017440661787986755,1,0.02512517,-0.0439319,0.0028360928,0.06342995,-0.015070741,-0.10142753,-0.029167922,-0.056895804,-0.007794107,0.06565,0.048739493,-0.03443834,-0.032935984,0.94714504,-1.8328731,-0.116364844,1.0081956,-1.9369564,0.042292573,0.9529736,-1.8972434,0.11275646,0.8204297,-1.7626235,-0.025398433,0.93396544,-1.8320223,-0.09733586,1.0,-1.9673847,0.033542193,0.93590486,-1.8995817,0.13245146,0.83505154,-1.7729551
317,6.354217529296875,0.0,0.0,0.0,-0.34692883491516113,-0.34692883491516113,-0.3451941907405853,1.0,0,0.12485305964946747,0.19131873548030853,0.03745592385530472,0.057395629584789276,-0.05978455767035484,0.015361380763351917,1,0.025659367,-0.05840125,0.0137858605,0.032385115,-0.038715485,-0.08141396,-0.000506779,-0.04750832,0.003955662,0.12485306,-0.015712764,0.071131304,-0.053782392,0.9359523,-1.8310603,-0.10971501,0.98824084,-1.9303735,0.044419654,0.9626314,-1.9089764,0.12346076,0.8324572,-1.7785232,-0.046084583,0.91843194,-1.8269246,-0.09999947,0.9766262,-1.9547977,0.04426762,0.9483789,-1.9077897,0.16091669,0.82774335,-1.7571838
318,6.374524354934692,0.0,0.0,0.0,-0.3480607867240906,-0.3480607867240906,-0.3463204827904701,1.0,0,0.12215840816497803,0.22042803466320038,0.036647528409957886,0.06612839549779892,-0.05331103876233101,0.010627305135130882,1,0.07264838,-0.06482156,-0.006646331,0.0384224,-0.040346827,-0.09065677,0.012339344,-0.05544479,-0.010393646,0.12215841,-0.029220773,0.09290307,-0.04213439,0.9355851,-1.8434385,-0.10356484,0.99130934,-1.9241643,0.049435638,0.9647883,-1.8987287,0.12861253,0.8290579,-1.7669611,-0.020339873,0.9161386,-1.8454324,-0.092038125,0.9792053,-1.9513613,0.05313744,0.94815487,-1.9018468,0.16526006,0.82029164,-1.7390902
319,6.394377946853638,0.0,0.0,0.0,-0.34334295988082886,-0.34334295988082886,-0.3416262450814247,1.0,0,0.10521373897790909,0.2004254162311554,0.03156411647796631,0.06012759730219841,-0.05296037346124649,0.01109056081622839,1,0.067151375,-0.03794836,0.015563808,0.027518155,-0.029118106,-0.10521374,0.036410175,-0.053462397,0.009534213,0.09887344,-0.025912615,0.081126034,-0.025303096,0.94338655,-1.8389078,-0.116912514,1.003154,-1.9246349,0.05871231,0.9549955,-1.9013977,0.11243712,0.81627643,-1.7660842,-0.005157683,0.93200207,-1.8342386,-0.10865707,0.9944186,-1.956199,0.06963536,0.9389568,-1.8985374,0.14209916,0.8085027,-1.7417464
320,6.41524338722229,0.0,0.0,0.0,-0.34407734870910645,-0.34407734870910645,-0.3423569619655609,1.0,0,0.11222609132528305,0.18745756149291992,0.033667802810668945,0.056237246841192245,-0.05874759331345558,0.014124791137874126,1,0.05904637,-0.02267286,0.031643257,0.0045589437,-0.02187617,-0.11222609,0.0341871,-0.060401995,0.0029179123,0.068493016,-0.03700704,0.07847279,-0.014747597,0.94271487,-1.8116002,-0.12698485,1.0056548,-1.9286952,0.06497868,0.9402047,-1.9103421,0.09850599,0.8104774,-1.7746054,0.0029663146,0.935913,-1.8021072,-0.12561716,0.999092,-1.962363,0.075234815,0.9220841,-1.9094667,0.11905389,0.79937524,-1.7510636
321,6.4347984790802,0.0,0.0,0.0,-0.34470996260643005,-0.34470996260643005,-0.3429864127933979,1.0,0,0.09756745398044586,0.1940620094537735,0.029270291328430176,0.05941426753997803,-0.05781359598040581,0.012536621652543545,1,0.068697326,-0.038298752,0.016218945,-0.00013051927,-0.026230492,-0.097567454,0.027800197,-0.06500521,-0.015689317,0.07868304,-0.038928825,0.089734435,-0.00372307,0.9487672,-1.8140666,-0.13237436,1.0142328,-1.9229858,0.071648195,0.93351287,-1.9141737,0.09736753,0.79916793,-1.7640455,0.016886128,0.93727756,-1.809201,-0.13241352,1.0,-1.9522561,0.079988256,0.9140113,-1.9188805,0.12097245,0.7874893,-1.7371252
322,6.454455375671387,0.0,0.0,0.0,-0.3486441373825073,-0.3486441373825073,-0.3469009166955948,1.0,0,0.09237890690565109,0.1644846796989441,0.027713656425476074,0.050327450037002563,-0.05463867634534836,0.009465103968977928,1,0.055212006,-0.04613401,-0.006207505,0.03546341,-0.01823694,-0.09237891,-0.037135128,-0.06775608,-0.043284673,0.050833862,0.030237574,-0.019339148,-0.011907674,0.94468,-1.8306975,-0.12714908,1.0113056,-1.9217193,0.06658083,0.93833566,-1.9100375,0.10735584,0.8046422,-1.7549243,0.0046559274,0.9308398,-1.8325598,-0.11651005,1.0,-1.949433,0.05544029,0.9180088,-1.9230229,0.122606,0.8137135,-1.7607261
323,6.47421407699585,0.0,0.0,0.0,-0.34639227390289307,-0.34639227390289307,-0.3446603125333786,1.0,0,0.11151879280805588,0.18522733449935913,0.03345564007759094,0.05556821450591087,-0.05535092577338219,0.009776398539543152,1,0.03466767,-0.054780718,0.009593308,0.033085138,-0.03624516,-0.08805158,0.008682513,-0.036817692,0.01120748,0.11151879,-0.008914048,0.07602961,-0.026792526,0.93639547,-1.8314837,-0.11936822,1.0004629,-1.9258989,0.058729067,0.9494185,-1.9056867,0.11761695,0.82052875,-1.7607114,-0.016392224,0.9199613,-1.8286058,-0.10944267,0.98958933,-1.9523144,0.06133382,0.93837315,-1.9023244,0.15107259,0.8178545,-1.7379025
324,6.492865800857544,0.0,0.0,0.0,-0.34610360860824585,-0.34610360860824585,-0.3443730905652046,1.0,0,0.1204388439655304,0.2068149298429489,0.03613165020942688,0.06204447150230408,-0.051033731549978256,0.010468732565641403,1,0.057804916,-0.06417613,-0.0059796995,0.04839629,-0.039244026,-0.0949237,0.006254911,-0.03703807,0.012045656,0.120438844,-0.011459787,0.078682825,-0.04111119,0.9278194,-1.8391064,-0.10640728,0.99357975,-1.932849,0.05284439,0.9527351,-1.8949306,0.13820781,0.84114134,-1.7710841,-0.023769714,0.90856653,-1.8409003,-0.09188839,0.9818065,-1.9613261,0.054720864,0.9416237,-1.8913169,0.17433946,0.8377034,-1.7474792
325,6.514280796051025,0.0,0.0,0.0,-0.3456360697746277,-0.3456360697746277,-0.34390788942575456,1.0,0,0.11606555432081223,0.1918826699256897,0.03481966257095337,0.05756479874253273,-0.05365878343582153,0.010170653462409973,1,0.042841464,-0.0544641,0.00849067,0.038065735,-0.036520075,-0.09019604,0.006635213,-0.04424907,0.0069560506,0.116065554,-0.0131182065,0.07303016,-0.040355593,0.9256777,-1.8353698,-0.10231864,0.9896124,-1.9311062,0.05149267,0.95739144,-1.8937397,0.13204882,0.8338426,-1.7764919,-0.027503153,0.9093385,-1.8328227,-0.090898916,0.97865635,-1.958165,0.053483233,0.9441167,-1.891653,0.16686848,0.8299071,-1.7545829
326,6.536085844039917,0.0,0.0,0.0,-0.34491637349128723,-0.34491637349128723,-0.3431917916238308,1.0,0,0.09862598776817322,0.18879154324531555,0.029587790369987488,0.056637462228536606,-0.05938323587179184,0.008471671491861343,1,0.05288054,-0.045819566,0.015867252,0.013006672,-0.030583676,-0.09299372,0.014819718,-0.058658693,-0.010410566,0.09862599,-0.028643148,0.080162115,-0.030821137,0.92884505,-1.8273209,-0.11404684,0.9881005,-1.9217708,0.056038015,0.95527333,-1.9037482,0.114246294,0.81464946,-1.7773091,-0.0149569735,0.9150992,-1.8225608,-0.11014484,0.9789254,-1.9496689,0.06048393,0.9376757,-1.9068713,0.14383408,0.8060565,-1.7532604
327,6.5540502071380615,0.0,0.0,0.0,-0.3447432816028595,-0.3447432816028595,-0.3430195651948452,1.0,0,0.09871422499418259,0.19249214231967926,0.02961421012878418,0.05774761736392975,-0.058196719735860825,0.008110465481877327,1,0.068480894,-0.039620515,0.013003576,0.0064914008,-0.027292492,-0.098714225,0.030881379,-0.05864709,-0.007047015,0.08539954,-0.03102613,0.085992426,-0.01287134,0.93814343,-1.8240061,-0.12395777,1.0033983,-1.9208761,0.06963218,0.94147813,-1.9061291,0.10502627,0.8071518,-1.7665315,0.0076729283,0.92625725,-1.820105,-0.12201035,0.9952105,-1.9504904,0.0788966,0.92388403,-1.9082432,0.13064612,0.79784393,-1.7407337
328,6.574225664138794,0.0,0.0,0.0,-0.34377485513687134,-0.34377485513687134,-0.342055980861187,1.0,0,0.10843535512685776,0.19884157180786133,0.03253066539764404,0.06059928238391876,-0.055728960782289505,0.009712022729218006,1,0.078051604,-0.033268195,0.013112399,0.008543956,-0.02606986,-0.108435355,0.040265195,-0.05731649,0.0021170774,0.075999066,-0.03424835,0.08829831,-0.007570751,0.9418519,-1.8174493,-0.1274971,1.0132295,-1.92366,0.07366297,0.9322365,-1.9045057,0.10153943,0.8036467,-1.7614229,0.01584473,0.9318715,-1.8135157,-0.12493392,1.0,-1.9561907,0.085742526,0.91504157,-1.9038706,0.124339156,0.79337215,-1.7349334
329,6.594334363937378,0.0,0.0,0.0,-0.3444754481315613,-0.3444754481315613,-0.34275307089090346,1.0,0,0.0971372127532959,0.1801292896270752,0.02914118766784668,0.054404184222221375,-0.058627571910619736,0.01010970864444971,1,0.051194668,-0.038541388,0.021080835,0.012801174,-0.029300053,-0.09713721,0.014468297,-0.055695668,-0.005819937,0.0830336,-0.028955696,0.07974713,-0.012689635,0.938999,-1.8134047,-0.12815158,1.0108114,-1.9226052,0.067994654,0.9335681,-1.9077829,0.10499921,0.80423,-1.7627491,0.0026687654,0.9274366,-1.8070804,-0.12431123,1.0,-1.9517463,0.07233515,0.9168594,-1.9095289,0.12990929,0.79554325,-1.738825
330,6.6133527755737305,0.0,0.0,0.0,-0.34892719984054565,-0.34892719984054565,-0.34718256384134294,1.0,0,0.08618954569101334,0.1572762131690979,0.025856852531433105,0.0471828393638134,-0.06017293781042099,0.009018494747579098,1,0.035334703,-0.048379373,-0.0016006326,0.042812727,-0.017619805,-0.086189546,-0.04788418,-0.06040659,-0.035748202,0.040063173,0.04050817,-0.033261992,-0.028005816,0.9331034,-1.8239579,-0.12136375,0.9999589,-1.9220536,0.06011848,0.9456532,-1.9057161,0.11697309,0.814368,-1.7649373,-0.017405406,0.9185896,-1.8244381,-0.108519934,0.99467295,-1.9479104,0.045753226,0.92753124,-1.9164405,0.12899204,0.82652044,-1.7749159
331,6.634341716766357,0.0,0.0,0.0,-0.3534727692604065,-0.3534727692604065,-0.35170540541410444,1.0,0,0.07707797735929489,0.15881799161434174,0.02312338352203369,0.04764539375901222,-0.05528914928436279,0.009164334274828434,1,0.029328212,-0.062928796,-0.008370095,0.043044,-0.024235664,-0.07707798,-0.041651353,-0.047520958,-0.026241295,0.05653298,0.055186495,-0.032070924,-0.03659583,0.9280896,-1.8324994,-0.11019357,0.99503195,-1.9256281,0.05577416,0.9523399,-1.8969685,0.1305897,0.8271737,-1.7682692,-0.027797364,0.909211,-1.8350104,-0.09728037,0.98776126,-1.9487514,0.043278754,0.9380836,-1.9048408,0.14754958,0.8437297,-1.7778904
332,6.654808759689331,0.0,0.0,0.0,-0.34638088941574097,-0.34638088941574097,-0.34464898496866225,1.0,0,0.12724007666110992,0.21971312165260315,0.03817202150821686,0.06591393798589706,-0.0483165942132473,0.009011892601847649,1,0.06573078,-0.063731715,-0.0056713177,0.040435564,-0.039560296,-0.10079049,0.022627445,-0.043716755,0.01044377,0.12724008,-0.019147601,0.086091526,-0.040150966,0.92886585,-1.8417966,-0.10244246,0.9962897,-1.9302361,0.052815266,0.9569986,-1.8904685,0.13334298,0.834028,-1.7719254,-0.02043173,0.90974635,-1.843498,-0.09031179,0.9844216,-1.9604733,0.0596035,0.94388354,-1.8873353,0.171515,0.8282837,-1.746098
333,6.675186395645142,0.0,0.0,0.0,-0.34420686960220337,-0.34420686960220337,-0.34248583525419235,1.0,0,0.11173473298549652,0.20691707730293274,0.0335204154253006,0.062075112015008926,-0.05182972177863121,0.008789715357124805,1,0.066832975,-0.04242423,0.0134062655,0.03408214,-0.028384786,-0.10427079,0.030014474,-0.056092065,0.0077259764,0.11173473,-0.026289016,0.079032645,-0.03750624,0.92929494,-1.8305044,-0.10971147,0.9939083,-1.92712,0.052730903,0.9545588,-1.8941615,0.11919843,0.8254015,-1.7786902,-0.017456349,0.9165677,-1.8264825,-0.09948683,0.98539287,-1.9584012,0.061735246,0.93773115,-1.8918437,0.15271884,0.8175148,-1.7549804
334,6.694692373275757,0.0,0.0,0.0,-0.348094642162323,-0.348094642162323,-0.3463541689515114,1.0,0,0.10245901346206665,0.1560392677783966,0.030737757682800293,0.04681181535124779,-0.06165945529937744,0.008824508637189865,1,0.03929149,-0.024792438,0.018168315,0.025745476,-0.0038990704,-0.10245901,-0.03449325,-0.07205348,-0.04095514,0.020614672,0.029156761,-0.03674105,-0.024662837,0.9372771,-1.8166606,-0.12440081,0.99843204,-1.9212825,0.05861795,0.94850564,-1.9075254,0.101193234,0.8117396,-1.7791126,-0.01287539,0.9298394,-1.8112102,-0.116677165,0.9972623,-1.9520203,0.048269972,0.9268896,-1.919812,0.10737763,0.82048666,-1.7901349
335,6.71416974067688,0.0,0.0,0.0,-0.3480468988418579,-0.3480468988418579,-0.3463066643476486,1.0,0,0.09488847851753235,0.190032958984375,0.02846658229827881,0.05700991302728653,-0.055730659514665604,0.00868943054229021,1,0.06590007,-0.040432815,0.012278636,-0.011828391,-0.02992048,-0.09488848,0.02858463,-0.05618884,-0.011501295,0.07783956,-0.031389546,0.09377801,-0.011615701,0.944666,-1.8172842,-0.12863891,1.0088792,-1.923016,0.070187904,0.93972343,-1.9096464,0.10159831,0.8118154,-1.7722106,0.008154321,0.9325362,-1.8136007,-0.13218743,0.999903,-1.9514825,0.07876329,0.92286676,-1.9130968,0.12495018,0.8023985,-1.7440772
336,6.734234809875488,0.0,0.0,0.0,-0.3423095941543579,-0.3423095941543579,-0.34059804618358613,1.0,0,0.12061560899019241,0.2432480752468109,0.03618466854095459,0.07448321580886841,-0.04437922313809395,0.008307508192956448,1,0.106979184,-0.046838723,-0.011487265,0.035675596,-0.033816326,-0.12061561,0.049282312,-0.056831703,0.010761938,0.10236471,-0.041398797,0.10231343,-0.012508199,0.9474458,-1.8327525,-0.12164374,1.018039,-1.9262303,0.07177948,0.93932956,-1.8993372,0.11375745,0.81826544,-1.7639316,0.019585557,0.9333942,-1.8361987,-0.11094106,1.0,-1.962415,0.086564176,0.9222801,-1.8961086,0.14446686,0.8058458,-1.7332376
337,6.754062652587891,0.0,0.0,0.0,-0.34452494978904724,-0.34452494978904724,-0.342802325040102,1.0,0,0.10142526030540466,0.1804441213607788,0.030427582561969757,0.05413612350821495,-0.05348123237490654,0.01030790340155363,1,0.03711261,-0.0343284,0.025878679,0.03901924,-0.027956987,-0.10087292,0.014140779,-0.0444156,0.018280365,0.10142526,-0.012750097,0.06243894,-0.025252804,0.93914855,-1.8210672,-0.12065138,1.0084057,-1.9290159,0.057749584,0.9420584,-1.9045779,0.10789522,0.82004774,-1.7721721,-0.014119022,0.92885005,-1.8133036,-0.10894561,1.0,-1.9592777,0.06199182,0.9287337,-1.8990937,0.1383228,0.8162227,-1.7534404
338,6.773396968841553,0.0,0.0,0.0,-0.3489399552345276,-0.3489399552345276,-0.34719525545835495,1.0,0,0.08032995462417603,0.15821924805641174,0.024098992347717285,0.04746578261256218,-0.06523894518613815,0.010918578132987022,1,0.015308064,-0.049718786,0.005830262,0.04433868,-0.019186975,-0.080329955,-0.058980837,-0.059157696,-0.034807052,0.03897051,0.044477366,-0.04265259,-0.045033637,0.9288242,-1.8117222,-0.11646381,0.9919295,-1.9284279,0.051062062,0.9530259,-1.9081117,0.118135884,0.8284149,-1.7905517,-0.04044122,0.91390854,-1.8099731,-0.10316221,0.9861734,-1.9525269,0.033367813,0.9352786,-1.9185538,0.12982704,0.84175813,-1.8033475
339,6.793153285980225,0.0,0.0,0.0,-0.3524542450904846,-0.3524542450904846,-0.3506919738650322,1.0,0,0.11988045275211334,0.20969682931900024,0.035964131355285645,0.0629090741276741,-0.04922943934798241,0.008511408232152462,1,0.071163,-0.074381,-0.020203507,0.02264868,-0.03883691,-0.079516456,0.013026783,-0.03322606,-0.0035739266,0.11988045,-0.0069746473,0.09443162,-0.035168223,0.93464595,-1.8383403,-0.10468823,0.99563783,-1.9294726,0.05931353,0.9555447,-1.8970801,0.1365413,0.84302694,-1.776254,-0.013819322,0.91233164,-1.8444014,-0.097893625,0.98398674,-1.9533275,0.06322157,0.9455769,-1.8981522,0.17250544,0.8409345,-1.7479246
340,6.814266920089722,0.0,0.0,0.0,-0.3436819911003113,-0.3436819911003113,-0.34196358114480974,1.0,0,0.12948906421661377,0.25207167863845825,0.03884671628475189,0.07562150806188583,-0.03625932335853577,0.00580246839672327,1,0.10179695,-0.06258892,-0.012091901,0.04851653,-0.039635655,-0.11008258,0.044519592,-0.056634933,0.007839723,0.12948906,-0.03516574,0.0990752,-0.028572954,0.93768525,-1.8567506,-0.10084632,1.0042561,-1.9335554,0.061322372,0.94943535,-1.8778108,0.1351124,0.84758246,-1.7644778,0.0019661319,0.9189086,-1.8603781,-0.08629136,0.9923654,-1.9665802,0.07467825,0.9324449,-1.875459,0.17395912,0.83703274,-1.7347553
341,6.833277702331543,0.0,0.0,0.0,-0.3434159755706787,-0.3434159755706787,-0.3416988956928253,1.0,0,0.11220507323741913,0.18940286338329315,0.033661484718322754,0.0568208321928978,-0.05509410798549652,0.0077033089473843575,1,0.05370134,-0.015774913,0.03137606,0.029445244,-0.013794392,-0.11220507,0.039848424,-0.054801043,0.020994028,0.097866885,-0.020730888,0.055403255,-0.036181487,0.9306713,-1.822733,-0.117204435,0.9934152,-1.9219329,0.05164569,0.95590687,-1.9014254,0.1114906,0.8263046,-1.7904924,-0.020071084,0.9259388,-1.8133203,-0.10837086,0.9892769,-1.9555944,0.06360022,0.93946654,-1.8951272,0.14085066,0.82008535,-1.7738714
342,6.853338241577148,0.0,0.0,0.0,-0.34750616550445557,-0.34750616550445557,-0.3457686346769333,1.0,0,0.08985214680433273,0.16360490024089813,0.026955604553222656,0.049081411212682724,-0.07126657664775848,0.009630522690713406,1,0.017405776,-0.03406624,0.03931219,-0.0056893304,-0.030137971,-0.08985215,-0.016645536,-0.06194469,-0.027216842,0.061985273,-0.03590765,0.068971485,-0.02314011,0.93778497,-1.7989012,-0.1263079,0.99515235,-1.9206271,0.06305099,0.94896615,-1.9217794,0.09768836,0.8211921,-1.7955357,-0.017918378,0.9275651,-1.7871076,-0.1280147,0.986111,-1.9475827,0.05805733,0.9303827,-1.9299444,0.116283946,0.8104198,-1.7748443
343,6.873364448547363,0.0,0.0,0.0,-0.34972867369651794,-0.34972867369651794,-0.3479800303280354,1.0,0,0.10057748854160309,0.18933197855949402,0.030173301696777344,0.058222200721502304,-0.05340311676263809,0.008930548094213009,1,0.08708483,-0.04951004,-0.013482729,0.004503188,-0.03397591,-0.08910009,0.019170621,-0.037446856,-0.012282794,0.064298116,-0.018590624,0.10057749,-0.004254237,0.9494686,-1.8198866,-0.12267018,1.016356,-1.9255223,0.08080107,0.9349299,-1.9082966,0.10895553,0.8210498,-1.7767662,0.021871213,0.9346156,-1.8239313,-0.12131923,1.0,-1.9522524,0.086552255,0.92369586,-1.9119815,0.12824497,0.8154726,-1.7465929
344,6.896406412124634,0.0,0.0,0.0,-0.34196531772613525,-0.34196531772613525,-0.3402554911375046,1.0,0,0.11980247497558594,0.24899962544441223,0.03594076633453369,0.07746584713459015,-0.03782529756426811,0.010487315244972706,1,0.10549303,-0.051812463,-0.011601899,0.045420036,-0.033871125,-0.119802475,0.053598132,-0.047881525,0.023984484,0.11922135,-0.03120563,0.09778474,-0.0053455234,0.95025766,-1.8458549,-0.11941448,1.022894,-1.9329114,0.07850305,0.9323017,-1.8856747,0.12238446,0.830362,-1.7581928,0.026302386,0.9347139,-1.8493354,-0.10578847,1.0,-1.9688522,0.09458249,0.9179372,-1.8784794,0.15815087,0.82100034,-1.7288574
345,6.913564443588257,0.0,0.0,0.0,-0.3430216610431671,-0.3430216610431671,-0.3413065527379513,1.0,0,0.11615802347660065,0.19474589824676514,0.034847408533096313,0.05842377990484238,-0.052924931049346924,0.011648793704807758,1,0.035801593,-0.03848611,0.019994944,0.055243824,-0.031252317,-0.10327338,0.008754124,-0.04895603,0.018532848,0.11615802,-0.015136346,0.05941943,-0.039024454,0.9310099,-1.8229438,-0.111794144,0.9982858,-1.931644,0.052117698,0.95039403,-1.9006389,0.119727015,0.8341674,-1.7853221,-0.028283976,0.91946405,-1.8169453,-0.095221,0.9889101,-1.962626,0.054743934,0.9357072,-1.8950791,0.15457442,0.8296265,-1.7674962
346,6.934791803359985,0.0,0.0,0.0,-0.350103497505188,-0.350103497505188,-0.3483529800176621,1.0,0,0.10531085729598999,0.16004404425621033,0.03159325569868088,0.04801322892308235,-0.07282038778066635,0.008729558438062668,1,0.0013845528,-0.04921076,0.020582927,0.010767122,-0.03470648,-0.057857063,-0.022047855,-0.052007664,-0.017187262,0.10531086,-0.013185103,0.05786521,-0.055272363,0.9228869,-1.8156046,-0.11058149,0.9744677,-1.9199327,0.04770255,0.96195334,-1.9135325,0.1220407,0.83814085,-1.7940382,-0.054856997,0.9081237,-1.8094296,-0.10735135,0.9640558,-1.9372898,0.041088194,0.94635105,-1.9186887,0.15363395,0.8341853,-1.7766786
347,6.954427480697632,0.0,0.0,0.0,-0.3511817753314972,-0.3511817753314972,-0.3494258664548397,1.0,0,0.09740396589040756,0.1896422654390335,0.029221192002296448,0.05689264088869095,-0.055358655750751495,0.005550926085561514,1,0.06417494,-0.071541965,-0.019345487,0.0284611,-0.04011856,-0.07438911,-0.009175366,-0.024941707,-0.017551666,0.097403966,-0.0013274893,0.08886145,-0.036025666,0.928946,-1.8430548,-0.1037186,0.98564726,-1.9180988,0.062901884,0.96175873,-1.8993585,0.14095971,0.84384686,-1.7720048,-0.016773183,0.90748346,-1.8488585,-0.09518027,0.9736117,-1.9404155,0.060149275,0.9542762,-1.904624,0.1701809,0.84344864,-1.7453464
348,6.97431492805481,0.0,0.0,0.0,-0.34222978353500366,-0.34222978353500366,-0.3405186346173286,1.0,0,0.11741364002227783,0.2413245290517807,0.035224080085754395,0.07239733636379242,-0.038483574986457825,0.00816074013710022,1,0.103796795,-0.05173908,-0.012682265,0.038924005,-0.033641107,-0.11741364,0.0620397,-0.041255824,0.027672155,0.10749654,-0.024612308,0.09856587,-0.02080144,0.9364531,-1.8516604,-0.10007422,1.0030587,-1.928236,0.06676867,0.9499078,-1.8774835,0.13705987,0.8432344,-1.762109,0.0103376005,0.9209314,-1.855465,-0.08839701,0.99296635,-1.9634601,0.08538058,0.93753105,-1.8691819,0.16930883,0.8358507,-1.7325393
349,6.993670701980591,0.0,0.0,0.0,-0.3413727283477783,-0.3413727283477783,-0.33966586470603943,1.0,0,0.12311719357967377,0.1926703304052353,0.03693521022796631,0.05780578777194023,-0.0537080317735672,0.01309046521782875,1,0.058616046,-0.013398121,0.036860764,0.026534773,-0.010629114,-0.12311719,0.041000787,-0.055068593,0.02175281,0.0836878,-0.029823365,0.055614714,-0.021479778,0.9339549,-1.8197614,-0.11834329,1.003272,-1.9318942,0.062608376,0.9416069,-1.89194,0.1107378,0.826421,-1.7844511,-0.0038949642,0.92993546,-1.8087032,-0.11038286,1.0,-1.9688294,0.074908614,0.9250863,-1.8854141,0.13584414,0.817474,-1.7677667
350,7.01438045501709,0.0,0.0,0.0,-0.3460081219673157,-0.3460081219673157,-0.3442780813574791,1.0,0,0.08142223954200745,0.17023417353630066,0.024426698684692383,0.05107027292251587,-0.07823935151100159,0.011057542636990547,1,0.01696171,-0.022591606,0.047078423,-0.026622515,-0.013948423,-0.08142224,-0.0070309774,-0.080824986,-0.045226883,0.057907727,-0.05002946,0.06283697,-0.021340907,0.9351802,-1.7938038,-0.1347272,0.9949502,-1.9094882,0.06095926,0.9437487,-1.9178939,0.09355748,0.80381835,-1.7838933,-0.016252393,0.9284027,-1.7796803,-0.14271395,0.99076563,-1.9339149,0.058849968,0.9195012,-1.9314619,0.110929795,0.7888095,-1.7650423
351,7.0345988273620605,0.0,0.0,0.0,-0.35079652070999146,-0.35079652070999146,-0.3490425381064415,1.0,0,0.0939120277762413,0.17872384190559387,0.02817356586456299,0.053617142140865326,-0.06309201568365097,0.005289596039801836,1,0.06488744,-0.05205205,-0.003619831,-0.0066165486,-0.038324647,-0.07334136,-0.006481352,-0.05065945,-0.040249545,0.06751068,-0.022632344,0.09391203,-0.010174006,0.9445137,-1.8256124,-0.13058254,1.0091225,-1.9129841,0.075573064,0.939739,-1.9129071,0.10581076,0.8079283,-1.7641542,0.009292226,0.92889804,-1.8266984,-0.13256751,0.9976251,-1.9349866,0.07362866,0.9245412,-1.924982,0.12606397,0.80113864,-1.7359806
352,7.055270433425903,0.0,0.0,0.0,-0.35356733202934265,-0.35356733202934265,-0.3517994953691959,1.0,0,0.09326183795928955,0.16469687223434448,0.02797853946685791,0.05270381644368172,-0.04222022742033005,0.007262781728059053,1,0.06257476,-0.057462905,-0.022851808,0.044455707,-0.028333671,-0.09326184,-0.03125784,-0.043446887,-0.021751346,0.049069002,0.04341663,-0.016667752,-0.013878837,0.94315076,-1.8496937,-0.115479544,1.0202161,-1.92704,0.07477178,0.9380398,-1.8856256,0.13229483,0.8260871,-1.7490468,0.0048935916,0.9259119,-1.8565491,-0.10214283,1.0,-1.9550185,0.065394424,0.92500573,-1.892151,0.14701554,0.8391121,-1.7540472
353,7.074798345565796,0.0,0.0,0.0,-0.34173673391342163,-0.34173673391342163,-0.3400280502438545,1.0,0,0.12845726311206818,0.2337607890367508,0.03853718936443329,0.07012820988893509,-0.045695364475250244,0.012736751697957516,1,0.07683248,-0.046863437,-0.0022756,0.07109211,-0.023524141,-0.12493933,0.03482905,-0.0272267,0.049600713,0.12845726,-0.009700467,0.065667756,-0.034398757,0.93202436,-1.834464,-0.104673274,1.0062644,-1.9422513,0.044927813,0.9475386,-1.8892332,0.13061236,0.8389358,-1.7761059,-0.011349011,0.91796535,-1.8351467,-0.08334564,0.9992072,-1.9797331,0.05537653,0.93937063,-1.874353,0.16914955,0.83602566,-1.7564056
354,7.095001220703125,0.0,0.0,0.0,-0.34618639945983887,-0.34618639945983887,-0.3444554674625397,1.0,0,0.1080244779586792,0.17179188132286072,0.03240734338760376,0.05153757333755493,-0.05996158346533775,0.011457067914307117,1,0.026196951,-0.04658905,0.020957448,0.017862657,-0.0336987,-0.08100189,-0.00061481976,-0.055256676,-0.0016882281,0.10802448,-0.013407785,0.057400737,-0.058062438,0.918847,-1.8225424,-0.10529314,0.9827695,-1.9294909,0.056201376,0.95587337,-1.8928694,0.13305,0.84813404,-1.789522,-0.050203353,0.90487033,-1.8162552,-0.09993434,0.9726599,-1.9537915,0.05601693,0.93929636,-1.8933759,0.16545734,0.8441117,-1.7723018
355,7.1162755489349365,0.0,0.0,0.0,-0.3476865887641907,-0.3476865887641907,-0.3459481558203697,1.0,0,0.10477926582098007,0.1987575739622116,0.03143377602100372,0.059627264738082886,-0.06751098483800888,0.0024721806403249502,1,0.053381607,-0.05539998,0.010403711,0.017380593,-0.033272527,-0.07560421,-0.010901366,-0.070257924,-0.040513992,0.104779266,-0.044105593,0.08204902,-0.043164045,0.9275179,-1.8324343,-0.11386237,0.9813058,-1.9042555,0.05831395,0.96127295,-1.9071714,0.11442441,0.8196453,-1.7798681,-0.027149562,0.9108979,-1.8293132,-0.108648196,0.971324,-1.9269367,0.05504354,0.94019556,-1.9193256,0.14585818,0.8064136,-1.7552534
356,7.134656667709351,0.0,0.0,0.0,-0.34746187925338745,-0.34746187925338745,-0.3457245698571205,1.0,0,0.09952256828546524,0.20466776192188263,0.02985680103302002,0.06140035763382912,-0.056614071130752563,0.0004970552399754524,1,0.09184166,-0.044273082,-0.005532501,0.0076442664,-0.030942218,-0.09952257,0.036736734,-0.052466694,-0.007113312,0.08090609,-0.025224539,0.09595664,-0.021085441,0.9400407,-1.8381987,-0.12091291,0.9993572,-1.9098127,0.0740119,0.94990116,-1.9052243,0.11015537,0.81877303,-1.7641829,0.0064670574,0.92675877,-1.8398584,-0.11861963,0.9900746,-1.9396695,0.08503292,0.9341611,-1.9073583,0.13442719,0.8112057,-1.7353959
357,7.153278827667236,0.0,0.0,0.0,-0.3434331715106964,-0.3434331715106964,-0.3417160056531429,1.0,0,0.12940926849842072,0.20396097004413605,0.03882277011871338,0.06381989270448685,-0.05011286586523056,0.00836652610450983,1,0.08160315,-0.023647029,0.013754815,0.02813982,-0.027753925,-0.12940927,0.046935424,-0.034316033,0.033868913,0.06173956,-0.02498774,0.08318623,-0.011627167,0.9408646,-1.8266966,-0.12272714,1.0199574,-1.927213,0.08341725,0.9366585,-1.9014263,0.10540431,0.8272872,-1.7691447,0.012853777,0.93377054,-1.8225702,-0.11428519,1.0,-1.9660357,0.09749788,0.9263637,-1.8912656,0.12392618,0.8197909,-1.7441888
358,7.175089120864868,0.0,0.0,0.0,-0.34298938512802124,-0.34298938512802124,-0.3412744382023811,1.0,0,0.10981856286525726,0.17306850850582123,0.03294551372528076,0.053833335638046265,-0.05959324538707733,0.015343908220529556,1,0.04331355,-0.025940709,0.03194196,0.02009608,-0.021358538,-0.10981856,0.013303453,-0.050356574,0.0061905165,0.07704143,-0.028560448,0.06293734,-0.017552495,0.9398322,-1.797149,-0.123276606,1.0155995,-1.933859,0.076179355,0.9291915,-1.9053123,0.10440075,0.8235927,-1.7859449,-0.004558429,0.93205,-1.7875663,-0.11724778,1.0,-1.9668045,0.08017039,0.91408455,-1.9034551,0.12751317,0.8150246,-1.7670637
359,7.194713830947876,0.0,0.0,0.0,-0.34811925888061523,-0.34811925888061523,-0.34637866258621214,1.0,0,0.07893916964530945,0.16405412554740906,0.02368175983428955,0.04921627417206764,-0.0679815337061882,0.009369813837110996,1,0.045373,-0.049698424,-0.0061618253,0.032296393,-0.014432935,-0.07606925,-0.04530207,-0.07893917,-0.054120604,0.051905982,0.02611906,-0.026834724,-0.032105066,0.93588424,-1.8175766,-0.12435349,0.99602294,-1.9165306,0.06475587,0.9466461,-1.911133,0.104304254,0.8091081,-1.7739587,-0.018493164,0.92097473,-1.8194252,-0.11466457,0.9916931,-1.9393514,0.05116525,0.92296433,-1.9273692,0.11987605,0.8169438,-1.7820091
360,7.214929103851318,0.0,0.0,0.0,-0.35463106632232666,-0.35463106632232666,-0.352857910990715,1.0,0,0.07447980344295502,0.17156004905700684,0.022343933582305908,0.051468003541231155,-0.06051287800073624,0.0018277029739692807,1,0.04419224,-0.0744798,-0.016481446,0.032824803,-0.03199516,-0.06174884,-0.04523745,-0.06277186,-0.05458086,0.0691995,0.03921401,-0.021326685,-0.037210315,0.92919105,-1.8446188,-0.115957275,0.98937136,-1.9079816,0.062101055,0.9573865,-1.9028112,0.12469339,0.8224985,-1.7538944,-0.023952644,0.9068471,-1.8495632,-0.106109835,0.9797728,-1.9265063,0.04852982,0.93855494,-1.9191854,0.14545324,0.8342627,-1.7602924
361,7.235259771347046,0.0,0.0,0.0,-0.3484940528869629,-0.3484940528869629,-0.3467515826225281,1.0,0,0.11831383407115936,0.20719602704048157,0.03549414873123169,0.06215883418917656,-0.04929463192820549,0.0023135424125939608,1,0.0560082,-0.0653369,-0.005493494,0.045896046,-0.04379773,-0.093593396,0.02042875,-0.02984037,0.015737806,0.118313834,-0.0059263986,0.08438619,-0.04447587,0.92627484,-1.8496952,-0.10296595,0.9946741,-1.9187562,0.064465985,0.9550936,-1.8863512,0.13627437,0.8454309,-1.7596619,-0.027673407,0.9066738,-1.8513433,-0.08919714,0.9815348,-1.9468343,0.07059461,0.9461415,-1.88163,0.17176852,0.84365296,-1.734346
362,7.254218101501465,0.0,0.0,0.0,-0.34144607186317444,-0.34144607186317444,-0.3397388415038586,1.0,0,0.11897843331098557,0.1977299004793167,0.03569352626800537,0.05931898206472397,-0.05128723755478859,0.008705783635377884,1,0.062169872,-0.041310515,0.012376194,0.0506348,-0.02624892,-0.11897843,0.026214529,-0.030801494,0.037275165,0.09391643,-0.011859472,0.06306521,-0.050315846,0.92782116,-1.8316659,-0.10310201,0.99760365,-1.9292132,0.054935843,0.950708,-1.8934053,0.12915218,0.84359914,-1.7840515,-0.031664886,0.915428,-1.827953,-0.087911576,0.989729,-1.9649067,0.0628002,0.9414675,-1.8822228,0.15732712,0.8400413,-1.765132
363,7.273833513259888,0.0,0.0,0.0,-0.3464382290840149,-0.3464382290840149,-0.34470603793859483,1.0,0,0.09556955099105835,0.15212126076221466,0.028670907020568848,0.04563640430569649,-0.06349659711122513,0.012296590954065323,1,0.025072746,-0.025105774,0.035532765,0.0037676129,-0.021265069,-0.09556955,0.003470015,-0.049460053,0.00020280106,0.0702243,-0.020011058,0.05682559,-0.04205613,0.93116367,-1.8029898,-0.11334843,0.9953792,-1.928539,0.059129454,0.9434706,-1.8962183,0.111030266,0.83040625,-1.7901373,-0.034534305,0.9236319,-1.79233,-0.11221815,0.98899966,-1.95721,0.06017046,0.92863256,-1.8961575,0.13209756,0.8244029,-1.7730896
364,7.294152498245239,0.0,0.0,0.0,-0.35137659311294556,-0.35137659311294556,-0.3496197101473808,1.0,0,0.0852263793349266,0.1637781411409378,0.02556788921356201,0.04913341999053955,-0.06263609975576401,0.007298688869923353,1,0.06912534,-0.03949213,-0.004315165,0.012050858,-0.0066789663,-0.08522638,-0.03539028,-0.07845681,-0.06527465,0.029476726,0.0153416805,-0.015504343,-0.021401078,0.94090503,-1.8218104,-0.12877217,1.0003585,-1.912734,0.06985409,0.94354665,-1.9071525,0.09775144,0.8089032,-1.77349,-0.0006634742,0.9290574,-1.8231049,-0.12515691,0.9983548,-1.9383019,0.059237003,0.9200096,-1.9267349,0.10659446,0.8135057,-1.7781413
365,7.314086675643921,0.0,0.0,0.0,-0.3531064987182617,-0.3531064987182617,-0.3513409662246704,1.0,0,0.09386777877807617,0.16917921602725983,0.02816033363342285,0.05238863080739975,-0.050724662840366364,0.0033790820743888617,1,0.07670637,-0.049482327,-0.015175315,0.012262403,-0.017483622,-0.09386778,-0.013712514,-0.070816085,-0.050239664,0.0511456,0.020940742,-0.0032223165,-0.014153279,0.94423395,-1.8383524,-0.12801269,1.0140048,-1.9138205,0.076115265,0.9383544,-1.898129,0.10323726,0.81152093,-1.7534044,0.008858632,0.92938924,-1.842905,-0.12433396,1.0,-1.9419808,0.07200151,0.91710955,-1.9132009,0.11858094,0.81780314,-1.754371
366,7.334018707275391,0.0,0.0,0.0,-0.34497517347335815,-0.34497517347335815,-0.34325029760599135,1.0,0,0.11359994113445282,0.20819459855556488,0.03408002853393555,0.06294340640306473,-0.04769527539610863,0.005266638472676277,1,0.070075326,-0.04200317,0.0063932035,0.037304837,-0.0327209,-0.11359994,0.033346783,-0.043641232,0.018758291,0.10258881,-0.024673106,0.082221545,-0.024597563,0.94014823,-1.8372945,-0.12067649,1.0125371,-1.924814,0.068329066,0.9401622,-1.8964285,0.10688593,0.8275453,-1.7642826,-0.0035749637,0.9275473,-1.8353765,-0.10948504,1.0,-1.958894,0.0783331,0.9270698,-1.890801,0.13766257,0.82014334,-1.7396162
367,7.353262901306152,0.0,0.0,0.0,-0.3430755138397217,-0.3430755138397217,-0.3413601362705231,1.0,0,0.112052321434021,0.19715996086597443,0.033615708351135254,0.05914800241589546,-0.05375988781452179,0.009159532375633717,1,0.05499909,-0.044176362,0.010641115,0.04846739,-0.030164076,-0.11205232,0.015041735,-0.037968997,0.025477987,0.106474675,-0.013547151,0.06426722,-0.049026597,0.92845356,-1.8177719,-0.111742795,0.9998839,-1.9316223,0.054931127,0.94502115,-1.9043723,0.11933713,0.8390541,-1.7876585,-0.03252687,0.91520065,-1.8145796,-0.09720258,0.99083465,-1.965238,0.059443645,0.93363047,-1.896729,0.15127954,0.83498996,-1.7683783
368,7.396652460098267,0.0,0.0,0.0,-0.3467237651348114,-0.3467237651348114,-0.3449901463091373,1.0,0,0.11745921522378922,0.20855864882469177,0.03523775935173035,0.0625675842165947,-0.05408152937889099,0.00491002481430769,1,0.061088193,-0.063999034,-0.0025466757,0.025588607,-0.045817986,-0.09139375,0.0064216745,-0.05475579,-0.009050677,0.117459215,-0.024745354,0.08381738,-0.05493481,0.9240325,-1.8229009,-0.10971871,0.98693275,-1.9272449,0.057184987,0.9507751,-1.8962994,0.12768593,0.8437359,-1.7893152,-0.036608353,0.9048328,-1.8236649,-0.10204213,0.9731874,-1.954663,0.05911149,0.93434834,-1.8990146,0.1629237,0.8363123,-1.76417
369,7.408689260482788,0.0,0.0,0.0,-0.34534746408462524,-0.34534746408462524,-0.34362072676420213,1.0,0,0.1031402200460434,0.19343619048595428,0.030942067503929138,0.05803089961409569,-0.05377001315355301,0.004946492146700621,1,0.058137715,-0.049324147,0.0058688656,0.030498251,-0.036839787,-0.09936754,0.0130672725,-0.047658283,0.0034054737,0.10314022,-0.01941523,0.07707473,-0.040312722,0.9316193,-1.8317297,-0.105401196,0.9941461,-1.9263945,0.06170424,0.95546293,-1.8996898,0.11997454,0.8358925,-1.7833773,-0.022871407,0.916822,-1.829969,-0.09625172,0.98309416,-1.9562048,0.06562442,0.94116545,-1.8986682,0.1509166,0.83006793,-1.7602549
370,7.420561075210571,0.0,0.0,0.0,-0.3456661105155945,-0.3456661105155945,-0.3439377799630165,1.0,0,0.10096122324466705,0.19130142033100128,0.030288338661193848,0.057390399277210236,-0.053866609930992126,0.005753873381763697,1,0.053425316,-0.048199862,0.008311907,0.037462868,-0.03837656,-0.10096122,0.007932461,-0.04585407,0.0023032413,0.10071936,-0.020039389,0.07458864,-0.03620582,0.9345197,-1.8273441,-0.10635315,0.9992552,-1.9240733,0.06321572,0.9522848,-1.8978649,0.11726469,0.83182496,-1.7795378,-0.020178225,0.92005974,-1.8248504,-0.09511429,0.9877422,-1.9543617,0.065595455,0.9385286,-1.897174,0.1474805,0.8258131,-1.7571613
371,7.4315197467803955,0.0,0.0,0.0,-0.344638854265213,-0.344638854265213,-0.34291565999388696,1.0,0,0.1024981215596199,0.19031387567520142,0.03074944019317627,0.05709415674209595,-0.05397774279117584,0.006740417797118425,1,0.06628687,-0.04077562,0.010008146,0.019515177,-0.031993773,-0.10249812,0.023909893,-0.05127092,0.0048499075,0.0916263,-0.023912776,0.077208735,-0.029167771,0.93241435,-1.8233483,-0.11498421,1.0014813,-1.9270073,0.06820719,0.94440174,-1.8985401,0.115519874,0.83271205,-1.778792,-0.00928171,0.9201817,-1.8203459,-0.10912965,0.99188316,-1.9577568,0.07538016,0.92902046,-1.8970852,0.14300777,0.8255382,-1.7556294
372,7.455160856246948,0.0,0.0,0.0,-0.3443516790866852,-0.3443516790866852,-0.34262992069125175,1.0,0,0.10118468850851059,0.19114495813846588,0.030355453491210938,0.057343531399965286,-0.055211085826158524,0.006917331367731094,1,0.06206677,-0.041312087,0.013667158,0.019758882,-0.031711005,-0.10118469,0.017010499,-0.058088325,-0.0050181253,0.0891932,-0.032498773,0.0803486,-0.024589822,0.9351582,-1.8193154,-0.11668768,1.00162,-1.9258547,0.0718235,0.94121647,-1.9015139,0.11036959,0.8269439,-1.7794363,-0.005969789,0.92276454,-1.8152152,-0.11076001,0.99210674,-1.9562101,0.07692665,0.92379,-1.9030194,0.13712755,0.8171942,-1.7553318
373,7.4752116203308105,0.0,0.0,0.0,-0.34520620107650757,-0.34520620107650757,-0.343480170071125,1.0,0,0.09708291292190552,0.18765242397785187,0.029124855995178223,0.05629570782184601,-0.05677664279937744,0.00622398080304265,1,0.05945397,-0.04191987,0.012458502,0.016775152,-0.03223859,-0.09708291,0.015956886,-0.056351293,-0.0052099056,0.09252611,-0.028097827,0.07881968,-0.022650741,0.93492556,-1.8228096,-0.12178816,1.0036142,-1.9184005,0.07166954,0.9423462,-1.9031668,0.108277224,0.82076913,-1.7729028,-0.0048145484,0.9223496,-1.819072,-0.11675561,0.9939426,-1.9475254,0.07645661,0.92544085,-1.9047297,0.13603505,0.8123398,-1.749257
374,7.493252277374268,0.0,0.0,0.0,-0.34506094455718994,-0.34506094455718994,-0.343335639834404,1.0,0,0.09818270057439804,0.19028624892234802,0.029454827308654785,0.05708589777350426,-0.05647927150130272,0.006599868182092905,1,0.057712384,-0.04653664,0.00808337,0.025815606,-0.03592903,-0.0981827,0.014699443,-0.05051002,0.0014774607,0.09780917,-0.022904692,0.07867133,-0.028037697,0.93407726,-1.8244649,-0.11712398,1.0031998,-1.9216256,0.07004209,0.9434414,-1.9022739,0.115146875,0.8294944,-1.7742732,-0.010723982,0.92011625,-1.82204,-0.10937929,0.9924211,-1.9510804,0.07445192,0.9282884,-1.9018307,0.14448963,0.822623,-1.7506717
375,7.5145628452301025,0.0,0.0,0.0,-0.34556299448013306,-0.34556299448013306,-0.3438351795077324,1.0,0,0.10608570277690887,0.19266140460968018,0.0318257138133049,0.05779843032360077,-0.05610517039895058,0.00702444976195693,1,0.05609135,-0.05171862,0.0035410528,0.033238567,-0.03663928,-0.09636184,0.011126278,-0.045386985,0.006393784,0.1060857,-0.016921159,0.07607118,-0.033993527,0.9303442,-1.8270367,-0.11112546,1.0002317,-1.9231972,0.06590508,0.9480001,-1.8994772,0.1215347,0.833204,-1.7765749,-0.017166121,0.91482866,-1.8259745,-0.101153895,0.98923993,-1.9521058,0.06924296,0.934384,-1.8975592,0.15336041,0.8281276,-1.7537535
376,7.534701347351074,0.0,0.0,0.0,-0.3460294008255005,-0.3460294008255005,-0.344299253821373,1.0,0,0.11091969907283783,0.19472482800483704,0.033275917172431946,0.05841744318604469,-0.05597155541181564,0.006289403419941664,1,0.05514216,-0.05492357,0.0027368541,0.030603506,-0.038200825,-0.09327718,0.009799354,-0.047048226,0.0026787822,0.1109197,-0.016510895,0.076576605,-0.04140169,0.9254743,-1.8328762,-0.10877088,0.9936273,-1.9213537,0.062476583,0.9536305,-1.8955797,0.12903659,0.8361048,-1.778273,-0.024859043,0.90899724,-1.8320551,-0.099589825,0.98216707,-1.9493369,0.06541639,0.93951607,-1.8947761,0.16231251,0.83115155,-1.7553
377,7.553358793258667,0.0,0.0,0.0,-0.34522730112075806,-0.34522730112075806,-0.3435011646151543,1.0,0,0.10276199877262115,0.18957234919071198,0.03082859516143799,0.05687170848250389,-0.05626843124628067,0.006280782166868448,1,0.0529679,-0.05067919,0.0075833495,0.029270997,-0.037441034,-0.09562771,0.009946061,-0.047537412,0.0010859539,0.102762,-0.019153688,0.07626339,-0.038981117,0.9264739,-1.8330144,-0.108140245,0.99346304,-1.9210662,0.063047156,0.95372146,-1.8954477,0.12523611,0.834103,-1.7796434,-0.023090746,0.91127014,-1.8307394,-0.099358946,0.9822307,-1.9497545,0.06603097,0.9394602,-1.8951219,0.1560647,0.82835686,-1.7567644
378,7.574220418930054,0.0,0.0,0.0,-0.3449195921421051,-0.3449195921421051,-0.3431949941813946,1.0,0,0.10090319812297821,0.19190897047519684,0.030270934104919434,0.05757267028093338,-0.05608224868774414,0.006778137758374214,1,0.06451042,-0.04359656,0.008933978,0.020747319,-0.031660255,-0.1009032,0.022610854,-0.05212547,0.0013920331,0.093785785,-0.024599249,0.08025932,-0.032241926,0.9296949,-1.8286377,-0.11050702,0.99749297,-1.9215225,0.06628458,0.9496942,-1.8973304,0.11883497,0.8311976,-1.7791021,-0.0128887985,0.9166159,-1.8259575,-0.104282826,0.9879949,-1.9517934,0.07306784,0.9340566,-1.8969128,0.1469707,0.82381785,-1.7550243
379,7.59281325340271,0.0,0.0,0.0,-0.34498441219329834,-0.34498441219329834,-0.34325949013233187,1.0,0,0.09925636649131775,0.1901145875453949,0.029776930809020996,0.057034410536289215,-0.05635529384016991,0.006562807597219944,1,0.06471304,-0.041617263,0.011843864,0.014644799,-0.03048315,-0.09925637,0.021335833,-0.057143994,-0.0041251327,0.08910329,-0.029336588,0.080933824,-0.02338387,0.93439955,-1.8260982,-0.11828881,1.0021931,-1.9192653,0.071210995,0.9437907,-1.8999246,0.11072074,0.8226681,-1.7742732,-0.003969958,0.92191434,-1.822545,-0.11389537,0.99304813,-1.9490422,0.077611744,0.9266475,-1.9011621,0.13745172,0.8138671,-1.749993
380,7.6141510009765625,0.0,0.0,0.0,-0.34471434354782104,-0.34471434354782104,-0.3429907718300819,1.0,0,0.09879127144813538,0.18483883142471313,0.02963733673095703,0.05545163154602051,-0.057364869862794876,0.0064643751829862595,1,0.056941167,-0.041854173,0.014039238,0.018378988,-0.03284993,-0.09879127,0.013628963,-0.056157466,-0.004349331,0.085972995,-0.029181315,0.078717045,-0.023414716,0.9339615,-1.824592,-0.1204571,1.0031301,-1.9180735,0.071285754,0.9419446,-1.9013525,0.10996057,0.82140803,-1.7726628,-0.006332366,0.92140526,-1.8203802,-0.1149434,0.9932751,-1.9477109,0.07537445,0.92509735,-1.9026573,0.13575247,0.81265366,-1.7490476
381,7.634351491928101,0.0,0.0,0.0,-0.34533119201660156,-0.34533119201660156,-0.34360453605651853,1.0,0,0.09665554016828537,0.18606744706630707,0.028996706008911133,0.05582026019692421,-0.05715874210000038,0.006850001402199268,1,0.05662639,-0.046120297,0.008699002,0.024948098,-0.03346311,-0.09665554,0.013709451,-0.048539903,0.002139883,0.09566044,-0.020866837,0.07741007,-0.028188862,0.9324035,-1.8244816,-0.11678269,1.0023576,-1.9208444,0.068240136,0.94330245,-1.9016181,0.115630016,0.8270503,-1.7743216,-0.011200944,0.9185674,-1.8218719,-0.10929826,0.9923187,-1.9498411,0.07235297,0.9287405,-1.9009762,0.14432815,0.8207903,-1.7510985
382,7.652994155883789,0.0,0.0,0.0,-0.34576162695884705,-0.34576162695884705,-0.3440328188240528,1.0,0,0.10703817009925842,0.196078360080719,0.03211145102977753,0.05882352590560913,-0.05636659637093544,0.0068870116956532,1,0.06044096,-0.051871132,0.0026239362,0.032356862,-0.03591172,-0.09574435,0.015291419,-0.04899216,0.0046025813,0.10703817,-0.01906619,0.07820858,-0.035840653,0.9284597,-1.8306547,-0.11245939,0.99870604,-1.9230919,0.0655306,0.94773465,-1.8964533,0.124244526,0.83386827,-1.7758914,-0.017708363,0.91289836,-1.8298676,-0.102752335,0.9879325,-1.9518152,0.070118025,0.933037,-1.8950725,0.15635598,0.8281484,-1.7524289
383,7.675097703933716,0.0,0.0,0.0,-0.3456404507160187,-0.3456404507160187,-0.34391224846243856,1.0,0,0.11072039604187012,0.1963486522436142,0.033216118812561035,0.058904629200696945,-0.0565745010972023,0.006609165109694004,1,0.057685006,-0.05311136,0.0033954158,0.032779224,-0.037404478,-0.09560253,0.013638863,-0.047660496,0.0052427924,0.110720396,-0.017000988,0.07580505,-0.038800787,0.9266318,-1.8327042,-0.11042913,0.9947555,-1.9213464,0.063740194,0.95217514,-1.8958429,0.12582327,0.8343758,-1.7779818,-0.021495285,0.9106984,-1.8316855,-0.10059536,0.98353416,-1.9500272,0.06783185,0.937877,-1.8942701,0.1590394,0.8292755,-1.7552402
384,7.6950695514678955,0.0,0.0,0.0,-0.3456663489341736,-0.3456663489341736,-0.34393801718950273,1.0,0,0.10312777757644653,0.18980027735233307,0.03093833476305008,0.05694006755948067,-0.05680268630385399,0.006580783519893885,1,0.05359613,-0.050812595,0.007444577,0.026484206,-0.037538145,-0.09550469,0.009385069,-0.04817584,0.00045041728,0.10312778,-0.01913761,0.07662771,-0.037743088,0.9258569,-1.8317338,-0.108710624,0.99397063,-1.920238,0.06395862,0.9524133,-1.8954344,0.123743154,0.8331531,-1.7795215,-0.021664247,0.9106131,-1.8295004,-0.10076536,0.98270917,-1.9488894,0.066774145,0.93796057,-1.8952992,0.15468149,0.82741183,-1.7565331
385,7.714959621429443,0.0,0.0,0.0,-0.34520599246025085,-0.34520599246025085,-0.3434799624979496,1.0,0,0.09803599119186401,0.18849901854991913,0.029410839080810547,0.05654975026845932,-0.05635085329413414,0.006860298104584217,1,0.058690105,-0.046147753,0.009242927,0.021164013,-0.033778846,-0.09803599,0.014895109,-0.05048546,-0.00071123935,0.0955076,-0.023072096,0.07903891,-0.032006405,0.92946,-1.831067,-0.111046016,0.99726707,-1.9217514,0.067247964,0.94897544,-1.8959396,0.11916294,0.83147275,-1.7777045,-0.014399374,0.9156157,-1.828294,-0.10469681,0.9871334,-1.9511622,0.071716495,0.9338298,-1.896153,0.14781523,0.8245511,-1.7539928
386,7.733292102813721,0.0,0.0,0.0,-0.34475791454315186,-0.34475791454315186,-0.3430341249704361,1.0,0,0.1002935916185379,0.19052882492542267,0.030088067054748535,0.05715866759419441,-0.05637123063206673,0.007042880170047283,1,0.06398873,-0.041891545,0.010952792,0.017904922,-0.03103366,-0.10029359,0.022496251,-0.05426047,-0.00044268358,0.091511324,-0.026833093,0.08027777,-0.026696138,0.9315132,-1.8278885,-0.11526692,1.0013899,-1.9201448,0.07050356,0.94497526,-1.8976026,0.113763034,0.82605016,-1.7758074,-0.007499518,0.9189457,-1.8246026,-0.109895445,0.99207973,-1.9502329,0.07725244,0.9286971,-1.8977354,0.14121643,0.81800026,-1.751724
387,7.754191160202026,0.0,0.0,0.0,-0.3449304401874542,-0.3449304401874542,-0.34320578798651696,1.0,0,0.09841475635766983,0.1869923323392868,0.02952444553375244,0.05609774589538574,-0.057251185178756714,0.006921023596078157,1,0.060767803,-0.041970767,0.011968129,0.019083092,-0.03145081,-0.09841476,0.016783854,-0.055991333,-0.0028962393,0.0890325,-0.028385134,0.07856352,-0.024136864,0.93322444,-1.825008,-0.11868997,1.0031431,-1.9186316,0.07098565,0.9426168,-1.9001647,0.11141168,0.82303584,-1.7741152,-0.0059065223,0.9206332,-1.8214176,-0.11296504,0.99370784,-1.948156,0.07602081,0.9258194,-1.9010336,0.13812144,0.8145203,-1.7505461
388,7.774052143096924,0.0,0.0,0.0,-0.3453090488910675,-0.3453090488910675,-0.3435825036466122,1.0,0,0.09655947983264923,0.18649578094482422,0.028967857360839844,0.055948738008737564,-0.05775688216090202,0.00684093264862895,1,0.057466466,-0.044793915,0.010130658,0.020180924,-0.0335792,-0.09655948,0.015331935,-0.05260955,-0.0009873719,0.09434098,-0.023823358,0.077711046,-0.027348049,0.93149513,-1.8253893,-0.11673408,1.0022732,-1.9188118,0.06912044,0.94518536,-1.9018315,0.11429719,0.8249102,-1.7740526,-0.010108108,0.91805696,-1.82235,-0.110679805,0.9921994,-1.9477797,0.073720016,0.9294025,-1.9021277,0.14259948,0.8177632,-1.7507393
389,7.793121099472046,0.0,0.0,0.0,-0.3456387221813202,-0.3456387221813202,-0.3439105285704136,1.0,0,0.1047627329826355,0.19276894629001617,0.03142882138490677,0.05783066526055336,-0.05706193298101425,0.00696158641949296,1,0.055595048,-0.051265977,0.0047309473,0.0327551,-0.03680545,-0.09637811,0.009853979,-0.046686657,0.003496288,0.10476273,-0.018914066,0.077976,-0.03354498,0.9284122,-1.828585,-0.11226163,0.9991351,-1.9204849,0.066110685,0.9485405,-1.8988287,0.121975265,0.8311001,-1.7757667,-0.016866464,0.9130324,-1.8271657,-0.1024351,0.98809344,-1.9493983,0.06906688,0.9345345,-1.8977798,0.15340409,0.82542586,-1.7523739
390,7.814317464828491,0.0,0.0,0.0,-0.34590792655944824,-0.34590792655944824,-0.344178386926651,1.0,0,0.11015630513429642,0.1977815479040146,0.03304688632488251,0.05933444947004318,-0.056642819195985794,0.007085456512868404,1,0.061693154,-0.051827084,0.0015085294,0.032220505,-0.03540018,-0.09751257,0.016991798,-0.046601076,0.007748516,0.110156305,-0.016522186,0.07678101,-0.03947165,0.9267772,-1.8322804,-0.108261056,0.99450386,-1.9216406,0.06317515,0.95262176,-1.8955469,0.12754332,0.8362669,-1.7784789,-0.020963702,0.9112291,-1.8318279,-0.098594904,0.9838838,-1.9508944,0.06827269,0.9386414,-1.8932223,0.1605902,0.8313102,-1.7554445
391,7.834148406982422,0.0,0.0,0.0,-0.3453887701034546,-0.3453887701034546,-0.34366182625293734,1.0,0,0.10490524768829346,0.19337987899780273,0.031471580266952515,0.05801396071910858,-0.056978050619363785,0.006918683182448149,1,0.055954203,-0.051712926,0.006190624,0.03051206,-0.037499703,-0.096748635,0.009978921,-0.049100988,0.0014482659,0.10490525,-0.020869022,0.07682209,-0.039069533,0.92757833,-1.8337048,-0.107606314,0.9942573,-1.9207116,0.06438498,0.9529871,-1.8944294,0.124380335,0.83423907,-1.7789384,-0.022283271,0.91206443,-1.8318477,-0.098452695,0.9830074,-1.9497362,0.067378655,0.9382568,-1.8939949,0.15585192,0.8279784,-1.7558918
392,7.854412317276001,0.0,0.0,0.0,-0.3451637625694275,-0.3451637625694275,-0.3434379437565804,1.0,0,0.09683603048324585,0.18791896104812622,0.029050804674625397,0.05637570098042488,-0.05737544596195221,0.006706837099045515,1,0.056515373,-0.04661212,0.010563947,0.019783862,-0.034509227,-0.09651141,0.012926246,-0.052476946,-0.002955749,0.09683603,-0.024014898,0.077813454,-0.032041147,0.9287873,-1.8307909,-0.11182494,0.9963378,-1.9191607,0.066281155,0.9501287,-1.8978144,0.11810777,0.828761,-1.7778059,-0.015086535,0.9148036,-1.8276217,-0.105889775,0.985985,-1.9481142,0.070159025,0.9343856,-1.8987011,0.14715858,0.8215565,-1.7544619
393,7.874206304550171,0.0,0.0,0.0,-0.3448803722858429,-0.3448803722858429,-0.3431559704244137,1.0,0,0.0999288260936737,0.1892298310995102,0.029978632926940918,0.056768957525491714,-0.0571616031229496,0.006970497313886881,1,0.061421517,-0.04230091,0.011685687,0.017018521,-0.032526664,-0.099928826,0.018952316,-0.05438894,-0.0026588822,0.09036679,-0.027486874,0.080807894,-0.02648826,0.9321681,-1.8280941,-0.11583954,1.0012441,-1.9194978,0.070843644,0.9446395,-1.8983803,0.11336696,0.8262186,-1.774947,-0.008061804,0.9194779,-1.8245884,-0.110733986,0.9914861,-1.9494765,0.07652934,0.9283228,-1.8991779,0.140477,0.81797254,-1.7507046
394,7.893167018890381,0.0,0.0,0.0,-0.34474170207977295,-0.34474170207977295,-0.34301799356937407,1.0,0,0.09875492751598358,0.1904963105916977,0.02962648868560791,0.05714888498187065,-0.05715923383831978,0.00725739449262619,1,0.06288514,-0.04335962,0.010230707,0.018960217,-0.032168668,-0.09875493,0.020721562,-0.054679956,-0.0009586316,0.09271066,-0.026863469,0.08040906,-0.02457399,0.9324243,-1.8258526,-0.11778908,1.0038302,-1.9202514,0.07161771,0.94219744,-1.899545,0.111311674,0.8243592,-1.7737045,-0.005708445,0.9194164,-1.8227835,-0.11210102,0.9941796,-1.9498779,0.077834174,0.92579347,-1.8998325,0.13912487,0.81630015,-1.7495818
395,7.9142539501190186,0.0,0.0,0.0,-0.34532415866851807,-0.34532415866851807,-0.3435975378751755,1.0,0,0.09910528361797333,0.19064825773239136,0.029731586575508118,0.05719449743628502,-0.05781051144003868,0.007122886832803488,1,0.059316665,-0.046347138,0.008990108,0.024839306,-0.033860862,-0.09645681,0.014882641,-0.05263659,-0.0005490852,0.09910528,-0.023689661,0.07846326,-0.02764593,0.9317504,-1.8258201,-0.116289146,1.002219,-1.9198322,0.068639666,0.9443221,-1.9007063,0.11483382,0.82572955,-1.7733605,-0.00985093,0.91784626,-1.8231231,-0.10883735,0.9920607,-1.9487693,0.073104456,0.9285311,-1.900871,0.1445654,0.81862265,-1.7498215
396,7.933504343032837,0.0,0.0,0.0,-0.34576570987701416,-0.34576570987701416,-0.3440368813276291,1.0,0,0.10301803797483444,0.19017457962036133,0.030905410647392273,0.05705234035849571,-0.057760089635849,0.007000982761383057,1,0.055632915,-0.05015322,0.0055529578,0.029224219,-0.03598838,-0.09546518,0.011209722,-0.04796613,0.0031965238,0.10301804,-0.018659536,0.07658216,-0.03431704,0.9286347,-1.8304137,-0.11288533,0.9974532,-1.9202988,0.06531015,0.94881445,-1.8979245,0.12179603,0.83218366,-1.7753168,-0.017627163,0.91358876,-1.8287479,-0.104118064,0.9866567,-1.9489384,0.06867307,0.93442464,-1.8969656,0.15270144,0.82658577,-1.7523422
397,7.954483985900879,0.0,0.0,0.0,-0.3460645079612732,-0.3460645079612732,-0.3443341854214668,1.0,0,0.10735026746988297,0.19441384077072144,0.03220507502555847,0.05832415446639061,-0.056978125125169754,0.006967086344957352,1,0.058455188,-0.05260337,0.001809023,0.032237507,-0.035753764,-0.09670398,0.01225499,-0.044969168,0.00615248,0.10735027,-0.016603712,0.07700694,-0.038088385,0.9264788,-1.8321991,-0.10971154,0.99501354,-1.9211375,0.06429644,0.9516914,-1.8958818,0.12564713,0.8349518,-1.7781265,-0.020551829,0.9106978,-1.8316563,-0.10004029,0.9842874,-1.9501487,0.067972936,0.93820065,-1.894036,0.1578522,0.8299707,-1.7550244
398,7.974645137786865,0.0,0.0,0.0,-0.34550154209136963,-0.34550154209136963,-0.34377403438091275,1.0,0,0.10587570816278458,0.19506461918354034,0.03176271915435791,0.05851944908499718,-0.05703471228480339,0.006913420278578997,1,0.0595886,-0.050620787,0.005212178,0.027569318,-0.035797507,-0.09761752,0.015263231,-0.049524862,0.0028976288,0.10587571,-0.020074017,0.07766827,-0.037444197,0.9268205,-1.8331636,-0.10843335,0.99405503,-1.9203694,0.06473812,0.9520727,-1.895383,0.123806804,0.83373284,-1.7780983,-0.019567616,0.91163427,-1.8316,-0.10016256,0.98331577,-1.9496547,0.06931709,0.9372152,-1.8945137,0.15556952,0.8277106,-1.7547978
399,7.994295120239258,0.0,0.0,0.0,-0.345317006111145,-0.345317006111145,-0.3435904210805893,1.0,0,0.09754308313131332,0.18895703554153442,0.029262900352478027,0.056687112897634506,-0.05728298798203468,0.0070269485004246235,1,0.059921164,-0.046188794,0.00894682,0.021716708,-0.03332295,-0.09754308,0.01615086,-0.052143183,-0.0010622649,0.09541606,-0.023655554,0.07848171,-0.03392279,0.9288795,-1.8297029,-0.111545056,0.9965732,-1.918977,0.065923244,0.9504949,-1.8970579,0.11997282,0.828747,-1.778644,-0.015946442,0.91502285,-1.8270189,-0.105030045,0.9865763,-1.9482399,0.070768505,0.93485194,-1.8973765,0.14859764,0.8216503,-1.7550994
400,8.01517105102539,0.0,0.0,0.0,-0.3451085686683655,-0.3451085686683655,-0.34338302582502367,1.0,0,0.09751758724451065,0.18620888888835907,0.029255270957946777,0.05586264282464981,-0.05732151120901108,0.00711484020575881,1,0.0606669,-0.0430913,0.011517677,0.016173426,-0.031894755,-0.09751759,0.017943269,-0.054295935,-0.0029436755,0.08941617,-0.026397398,0.07902202,-0.025608368,0.9321832,-1.8268803,-0.11607505,1.0001359,-1.9189347,0.070027865,0.9454269,-1.8991312,0.11336671,0.82528937,-1.77566,-0.0074082967,0.9192558,-1.823425,-0.11122302,0.99056745,-1.94819,0.07541084,0.9291381,-1.9000143,0.14019156,0.8173702,-1.7519535
401,8.03345513343811,0.0,0.0,0.0,-0.34524768590927124,-0.34524768590927124,-0.3435214474797249,1.0,0,0.09792429208755493,0.18693701922893524,0.029377341270446777,0.0560811311006546,-0.05742818862199783,0.0070339771918952465,1,0.058562245,-0.04248379,0.012504995,0.015879594,-0.03234145,-0.09792429,0.017664611,-0.054328922,-0.0033763098,0.09075324,-0.026433105,0.08035821,-0.023902588,0.93335,-1.8254771,-0.119119614,1.0025789,-1.9182708,0.07211355,0.942084,-1.9007275,0.11118832,0.8232771,-1.7738099,-0.0063339137,0.9206049,-1.8217256,-0.114355735,0.9928764,-1.9476482,0.07741293,0.92578536,-1.9017404,0.1384143,0.8153472,-1.7497025
402,8.054401159286499,0.0,0.0,0.0,-0.34522491693496704,-0.34522491693496704,-0.3434987923502922,1.0,0,0.09686218947172165,0.18801604211330414,0.02905866503715515,0.05640484020113945,-0.05786782130599022,0.006984079256653786,1,0.056774426,-0.046628073,0.00873739,0.024512665,-0.034705527,-0.09625061,0.012702631,-0.051837265,-0.00030060482,0.09686219,-0.0231972,0.077702716,-0.02770269,0.9314115,-1.8263371,-0.11657714,1.0021179,-1.9186684,0.06838413,0.94458365,-1.9014012,0.11396986,0.8243742,-1.7730945,-0.01067036,0.91742307,-1.8237159,-0.10922334,0.9917062,-1.9475436,0.07219492,0.92903244,-1.9014913,0.14302853,0.81741506,-1.7497838
403,8.074661254882812,0.0,0.0,0.0,-0.34578752517700195,-0.34578752517700195,-0.34405858755111696,1.0,0,0.10420443117618561,0.19121618568897247,0.031261324882507324,0.0573648139834404,-0.057324402034282684,0.0071641369722783566,1,0.05579888,-0.05065509,0.0050452133,0.030553253,-0.036153287,-0.09557973,0.012742331,-0.046463516,0.004935134,0.10420443,-0.017444478,0.077293105,-0.03534534,0.92791605,-1.8290098,-0.11286807,0.9983705,-1.9214251,0.06533617,0.94792795,-1.8981601,0.123158395,0.8328483,-1.7762287,-0.018605674,0.91271955,-1.8274962,-0.1037021,0.98752457,-1.950099,0.06915887,0.93398887,-1.8966795,0.15441972,0.82761496,-1.7530408
404,8.096872806549072,0.0,0.0,0.0,-0.34580668807029724,-0.34580668807029724,-0.3440776546299458,1.0,0,0.10633667558431625,0.19524738192558289,0.031901001930236816,0.05857422202825546,-0.0568644180893898,0.0071113272570073605,1,0.06020923,-0.05191096,0.002619317,0.031179018,-0.03587312,-0.097215116,0.01360604,-0.0475762,0.0041508656,0.106336676,-0.018361846,0.07729487,-0.041011047,0.92587143,-1.8323277,-0.10859548,0.9962558,-1.9223131,0.06289405,0.95202315,-1.8947606,0.12921104,0.83608484,-1.778848,-0.022948276,0.91029817,-1.8315419,-0.09924178,0.9854939,-1.9514776,0.06697586,0.9377503,-1.8935153,0.16111204,0.8305763,-1.7556596
405,8.114310026168823,0.0,0.0,0.0,-0.34539973735809326,-0.34539973735809326,-0.34367273867130277,1.0,0,0.10023467242717743,0.18823468685150146,0.03007040172815323,0.056470416486263275,-0.057261478155851364,0.00680800573900342,1,0.055469923,-0.049197834,0.008264266,0.025793375,-0.0352796,-0.09512472,0.011718895,-0.05020482,-7.1469694e-05,0.10023467,-0.020684687,0.075995356,-0.037204288,0.9278813,-1.8322144,-0.10883033,0.9929866,-1.9199183,0.063722804,0.95282143,-1.8958387,0.12310835,0.8328116,-1.778984,-0.02056331,0.91312194,-1.829735,-0.10109232,0.98240274,-1.9484557,0.06723847,0.93776,-1.8958602,0.15317875,0.8266062,-1.7561853
406,8.13430905342102,0.0,0.0,0.0,-0.345367431640625,-0.345367431640625,-0.34364059448242185,1.0,0,0.09704969823360443,0.18731561303138733,0.029114961624145508,0.0561947301030159,-0.05744634196162224,0.006788123399019241,1,0.057158347,-0.04632896,0.00993148,0.021208486,-0.033625916,-0.0970497,0.012975418,-0.05159373,-0.0019638473,0.095393665,-0.023818094,0.07793924,-0.03249369,0.9291543,-1.82977,-0.113268085,0.99705625,-1.9196303,0.067456834,0.9486829,-1.8967123,0.11812511,0.82923114,-1.7783318,-0.0153461825,0.9152556,-1.8267906,-0.10690554,0.98696846,-1.9487453,0.07134946,0.93320477,-1.8973014,0.14674321,0.82208574,-1.7549499
407,8.154510974884033,0.0,0.0,0.0,-0.34472477436065674,-0.34472477436065674,-0.34300115048885343,1.0,0,0.09906623512506485,0.1893162578344345,0.029719829559326172,0.05679483711719513,-0.057097919285297394,0.007132210303097963,1,0.062259767,-0.043280583,0.010839701,0.019118207,-0.032073718,-0.099066235,0.019628957,-0.054014783,-0.0014778705,0.0915341,-0.026962223,0.07971687,-0.025478572,0.9331702,-1.8276119,-0.1163292,1.0022328,-1.9200227,0.07117428,0.943975,-1.8980787,0.11268419,0.82592,-1.7751595,-0.0068006404,0.92018604,-1.82436,-0.110593736,0.9926107,-1.9497426,0.077062964,0.92777056,-1.898522,0.14014442,0.81783134,-1.7512444
408,8.173324346542358,0.0,0.0,0.0,-0.34489333629608154,-0.34489333629608154,-0.34316886961460114,1.0,0,0.09972622990608215,0.19086875021457672,0.02991783618927002,0.05726059526205063,-0.05767982080578804,0.007097321562469006,1,0.06189772,-0.042709652,0.011271281,0.018332694,-0.03227915,-0.09972623,0.020620564,-0.054478582,-0.00046002853,0.09347531,-0.026704958,0.08050417,-0.026275732,0.9321753,-1.8254728,-0.11805421,1.0020701,-1.919241,0.070372954,0.9432473,-1.8997792,0.11333441,0.8247114,-1.7745342,-0.007706415,0.91936237,-1.8220915,-0.1125544,0.99238634,-1.9491588,0.07655913,0.9269037,-1.8999172,0.141377,0.8166999,-1.750383
409,8.194571495056152,0.0,0.0,0.0,-0.3453969359397888,-0.3453969359397888,-0.34366995126008987,1.0,0,0.09864433854818344,0.18978138267993927,0.02959330379962921,0.056934405118227005,-0.05827343463897705,0.006897106766700745,1,0.05758011,-0.047014743,0.008256103,0.026678191,-0.034215588,-0.09680913,0.013839566,-0.051244188,0.00025133416,0.09864434,-0.02262781,0.07815515,-0.03013964,0.93084997,-1.8271539,-0.11600239,1.0004951,-1.9185083,0.06782319,0.9459751,-1.9010504,0.11561942,0.82520276,-1.7741835,-0.012865607,0.91674554,-1.8246771,-0.10799893,0.9902304,-1.947551,0.07197506,0.9306019,-1.900975,0.14521272,0.81841445,-1.750737
410,8.213091135025024,0.0,0.0,0.0,-0.34554266929626465,-0.34554266929626465,-0.34381495594978334,1.0,0,0.10110870748758316,0.18847565352916718,0.030332617461681366,0.05654269456863403,-0.05771289020776749,0.00705319456756115,1,0.055202834,-0.050243434,0.006268694,0.029694723,-0.03580926,-0.094889104,0.011545129,-0.046901558,0.0040095486,0.10110871,-0.01820726,0.07642253,-0.03451594,0.92854625,-1.8293577,-0.11317766,0.9985977,-1.9186319,0.0657971,0.94934946,-1.8987002,0.12233155,0.82966,-1.7754676,-0.017955089,0.91347325,-1.8274771,-0.10426924,0.9878549,-1.9470986,0.069260634,0.935279,-1.8974974,0.15266417,0.8241978,-1.7525408
411,8.234512090682983,0.0,0.0,0.0,-0.34557288885116577,-0.34557288885116577,-0.34384502440690995,1.0,0,0.10513745993375778,0.1938350349664688,0.03154124319553375,0.0581505261361599,-0.05707509070634842,0.007117470260709524,1,0.057612572,-0.051464044,0.0041612913,0.03139691,-0.03632466,-0.09764751,0.0124067115,-0.046675928,0.0046466333,0.10513746,-0.01844622,0.07744904,-0.037107356,0.927086,-1.8322738,-0.11061625,0.9966257,-1.9212732,0.064847596,0.9500287,-1.8948752,0.12526369,0.8342793,-1.7779994,-0.019823583,0.9116468,-1.8310255,-0.101197176,0.9857283,-1.9505675,0.06856961,0.9360259,-1.8934811,0.15680493,0.8287454,-1.7547647
412,8.254309177398682,0.0,0.0,0.0,-0.3454957604408264,-0.3454957604408264,-0.3437682816386223,1.0,0,0.10398884117603302,0.19155122339725494,0.03119664639234543,0.057465340942144394,-0.05719491094350815,0.007013509515672922,1,0.05489874,-0.051235188,0.0062922495,0.028455338,-0.036627207,-0.096012935,0.010598882,-0.048297666,0.0018761219,0.10398884,-0.019780157,0.07739615,-0.037217475,0.9269628,-1.8320875,-0.108728044,0.9949702,-1.9203969,0.06374842,0.95189136,-1.8951455,0.123770036,0.83246356,-1.7785115,-0.020747853,0.91159225,-1.8301998,-0.100191444,0.983982,-1.9492007,0.06692808,0.93740207,-1.8945827,0.15496668,0.8265295,-1.7552927
413,8.273207902908325,0.0,0.0,0.0,-0.34522610902786255,-0.34522610902786255,-0.34349997848272323,1.0,0,0.09852303564548492,0.19111797213554382,0.029556915163993835,0.057335421442985535,-0.057341378182172775,0.006985039450228214,1,0.05962324,-0.0466326,0.008353335,0.023356816,-0.03424902,-0.09845557,0.015918596,-0.051321294,-0.00010295585,0.098523036,-0.022952655,0.07870092,-0.033732332,0.92845845,-1.8306919,-0.1104983,0.99587494,-1.9195492,0.065405086,0.9506814,-1.8964434,0.12029861,0.830074,-1.7784983,-0.015845358,0.91446865,-1.8281859,-0.103491254,0.98560023,-1.949086,0.07018066,0.935285,-1.8964742,0.14985552,0.8231882,-1.754888
414,8.294269561767578,0.0,0.0,0.0,-0.34505853056907654,-0.34505853056907654,-0.34333323791623116,1.0,0,0.098531074821949,0.18778036534786224,0.02955937385559082,0.05633413419127464,-0.057392191141843796,0.007073788437992334,1,0.061441552,-0.042995546,0.011173862,0.017497024,-0.031980693,-0.098531075,0.018612204,-0.053736787,-0.0020342693,0.09108362,-0.026136752,0.07910813,-0.02702608,0.9312025,-1.8274256,-0.11511649,1.000627,-1.9190265,0.06933687,0.94573575,-1.8981807,0.11429461,0.8248258,-1.776669,-0.008593613,0.9183038,-1.8240734,-0.10986739,0.99103284,-1.9485859,0.07492053,0.9296147,-1.898791,0.1416197,0.8169848,-1.7529366
415,8.314345836639404,0.0,0.0,0.0,-0.34490758180618286,-0.34490758180618286,-0.34318304389715193,1.0,0,0.09906467795372009,0.18918956816196442,0.02971935272216797,0.056756824254989624,-0.05796946957707405,0.0069679501466453075,1,0.060038097,-0.04318253,0.011720998,0.01946093,-0.032502286,-0.09906468,0.016985519,-0.055318765,-0.0027393203,0.09228296,-0.027591603,0.07939428,-0.02462487,0.9327408,-1.8251933,-0.118706055,1.0020981,-1.9181856,0.07081893,0.9432302,-1.9002893,0.11244605,0.82382095,-1.7742511,-0.006613439,0.91978604,-1.821677,-0.11286777,0.9923474,-1.947905,0.075914584,0.9266346,-1.9011111,0.14013094,0.8155435,-1.7504328
416,8.334352016448975,0.0,0.0,0.0,-0.345268189907074,-0.345268189907074,-0.3435418489575386,1.0,0,0.09700144827365875,0.1881263703107834,0.029100418090820312,0.0564379058778286,-0.0581095889210701,0.006946240551769733,1,0.05708405,-0.0468925,0.00850442,0.025481794,-0.034620862,-0.09700145,0.012412473,-0.050518703,0.00054978934,0.096528515,-0.022635495,0.07789656,-0.027695507,0.93103594,-1.8255765,-0.1165356,1.001672,-1.9182912,0.068783514,0.9443184,-1.9007162,0.11554257,0.82510823,-1.774169,-0.010570291,0.91696817,-1.8230252,-0.108891055,0.99128574,-1.9473916,0.072507255,0.9291628,-1.9005512,0.14450112,0.8183176,-1.7508
417,8.35508918762207,0.0,0.0,0.0,-0.34583279490470886,-0.34583279490470886,-0.3441036309301853,1.0,0,0.10461807250976562,0.1928425133228302,0.03138541430234909,0.05785274878144264,-0.057670801877975464,0.007107548415660858,1,0.05733678,-0.05061536,0.0041950103,0.030701159,-0.036271643,-0.09663265,0.012175868,-0.047886774,0.0045558703,0.10461807,-0.018629774,0.0772722,-0.033633612,0.92911154,-1.8284916,-0.11239478,0.9987623,-1.9203604,0.06490853,0.9480149,-1.8981597,0.1227938,0.8313994,-1.7765328,-0.016432578,0.91392696,-1.8272331,-0.10318443,0.9878808,-1.9493502,0.068561286,0.9336489,-1.896793,0.15417922,0.82581043,-1.7533511
418,8.374817132949829,0.0,0.0,0.0,-0.3458176255226135,-0.3458176255226135,-0.34408853739500045,1.0,0,0.10921554267406464,0.19718720018863678,0.03276467323303223,0.0591561496257782,-0.05728146806359291,0.006997182499617338,1,0.05985306,-0.05216534,0.002052206,0.031582557,-0.03642996,-0.09708065,0.01556168,-0.047895078,0.0056052837,0.10921554,-0.017961875,0.077508256,-0.038041305,0.9268231,-1.8315872,-0.109463446,0.9955851,-1.921682,0.06341814,0.95137626,-1.8950922,0.12643313,0.83488554,-1.7788905,-0.020085387,0.91117346,-1.8309715,-0.09998868,0.9846561,-1.9508061,0.06808665,0.9370077,-1.8934107,0.1591978,0.829497,-1.755638
419,8.394667625427246,0.0,0.0,0.0,-0.34547388553619385,-0.34547388553619385,-0.34374651610851287,1.0,0,0.10360925644636154,0.19217632710933685,0.03108277916908264,0.05765287205576897,-0.05762621760368347,0.006754051893949509,1,0.0575887,-0.05060875,0.005768282,0.028219733,-0.035629537,-0.0961313,0.013001334,-0.049868472,0.0018472066,0.10360926,-0.020514335,0.076802954,-0.036421783,0.9263539,-1.8322364,-0.10902268,0.9941814,-1.9191878,0.063763075,0.9526215,-1.8958551,0.12313208,0.8317205,-1.77831,-0.019145172,0.91117126,-1.830506,-0.10055675,0.98349255,-1.9480271,0.067663476,0.937661,-1.8953009,0.15421486,0.8255662,-1.755269
420,8.414220809936523,0.0,0.0,0.0,-0.34535473585128784,-0.34535473585128784,-0.3436279621720314,1.0,0,0.09780919551849365,0.18685612082481384,0.02934277057647705,0.056056875735521317,-0.05768723040819168,0.006803745403885841,1,0.05644093,-0.046243485,0.009999924,0.020526549,-0.03454497,-0.097809196,0.012643714,-0.05067368,-0.0020466817,0.09474881,-0.022957213,0.07793328,-0.03197778,0.9288341,-1.8293399,-0.11156022,0.99681306,-1.9192274,0.06653644,0.9493318,-1.8972362,0.11840764,0.8288572,-1.7778015,-0.015045499,0.91496104,-1.8263398,-0.10540225,0.98644954,-1.9485701,0.070329554,0.9341297,-1.8978503,0.14683229,0.82197005,-1.7544215
421,8.433524370193481,0.0,0.0,0.0,-0.34507569670677185,-0.34507569670677185,-0.34335031822323797,1.0,0,0.09750061482191086,0.1848580241203308,0.029250144958496094,0.05545738711953163,-0.05746234208345413,0.007057972718030214,1,0.058475662,-0.043264758,0.01157171,0.017563773,-0.032387536,-0.097500615,0.017060537,-0.052066658,-0.0013708662,0.08953733,-0.024816817,0.07903702,-0.026786454,0.9318,-1.8275319,-0.1156071,1.0019019,-1.9212978,0.071251735,0.94305867,-1.8973541,0.11372273,0.82738805,-1.7759798,-0.009243755,0.91882056,-1.8240604,-0.110337965,0.9921856,-1.9505479,0.0763699,0.9274387,-1.8977654,0.14058393,0.819943,-1.7522687
422,8.454410552978516,0.0,0.0,0.0,-0.3448699116706848,-0.3448699116706848,-0.3431455621123314,1.0,0,0.09745818376541138,0.1885090172290802,0.02923750877380371,0.0565527118742466,-0.05784200131893158,0.00699453242123127,1,0.059960026,-0.044496346,0.010530688,0.01983714,-0.033081993,-0.097458184,0.016042637,-0.054368358,-0.002529935,0.092973195,-0.026770856,0.07926675,-0.026271343,0.93250114,-1.8258405,-0.11636092,1.0022194,-1.9198989,0.070232175,0.94270855,-1.8992596,0.11382139,0.8245675,-1.7750411,-0.008283334,0.91915226,-1.8226813,-0.110409774,0.99229485,-1.9491364,0.07504497,0.92639804,-1.9000186,0.14171335,0.81653625,-1.7512611
423,8.474334478378296,0.0,0.0,0.0,-0.3454468846321106,-0.3454468846321106,-0.34371965020895007,1.0,0,0.10093487799167633,0.19214044511318207,0.030280470848083496,0.05764211341738701,-0.058230966329574585,0.006744713522493839,1,0.059174407,-0.04707036,0.007627089,0.025390254,-0.034259547,-0.09726305,0.0152578605,-0.052231405,-0.00049770606,0.10093488,-0.022957718,0.07866377,-0.029039636,0.9317543,-1.827638,-0.115687005,1.0002203,-1.9182241,0.06733751,0.9461603,-1.9004189,0.116537735,0.8258107,-1.77438,-0.011287313,0.9176332,-1.8253499,-0.10806993,0.98994243,-1.947403,0.071914874,0.9304909,-1.9005682,0.1468182,0.81892335,-1.7507808
424,8.494729995727539,0.0,0.0,0.0,-0.34583020210266113,-0.34583020210266113,-0.34410105109214784,1.0,0,0.10114738345146179,0.18815460801124573,0.030344218015670776,0.05644639953970909,-0.05799037590622902,0.006922442466020584,1,0.05354985,-0.050436895,0.0066979844,0.027832823,-0.036716092,-0.09484608,0.009249183,-0.0473322,0.001910178,0.10114738,-0.018624283,0.076942325,-0.03313966,0.92912436,-1.8296735,-0.11312711,0.9985454,-1.9207212,0.06662173,0.9476334,-1.8977145,0.12034777,0.831473,-1.7763383,-0.017074706,0.9139933,-1.8276641,-0.10477726,0.9875306,-1.949175,0.06939648,0.9334337,-1.8971415,0.15069199,0.8258857,-1.7532556
425,8.514389038085938,0.0,0.0,0.0,-0.3456813097000122,-0.3456813097000122,-0.34395290315151217,1.0,0,0.1059947982430458,0.1931207776069641,0.03179843723773956,0.05793622508645058,-0.057481735944747925,0.0068519990891218185,1,0.056764513,-0.052305914,0.0037535618,0.030008817,-0.03670813,-0.09563644,0.012428514,-0.04673945,0.0037407102,0.1059948,-0.017926315,0.077587344,-0.0381007,0.9263619,-1.8313103,-0.109877795,0.9956014,-1.9209212,0.06430329,0.950648,-1.8954988,0.12644257,0.8347657,-1.7784622,-0.021071346,0.91067016,-1.8301842,-0.10087515,0.984589,-1.9496121,0.06803184,0.9366262,-1.8943765,0.158241,0.8293878,-1.755186
426,8.5349280834198,0.0,0.0,0.0,-0.3456156849861145,-0.3456156849861145,-0.34388760656118394,1.0,0,0.10295476019382477,0.19047518074512482,0.030886434018611908,0.057142551988363266,-0.05752190947532654,0.006773494184017181,1,0.055091705,-0.050304092,0.0065957205,0.027492067,-0.035807706,-0.09641858,0.010872672,-0.048064552,0.0015361409,0.10295476,-0.01935364,0.077020265,-0.037115566,0.9267331,-1.8329017,-0.10841714,0.99437475,-1.9204991,0.06475763,0.9518032,-1.8950962,0.12330913,0.83314,-1.7784709,-0.020588053,0.91164184,-1.830923,-0.10016952,0.98363245,-1.9494246,0.068019435,0.93738383,-1.8946353,0.15419556,0.8273339,-1.7553648
427,8.555191993713379,0.0,0.0,0.0,-0.3453543186187744,-0.3453543186187744,-0.34362754702568055,1.0,0,0.09693104028701782,0.18864421546459198,0.029079318046569824,0.05659325793385506,-0.05762626230716705,0.0068149506114423275,1,0.058824766,-0.04628562,0.009404355,0.020835249,-0.033661183,-0.09693104,0.015972627,-0.051231235,-0.0007289829,0.09687728,-0.022981584,0.0783519,-0.03257873,0.92846304,-1.8296732,-0.111603834,0.99713564,-1.9198266,0.0664945,0.94936025,-1.8965285,0.118508354,0.82906365,-1.7781454,-0.014931299,0.91457736,-1.8268518,-0.10535326,0.9870373,-1.948906,0.07128629,0.9339909,-1.8967472,0.14757153,0.8221692,-1.7546399
428,8.574440002441406,0.0,0.0,0.0,-0.3450397551059723,-0.3450397551059723,-0.34331455633044244,1.0,0,0.09601008147001266,0.18575052917003632,0.028802990913391113,0.05572514981031418,-0.0577591210603714,0.006816306617110968,1,0.058424857,-0.043708354,0.012431369,0.015792882,-0.033046085,-0.09601008,0.0166424,-0.05500596,-0.0044050603,0.09090557,-0.026161453,0.07870938,-0.027401507,0.93181103,-1.8290993,-0.11507819,1.0009923,-1.9196054,0.06942079,0.94558734,-1.8980229,0.114321195,0.8263235,-1.7750337,-0.00987405,0.91869855,-1.8253698,-0.11034033,0.9910785,-1.9484084,0.07441351,0.92908555,-1.8993444,0.14159286,0.81847507,-1.7514209
429,8.593515396118164,0.0,0.0,0.0,-0.344990074634552,-0.344990074634552,-0.34326512426137923,1.0,0,0.09839188307523727,0.18781383335590363,0.029517531394958496,0.05634412169456482,-0.05812927335500717,0.006866703275591135,1,0.060807746,-0.04305767,0.01027003,0.019490821,-0.031866916,-0.09839188,0.01822596,-0.053737372,-0.0008760533,0.09176353,-0.025975283,0.07889704,-0.025209896,0.93231714,-1.8260208,-0.11778843,1.0015063,-1.9188461,0.07054269,0.94271296,-1.8991253,0.11161173,0.8244148,-1.773879,-0.0069675725,0.91939986,-1.8229399,-0.11194118,0.9919463,-1.9483637,0.07601048,0.92659175,-1.8993882,0.13914078,0.8166222,-1.7502099
430,8.61459732055664,0.0,0.0,0.0,-0.34530121088027954,-0.34530121088027954,-0.34357470482587815,1.0,0,0.09929559379816055,0.18940818309783936,0.029788680374622345,0.056822456419467926,-0.05827353894710541,0.00703002605587244,1,0.05571319,-0.047623433,0.009178099,0.02509739,-0.035237875,-0.09646768,0.012949381,-0.051030748,6.2309206e-05,0.099295594,-0.022292258,0.07818749,-0.029157974,0.9302767,-1.8266058,-0.114883,1.0015173,-1.9194181,0.06791648,0.9451629,-1.89986,0.11579799,0.8260755,-1.7744799,-0.012444016,0.91598964,-1.8238524,-0.107353784,0.99094594,-1.9483584,0.0718013,0.9298537,-1.8998413,0.14558667,0.8193878,-1.7510237
431,8.634765148162842,0.0,0.0,0.0,-0.3458954989910126,-0.3458954989910126,-0.3441660214960575,1.0,0,0.10628721863031387,0.1946745216846466,0.03188617527484894,0.05840233340859413,-0.05796441435813904,0.007079057861119509,1,0.05975532,-0.05048775,0.003364125,0.029799983,-0.035805516,-0.09634353,0.015736796,-0.048121456,0.00506535,0.10628722,-0.01842012,0.078036755,-0.035878472,0.9272897,-1.8302578,-0.11139441,0.9975821,-1.9218405,0.06483126,0.94905806,-1.8966695,0.123279646,0.8331877,-1.7768338,-0.017951874,0.9121434,-1.8292485,-0.10245442,0.9868404,-1.9507436,0.069552295,0.93462163,-1.89515,0.15516582,0.82766163,-1.7534227
432,8.654113292694092,0.0,0.0,0.0,-0.34559202194213867,-0.34559202194213867,-0.34386406183242796,1.0,0,0.10644692927598953,0.19319982826709747,0.03193408250808716,0.05795999616384506,-0.05768634378910065,0.0069929310120642185,1,0.05609494,-0.05200279,0.0055137724,0.031325784,-0.036451083,-0.0952079,0.012553585,-0.048377343,0.0030388162,0.10644693,-0.018671276,0.07670431,-0.038159944,0.926092,-1.8324964,-0.109519936,0.9951029,-1.9212952,0.06410161,0.9514987,-1.8943775,0.12658098,0.83491373,-1.7784908,-0.021331461,0.91049117,-1.8308423,-0.1001222,0.9841676,-1.9498576,0.06786768,0.9369855,-1.8934659,0.15851507,0.8293123,-1.7554795
433,8.673293113708496,0.0,0.0,0.0,-0.3454796075820923,-0.3454796075820923,-0.34375220954418184,1.0,0,0.10101869702339172,0.19095061719417572,0.030305609107017517,0.05728517472743988,-0.05807523429393768,0.006796504370868206,1,0.058143154,-0.049033847,0.0065696333,0.024388166,-0.03512566,-0.096559085,0.014492651,-0.051174924,0.00052598846,0.1010187,-0.021596687,0.07733951,-0.036493562,0.9286187,-1.8320401,-0.10926827,0.9939502,-1.9200006,0.06426003,0.95186377,-1.8961473,0.12233651,0.8325077,-1.7787316,-0.019050615,0.9139086,-1.8300692,-0.10195182,0.9834125,-1.9489683,0.06860782,0.9365113,-1.8959894,0.15264212,0.8260287,-1.7555298
434,8.69326376914978,0.0,0.0,0.0,-0.3454037308692932,-0.3454037308692932,-0.3436767122149467,1.0,0,0.09791962057352066,0.18791261315345764,0.029375910758972168,0.05637378618121147,-0.057993486523628235,0.006941555067896843,1,0.057799727,-0.046085842,0.009401792,0.02065164,-0.034039244,-0.09791962,0.014402229,-0.050542586,-0.00047208357,0.095215075,-0.022896055,0.078944854,-0.030610345,0.9300322,-1.8294377,-0.11376443,0.99849236,-1.9195586,0.06811795,0.9473045,-1.896799,0.117541604,0.8278898,-1.7774988,-0.013270427,0.9162064,-1.8266172,-0.107568935,0.9882806,-1.9489346,0.07243861,0.9321417,-1.8969406,0.14610612,0.82102096,-1.7538154
435,8.71401572227478,0.0,0.0,0.0,-0.34489792585372925,-0.34489792585372925,-0.3431734362244606,1.0,0,0.09772805124521255,0.1873633861541748,0.02931845188140869,0.05620903894305229,-0.05803479999303818,0.007168589625507593,1,0.059880562,-0.044094127,0.010701095,0.02046923,-0.03257603,-0.09772805,0.016703494,-0.05433134,-0.0016951645,0.09106845,-0.026483843,0.07874619,-0.027350016,0.9317684,-1.8282306,-0.11555131,1.001014,-1.9203514,0.07070528,0.9443308,-1.8982671,0.113482326,0.8271665,-1.7755483,-0.009385847,0.9185402,-1.8250203,-0.10941054,0.99124116,-1.9496698,0.07571633,0.9280314,-1.8987757,0.14080286,0.8192213,-1.7519245
436,8.734779834747314,0.0,0.0,0.0,-0.34495940804481506,-0.34495940804481506,-0.34323461100459096,1.0,0,0.09802471101284027,0.18944214284420013,0.029407382011413574,0.056832607835531235,-0.05830593779683113,0.007026547100394964,1,0.06097864,-0.04457721,0.009800892,0.02078262,-0.032438677,-0.09802471,0.017206986,-0.053042404,-0.00057887257,0.09428077,-0.025764633,0.07956838,-0.027469665,0.9320313,-1.8273046,-0.11698842,1.0015482,-1.9195591,0.06947067,0.9440835,-1.899363,0.11394675,0.8257577,-1.7736375,-0.009176072,0.91865814,-1.8243643,-0.11075363,0.9918166,-1.9489665,0.074632764,0.9281708,-1.8995367,0.14223099,0.8180283,-1.7497671
437,8.754555702209473,0.0,0.0,0.0,-0.34531253576278687,-0.34531253576278687,-0.34358597308397293,1.0,0,0.09784577786922455,0.18932068347930908,0.029353737831115723,0.05679621174931526,-0.05850866809487343,0.0069519164972007275,1,0.05696211,-0.046867516,0.008501619,0.02519112,-0.03474692,-0.09784578,0.013661489,-0.050584726,0.00022953001,0.09759634,-0.02244428,0.07835027,-0.030038804,0.93102276,-1.8285605,-0.115519434,0.9997337,-1.9194051,0.067697674,0.94648534,-1.8991499,0.1169672,0.8279565,-1.7742927,-0.012950171,0.9169625,-1.82601,-0.107962094,0.9893096,-1.9487588,0.07179612,0.93130994,-1.899081,0.1462461,0.8212232,-1.7507876
438,8.77314019203186,0.0,0.0,0.0,-0.3455723524093628,-0.3455723524093628,-0.343844490647316,1.0,0,0.10225179046392441,0.1902792602777481,0.030675537884235382,0.05708376318216324,-0.05822743847966194,0.007006047293543816,1,0.055833995,-0.049960442,0.006249758,0.029121336,-0.03563875,-0.09595913,0.011893747,-0.047799625,0.0033198255,0.10225179,-0.019330593,0.077207126,-0.035141394,0.9281334,-1.8297248,-0.111610204,0.99715817,-1.9196628,0.06478386,0.9489145,-1.8975298,0.122650705,0.83123547,-1.7768571,-0.018391194,0.9131453,-1.8278499,-0.1028738,0.9864665,-1.9484506,0.06835199,0.93457466,-1.8965338,0.15332624,0.8254363,-1.753695
439,8.794589281082153,0.0,0.0,0.0,-0.34587961435317993,-0.34587961435317993,-0.344150216281414,1.0,0,0.10383094102144241,0.19204211235046387,0.031149275600910187,0.05761262774467468,-0.05781812220811844,0.00711028790101409,1,0.05770266,-0.05076605,0.004014421,0.029818617,-0.035804063,-0.09712182,0.012732983,-0.046616185,0.004981599,0.10383094,-0.017789494,0.07678669,-0.037355013,0.92820644,-1.8317833,-0.10944004,0.9957725,-1.9214618,0.06452493,0.9508222,-1.895229,0.12473973,0.8341427,-1.7787999,-0.020044215,0.9129766,-1.8305789,-0.10049446,0.98503125,-1.9505984,0.06834483,0.9368373,-1.8937345,0.155889,0.82880586,-1.7557639
440,8.814918041229248,0.0,0.0,0.0,-0.34540456533432007,-0.34540456533432007,-0.3436775425076485,1.0,0,0.10196612775325775,0.1931600272655487,0.030589833855628967,0.05794796347618103,-0.0579109862446785,0.007097913883626461,1,0.060897525,-0.048329327,0.0066185156,0.026353102,-0.034008853,-0.097709656,0.016761145,-0.050780043,0.0025529938,0.10196613,-0.021943323,0.077973224,-0.037147976,0.926827,-1.8313113,-0.10886983,0.9944136,-1.9201857,0.06436768,0.95114726,-1.8955032,0.12380436,0.83257365,-1.7791677,-0.018878719,0.91232824,-1.8293258,-0.1009639,0.98421097,-1.9494985,0.06939603,0.93591326,-1.8947372,0.1543942,0.8259907,-1.7557757
441,8.834413528442383,0.0,0.0,0.0,-0.3452789783477783,-0.3452789783477783,-0.34355258345603945,1.0,0,0.09699957817792892,0.1883712112903595,0.02909982204437256,0.056511346250772476,-0.05817421153187752,0.007033286616206169,1,0.059491973,-0.045008093,0.010820532,0.020524705,-0.03292028,-0.09699958,0.017303621,-0.052926578,-0.00159405,0.0951703,-0.024430208,0.07829608,-0.03126108,0.92966235,-1.8299166,-0.11265644,0.9976961,-1.9199476,0.06731968,0.9479913,-1.8967748,0.1176566,0.8278151,-1.7778187,-0.013413487,0.9161599,-1.8266704,-0.106499024,0.98782,-1.9490474,0.072510764,0.93211335,-1.897253,0.14620769,0.82048607,-1.7543298
442,8.85458779335022,0.0,0.0,0.0,-0.3450850546360016,-0.3450850546360016,-0.34335962936282155,1.0,0,0.09666513651609421,0.18682155013084412,0.02899956703186035,0.0560464933514595,-0.05839168652892113,0.007200645748525858,1,0.059644774,-0.04409824,0.011619621,0.01868272,-0.032366693,-0.09666514,0.016359579,-0.05417626,-0.0035212687,0.09154387,-0.02622884,0.07899994,-0.025827534,0.9326234,-1.8271276,-0.116909,1.0014919,-1.9194747,0.07048437,0.9435101,-1.8987222,0.11229744,0.8249178,-1.7749748,-0.007934101,0.9193939,-1.8236417,-0.11130418,0.9917819,-1.9484743,0.075392246,0.92725724,-1.8997786,0.1397606,0.81704915,-1.7512748
443,8.876129150390625,0.0,0.0,0.0,-0.3450153172016144,-0.3450153172016144,-0.3432902406156063,1.0,0,0.09883884340524673,0.18953192234039307,0.029651641845703125,0.05685959383845329,-0.05845073238015175,0.007144408766180277,1,0.06026014,-0.04502973,0.009432746,0.021595774,-0.03341156,-0.09883884,0.015015586,-0.05318518,-0.0019601148,0.09324578,-0.02605973,0.07994205,-0.026641473,0.9321152,-1.8260636,-0.11663394,1.0023091,-1.9193178,0.06935713,0.94355965,-1.8997586,0.113724425,0.8249132,-1.7741896,-0.008563431,0.9186063,-1.8232338,-0.1101552,0.9922856,-1.9489695,0.0738618,0.9276041,-1.9003466,0.14169817,0.8170953,-1.750207
444,8.893755674362183,0.0,0.0,0.0,-0.3455842137336731,-0.3455842137336731,-0.3438562926650047,1.0,0,0.10031069815158844,0.189332976937294,0.030093207955360413,0.056799858808517456,-0.058491822332143784,0.007247227244079113,1,0.056299612,-0.048206802,0.0076098824,0.026120063,-0.03509408,-0.09583649,0.013369032,-0.049846157,0.0017219713,0.1003107,-0.02076367,0.07770031,-0.031372778,0.93014556,-1.8279557,-0.11352502,0.99938595,-1.9204376,0.06612977,0.9469553,-1.8993343,0.11863667,0.8290959,-1.7755889,-0.014482893,0.9156835,-1.8256727,-0.105689,0.98885775,-1.9491885,0.07014047,0.9320015,-1.8988178,0.14872988,0.8228668,-1.7522788
445,8.91426682472229,0.0,0.0,0.0,-0.3457683026790619,-0.3457683026790619,-0.3440394611656666,1.0,0,0.10613535344600677,0.19282813370227814,0.03184060752391815,0.05784841999411583,-0.05799394100904465,0.007366472855210304,1,0.05555899,-0.051905565,0.0041925963,0.031184958,-0.037067663,-0.095814146,0.011193936,-0.046948045,0.0037728054,0.10613535,-0.017896961,0.07699732,-0.036885977,0.92778116,-1.8305837,-0.110811085,0.9966573,-1.9218051,0.06457037,0.9496116,-1.8961788,0.12440054,0.8339448,-1.7777027,-0.02021828,0.9122095,-1.8293259,-0.1014556,0.985537,-1.9505494,0.067928545,0.9355272,-1.895047,0.15624115,0.82857573,-1.7546035
446,8.934691429138184,0.0,0.0,0.0,-0.34549620747566223,-0.34549620747566223,-0.34376872643828393,1.0,0,0.1044236347079277,0.19311171770095825,0.03132709860801697,0.05793353542685509,-0.05797145888209343,0.007139055989682674,1,0.05774936,-0.050204877,0.0063932477,0.028544752,-0.03533619,-0.09681779,0.013491487,-0.049087115,0.0023848866,0.104423635,-0.020523945,0.077690616,-0.03818697,0.927026,-1.8314441,-0.10835112,0.99455017,-1.9208404,0.064122915,0.9508976,-1.8955189,0.12520424,0.8340499,-1.7791483,-0.020862162,0.91196454,-1.8295262,-0.09978769,0.9839493,-1.9498857,0.06817036,0.9361714,-1.8948034,0.15653133,0.8278927,-1.7558411
447,8.953634023666382,0.0,0.0,0.0,-0.3453761339187622,-0.3453761339187622,-0.3436492532491684,1.0,0,0.0967147946357727,0.18792235851287842,0.02901443839073181,0.05637674033641815,-0.058145806193351746,0.007032827939838171,1,0.05798783,-0.047662474,0.008382057,0.022274986,-0.034164768,-0.09607344,0.0137042515,-0.051237054,-0.0014589387,0.096714795,-0.022763286,0.077650845,-0.0343616,0.92865545,-1.8307265,-0.11057891,0.9966514,-1.9200196,0.065185435,0.9499842,-1.8964803,0.12107116,0.82995546,-1.7783848,-0.016965251,0.9143567,-1.8282119,-0.10389642,0.986402,-1.9488417,0.06929671,0.93461305,-1.896918,0.1500856,0.8231265,-1.7550895
448,8.97433590888977,0.0,0.0,0.0,-0.3450414538383484,-0.3450414538383484,-0.34331624656915666,1.0,0,0.09708327054977417,0.18629568815231323,0.029124975204467773,0.055888738483190536,-0.05816427990794182,0.007279937621206045,1,0.058673907,-0.04471986,0.010304302,0.01912053,-0.03301275,-0.09708327,0.016653452,-0.052416276,-0.0010535404,0.09223858,-0.024360383,0.07841885,-0.03020259,0.9309479,-1.8291131,-0.11281175,0.998976,-1.9206105,0.06784792,0.94661224,-1.8971977,0.116475135,0.8286381,-1.7767087,-0.012600416,0.91753197,-1.8260218,-0.107075594,0.98907214,-1.9497355,0.07284396,0.93088734,-1.8975137,0.14414671,0.82132995,-1.753183
449,8.994523048400879,0.0,0.0,0.0,-0.3451542854309082,-0.3451542854309082,-0.3434285140037537,1.0,0,0.09809638559818268,0.18970061838626862,0.029428958892822266,0.056910205632448196,-0.05813373625278473,0.007441964000463486,1,0.05960664,-0.044982582,0.010066193,0.022800284,-0.032997027,-0.098096386,0.016714,-0.052682173,-0.0007695885,0.09511447,-0.02498048,0.07969255,-0.026496008,0.93181103,-1.8262804,-0.11591898,1.0013691,-1.920236,0.07051398,0.9438052,-1.8986244,0.113414004,0.826022,-1.7758757,-0.008614015,0.91831625,-1.8232605,-0.10907889,0.99147004,-1.949665,0.075528175,0.92800057,-1.8988553,0.14194834,0.8185279,-1.7519679
450,9.014026165008545,0.0,0.0,0.0,-0.34512394666671753,-0.34512394666671753,-0.34339832693338396,1.0,0,0.09819447249174118,0.19189348816871643,0.029458343982696533,0.057568036019802094,-0.05851196125149727,0.007305527105927467,1,0.060424402,-0.04605021,0.008749724,0.020953313,-0.033644397,-0.09777366,0.01746806,-0.05389327,-0.0013502468,0.09819447,-0.025025873,0.0797763,-0.028450713,0.93171376,-1.8272187,-0.11597002,1.001059,-1.9193949,0.06877511,0.9443634,-1.8993009,0.11589819,0.8264284,-1.7749761,-0.01032339,0.9178987,-1.8245938,-0.10968403,0.9909657,-1.9487269,0.07401553,0.9281954,-1.899706,0.14535654,0.8189207,-1.7510432
451,9.035283327102661,0.0,0.0,0.0,-0.3454783856868744,-0.3454783856868744,-0.34375099375844004,1.0,0,0.09925602376461029,0.18731902539730072,0.029776811599731445,0.0561957061290741,-0.0588243268430233,0.007225256413221359,1,0.053048287,-0.048897717,0.0086768195,0.026544414,-0.035947565,-0.09487839,0.010021766,-0.049454898,0.00047883,0.099256024,-0.020810518,0.07731751,-0.03195218,0.9292679,-1.8283749,-0.11359166,0.9986565,-1.9192688,0.066718385,0.94728655,-1.8992019,0.11895323,0.8289095,-1.7758929,-0.016037693,0.9145986,-1.8257718,-0.10562834,0.98787224,-1.9477323,0.06972492,0.93245006,-1.8990582,0.14873004,0.82266635,-1.7526976
452,9.054905652999878,0.0,0.0,0.0,-0.3459317684173584,-0.3459317684173584,-0.3442021095752716,1.0,0,0.10326051712036133,0.19131389260292053,0.03097815066576004,0.057394180446863174,-0.05827445536851883,0.007233444135636091,1,0.058361508,-0.05043259,0.0043680896,0.029058354,-0.03489308,-0.09546003,0.013797618,-0.04717039,0.0038672325,0.10326052,-0.018386772,0.0776318,-0.036267504,0.9276275,-1.8299178,-0.11087486,0.9964812,-1.9201522,0.06458693,0.94952714,-1.897474,0.123566054,0.83286875,-1.7775407,-0.018759051,0.9124977,-1.8286073,-0.102157354,0.98601323,-1.9487902,0.06872621,0.93537605,-1.8963139,0.1545442,0.8273527,-1.7542511
453,9.074965000152588,0.0,0.0,0.0,-0.345531702041626,-0.345531702041626,-0.34380404353141786,1.0,0,0.10483168810606003,0.1929239183664322,0.03144950419664383,0.05787718668580055,-0.05807384103536606,0.007395295426249504,1,0.05642444,-0.050736174,0.005316117,0.029190984,-0.036177065,-0.09757905,0.011948139,-0.047332022,0.0035436307,0.10483169,-0.019113863,0.07746148,-0.037094213,0.9275793,-1.8324531,-0.1090309,0.9952631,-1.9216261,0.06458931,0.9504111,-1.8947632,0.12415091,0.8341199,-1.7782549,-0.020166881,0.9123584,-1.8308583,-0.10027361,0.98441,-1.9508998,0.06817375,0.93621147,-1.8937001,0.15560041,0.8283858,-1.7550164
454,9.094533205032349,0.0,0.0,0.0,-0.3451802134513855,-0.3451802134513855,-0.34345431238412855,1.0,0,0.10066398978233337,0.19150367379188538,0.03019919991493225,0.05745111033320427,-0.058327194303274155,0.00737044308334589,1,0.05765097,-0.04785165,0.008235813,0.025390388,-0.03431611,-0.098180406,0.015199606,-0.050141905,0.0012517471,0.10066399,-0.022188691,0.0784753,-0.034551956,0.92823607,-1.8300904,-0.11021873,0.99534947,-1.9202462,0.06536567,0.94999677,-1.8968284,0.12000677,0.8313117,-1.7788545,-0.017256664,0.9138806,-1.8276197,-0.10260162,0.9850546,-1.9497004,0.069925554,0.9349542,-1.8964529,0.15020597,0.8246551,-1.7553118
455,9.1145339012146,0.0,0.0,0.0,-0.34514132142066956,-0.34514132142066956,-0.3434156148135662,1.0,0,0.09836570918560028,0.18938973546028137,0.029509663581848145,0.056816864758729935,-0.05849189683794975,0.007211610209196806,1,0.06062206,-0.044509858,0.010327167,0.0180463,-0.032663997,-0.09836571,0.017579233,-0.05435127,-0.002839844,0.093936354,-0.025752058,0.0792394,-0.029811151,0.9313386,-1.8299398,-0.11365555,0.9978546,-1.9189996,0.06864755,0.9474767,-1.8979888,0.11537051,0.8276402,-1.775909,-0.011624534,0.9179857,-1.8268417,-0.10824166,0.9880554,-1.9485092,0.073921315,0.9311713,-1.8988408,0.14355142,0.8199146,-1.7521372
456,9.133554220199585,0.0,0.0,0.0,-0.34515899419784546,-0.34515899419784546,-0.3434331992268562,1.0,0,0.09882170706987381,0.19040626287460327,0.02964651584625244,0.0571218840777874,-0.05866099148988724,0.0073475949466228485,1,0.062489312,-0.043861307,0.009611421,0.020944536,-0.03218056,-0.09882171,0.01941279,-0.054098357,-0.00061116705,0.093054675,-0.026279159,0.08024846,-0.025751024,0.9320136,-1.8272763,-0.117046416,1.0019096,-1.9183606,0.07016241,0.94383264,-1.8995732,0.11242584,0.8243911,-1.7740144,-0.0070042294,0.9188552,-1.8243929,-0.11076306,0.99225545,-1.9480071,0.075986244,0.9276031,-1.8997566,0.14034225,0.8165074,-1.7499398
457,9.154711723327637,0.0,0.0,0.0,-0.34520256519317627,-0.34520256519317627,-0.34347655236721036,1.0,0,0.09775732457637787,0.18953000009059906,0.0293271541595459,0.056858956813812256,-0.05901727452874184,0.007441794034093618,1,0.058382902,-0.045468286,0.009610274,0.023420794,-0.03370731,-0.097757325,0.01610829,-0.052582685,0.00066104496,0.09634078,-0.024088971,0.078901485,-0.027166434,0.93161404,-1.8256819,-0.11690912,1.0014828,-1.9182433,0.06918205,0.9443117,-1.9007343,0.1145477,0.8244919,-1.7740662,-0.009651562,0.9179736,-1.8227988,-0.10988288,0.9913707,-1.9475704,0.07401454,0.9285369,-1.900536,0.14344993,0.8172652,-1.7503958
458,9.172846794128418,0.0,0.0,0.0,-0.3458881974220276,-0.3458881974220276,-0.34415875643491745,1.0,0,0.10034413635730743,0.18792083859443665,0.03010324388742447,0.05637628212571144,-0.05901411548256874,0.007452710997313261,1,0.05338762,-0.04995026,0.0075517963,0.026347425,-0.03657485,-0.0941161,0.009271748,-0.04968578,0.000117599964,0.10034414,-0.020441316,0.07733528,-0.033765294,0.92943007,-1.8293009,-0.11252305,0.99862295,-1.9198159,0.065250255,0.9479246,-1.8988763,0.12114573,0.8304779,-1.7753255,-0.017749008,0.914445,-1.8270353,-0.10461882,0.9876505,-1.9480507,0.06803178,0.93301886,-1.898841,0.15124898,0.82434547,-1.7521249
459,9.194675922393799,0.0,0.0,0.0,-0.3459448516368866,-0.3459448516368866,-0.34421512737870213,1.0,0,0.10489718616008759,0.192925825715065,0.03146915137767792,0.057877786457538605,-0.05814050883054733,0.007475583348423243,1,0.05938977,-0.050627865,0.0027755362,0.0301647,-0.03476071,-0.09660066,0.015245071,-0.046045907,0.0060255704,0.104897186,-0.016965557,0.0774096,-0.036705904,0.9274465,-1.8312736,-0.11042363,0.9959326,-1.9214326,0.06465255,0.9495668,-1.8958672,0.12446381,0.8339329,-1.7775874,-0.018888973,0.91225815,-1.8304409,-0.101374224,0.9855044,-1.9504129,0.06922607,0.935753,-1.8940595,0.15593296,0.82884324,-1.7543645
460,9.214316844940186,0.0,0.0,0.0,-0.34528449177742004,-0.34528449177742004,-0.34355806931853294,1.0,0,0.10279790312051773,0.1928761899471283,0.03083936870098114,0.05786287784576416,-0.05831076204776764,0.00727514224126935,1,0.057066146,-0.050378516,0.0066830707,0.027880494,-0.03630746,-0.0974983,0.011890951,-0.050297856,0.0012106611,0.1027979,-0.021920376,0.077716805,-0.03725642,0.9282058,-1.8336287,-0.1082377,0.995097,-1.9205266,0.06390226,0.9513129,-1.895288,0.123846784,0.833297,-1.7775816,-0.020136574,0.91309226,-1.8316238,-0.09987355,0.98420477,-1.9497762,0.067469545,0.93622357,-1.8949248,0.15468615,0.8267209,-1.7542665
461,9.234177589416504,0.0,0.0,0.0,-0.3452986478805542,-0.3452986478805542,-0.34357215464115143,1.0,0,0.09657938778400421,0.1876392811536789,0.028973817825317383,0.056291770190000534,-0.0586843378841877,0.007171302568167448,1,0.057802387,-0.04661874,0.009176685,0.022887422,-0.03341682,-0.09657939,0.0153604355,-0.05089899,0.000513844,0.09635039,-0.022530733,0.077613294,-0.033545613,0.9282524,-1.8292844,-0.111419335,0.99663293,-1.9199977,0.06557506,0.9495961,-1.896554,0.11940732,0.8290756,-1.7786657,-0.016204897,0.91426677,-1.8265314,-0.10455311,0.9866079,-1.9489715,0.070183195,0.9343264,-1.8963999,0.14831243,0.82231635,-1.7553817
462,9.253053665161133,0.0,0.0,0.0,-0.34500929713249207,-0.34500929713249207,-0.3432842506468296,1.0,0,0.09916052967309952,0.1898777186870575,0.029748201370239258,0.056963346898555756,-0.05842578038573265,0.0074640847742557526,1,0.060845364,-0.044461314,0.010078168,0.019608524,-0.032711804,-0.09916053,0.01864785,-0.05289659,-0.00059794605,0.0943448,-0.025154095,0.07940921,-0.028321259,0.9323026,-1.827866,-0.11470266,0.9997739,-1.9190197,0.06969465,0.94580644,-1.8987358,0.115235925,0.82623726,-1.7756811,-0.010067649,0.9189642,-1.8248425,-0.108820096,0.9899604,-1.9487679,0.07528901,0.9299375,-1.8989152,0.14353937,0.818691,-1.7518584
463,9.274441957473755,0.0,0.0,0.0,-0.34510737657546997,-0.34510737657546997,-0.3433818396925926,1.0,0,0.09685301780700684,0.1902439445257187,0.02905595302581787,0.05707322806119919,-0.058731403201818466,0.007450435310602188,1,0.05924399,-0.045549415,0.010022504,0.022284577,-0.0333211,-0.09685302,0.015832653,-0.054416932,-0.0024542946,0.09613823,-0.026143491,0.07985215,-0.026844762,0.9321693,-1.8256856,-0.116523474,1.0018387,-1.9195224,0.06992253,0.94315284,-1.8992013,0.11442895,0.82551885,-1.7750626,-0.009071564,0.9185045,-1.8226789,-0.1098381,0.9918423,-1.9485784,0.07467233,0.9268278,-1.8999375,0.14327042,0.8176758,-1.7511069
464,9.294625997543335,0.0,0.0,0.0,-0.34525060653686523,-0.34525060653686523,-0.3435243535041809,1.0,0,0.0969904288649559,0.1882985681295395,0.029097124934196472,0.05648957937955856,-0.05917247384786606,0.007292549125850201,1,0.05646016,-0.046616673,0.009199892,0.024537789,-0.034099407,-0.09670797,0.013607217,-0.051707126,-0.00016947462,0.09699043,-0.023089336,0.078067094,-0.028679103,0.9307832,-1.8266547,-0.11592436,1.0002055,-1.9190313,0.0684659,0.94512004,-1.9001024,0.11528377,0.8257982,-1.7753078,-0.011741053,0.91679823,-1.8238947,-0.10856302,0.9899757,-1.9480437,0.07254807,0.92960787,-1.9001532,0.1443809,0.81887144,-1.7518877
465,9.314378023147583,0.0,0.0,0.0,-0.34555041790008545,-0.34555041790008545,-0.343822665810585,1.0,0,0.10151975601911545,0.1899544596672058,0.030455932021141052,0.05698636919260025,-0.058954205363988876,0.007333709392696619,1,0.05531625,-0.0496449,0.006748773,0.027976722,-0.03564147,-0.095995575,0.011518768,-0.048454124,0.0020813113,0.101519756,-0.019762699,0.077864245,-0.03298323,0.9298828,-1.8298037,-0.113198906,0.99858403,-1.9197955,0.0660301,0.9478887,-1.8979641,0.12098442,0.83012736,-1.7754617,-0.016388353,0.91498935,-1.827779,-0.10480589,0.9878916,-1.9485942,0.06948573,0.9333524,-1.8973397,0.15144035,0.82419854,-1.7521024
466,9.33437466621399,0.0,0.0,0.0,-0.34573888778686523,-0.34573888778686523,-0.3440101933479309,1.0,0,0.10728035867214203,0.1947631537914276,0.03218410909175873,0.058428987860679626,-0.058506619185209274,0.007322705816477537,1,0.05724523,-0.05176299,0.004096163,0.030910525,-0.036663316,-0.09648425,0.012616785,-0.047279105,0.004290889,0.10728036,-0.018633256,0.07798354,-0.036922142,0.92689145,-1.8312883,-0.109490454,0.9958615,-1.9207398,0.0647019,0.950161,-1.895572,0.12349716,0.8328081,-1.7777411,-0.019748572,0.9113625,-1.8300595,-0.1002173,0.98486245,-1.9496851,0.06848694,0.9359772,-1.8942847,0.15568127,0.8272181,-1.754346
467,9.352984428405762,0.0,0.0,0.0,-0.3454577326774597,-0.3454577326774597,-0.34373044401407243,1.0,0,0.1053449958562851,0.19354288280010223,0.03160350024700165,0.0580628402531147,-0.058537986129522324,0.007320629898458719,1,0.057988036,-0.05004931,0.005799302,0.027546171,-0.035549086,-0.0968692,0.014922879,-0.049068812,0.0033331057,0.105344996,-0.01963113,0.077633746,-0.03762472,0.92668563,-1.8319434,-0.108994946,0.9944939,-1.919178,0.06372152,0.9526025,-1.8963411,0.124582365,0.83188605,-1.7787642,-0.02022831,0.91167086,-1.8302037,-0.1007311,0.9838292,-1.9482387,0.06819838,0.9378819,-1.8953412,0.15618587,0.8259967,-1.7554741
468,9.373974084854126,0.0,0.0,0.0,-0.3452695608139038,-0.3452695608139038,-0.3435432130098343,1.0,0,0.09668420255184174,0.18872082233428955,0.0290052592754364,0.05661625415086746,-0.058668624609708786,0.007319802884012461,1,0.05800362,-0.047007058,0.009219749,0.021622546,-0.03431509,-0.09666147,0.014959255,-0.052291002,-0.0013370818,0.0966842,-0.023730334,0.07808382,-0.034109272,0.9285829,-1.8305774,-0.110962324,0.9968879,-1.9203776,0.06640783,0.94947344,-1.896351,0.11969991,0.83022845,-1.7783085,-0.016708186,0.9144808,-1.8278115,-0.10447556,0.98659337,-1.9493761,0.070895605,0.93378615,-1.8967521,0.14870517,0.8231093,-1.7548834
469,9.394439935684204,0.0,0.0,0.0,-0.345089852809906,-0.345089852809906,-0.34336440354585646,1.0,0,0.09873005002737045,0.1902679204940796,0.02961897850036621,0.05708038806915283,-0.05879165977239609,0.007346680853515863,1,0.06297399,-0.043518864,0.0099456,0.018742746,-0.031257287,-0.09873005,0.019901369,-0.054763015,-0.0016959693,0.093133256,-0.026683794,0.079897836,-0.027567096,0.9304968,-1.8275348,-0.115698665,1.0003513,-1.9183675,0.06939767,0.94655293,-1.8983219,0.11502158,0.8244464,-1.7761719,-0.008674897,0.9174411,-1.8245511,-0.11007584,0.9909741,-1.9479865,0.075368084,0.93012404,-1.8988307,0.14296156,0.81644124,-1.7522025
470,9.414013147354126,0.0,0.0,0.0,-0.34503090381622314,-0.34503090381622314,-0.343305749297142,1.0,0,0.09933265298604965,0.18788738548755646,0.029799818992614746,0.05636622756719589,-0.059122711420059204,0.007341591641306877,1,0.059740476,-0.04378696,0.01081371,0.021307476,-0.032573644,-0.09933265,0.015328521,-0.052935418,-0.0017583037,0.09146004,-0.026161652,0.078910716,-0.025727749,0.9317017,-1.8267158,-0.117917396,1.001728,-1.9186958,0.070698574,0.9439806,-1.8997315,0.11318109,0.8245173,-1.7740554,-0.0078056045,0.91856563,-1.8234717,-0.111525156,0.99195594,-1.9484956,0.07529713,0.92809993,-1.900259,0.1406191,0.8166688,-1.7503822
471,9.432640314102173,0.0,0.0,0.0,-0.3454340100288391,-0.3454340100288391,-0.3437068399786949,1.0,0,0.09768190234899521,0.18939389288425446,0.02930457890033722,0.05681813880801201,-0.05940696969628334,0.007503011263906956,1,0.058571886,-0.04679431,0.008203932,0.025162937,-0.033629764,-0.09719058,0.014592224,-0.050897244,0.0009677808,0.0976819,-0.022632234,0.07819113,-0.028739035,0.92912143,-1.8249787,-0.11490577,1.001158,-1.9189036,0.06811859,0.945166,-1.9008383,0.115643516,0.8253306,-1.7748871,-0.0111674685,0.91508317,-1.8225175,-0.10735688,0.9910691,-1.9480608,0.07249626,0.92989683,-1.9005479,0.1449481,0.81854093,-1.7514298
472,9.45614767074585,0.0,0.0,0.0,-0.34582361578941345,-0.34582361578941345,-0.3440944977104664,1.0,0,0.10492237657308578,0.1933840662240982,0.031476713716983795,0.05801523104310036,-0.05874847248196602,0.007501333951950073,1,0.058839183,-0.050504267,0.004642785,0.0288109,-0.035845716,-0.095812015,0.01487466,-0.04874674,0.0035093483,0.10492238,-0.019073369,0.07801201,-0.034194097,0.9290675,-1.8297869,-0.11216838,0.99832,-1.920412,0.06556174,0.94848746,-1.8985074,0.12284856,0.831236,-1.7760328,-0.016542342,0.91391623,-1.828394,-0.10352511,0.9875663,-1.9491556,0.07002414,0.93386346,-1.8974545,0.15432528,0.825514,-1.7526292
473,9.47424054145813,0.0,0.0,0.0,-0.3457273840904236,-0.3457273840904236,-0.3439987471699715,1.0,0,0.10348060727119446,0.19046920537948608,0.031044185161590576,0.05714080482721329,-0.058610159903764725,0.007449910510331392,1,0.05476611,-0.05174828,0.0055204323,0.030600298,-0.03632288,-0.094938494,0.009456391,-0.047472045,0.0019167605,0.10348061,-0.018813903,0.076765165,-0.037491255,0.9269244,-1.8328161,-0.10871944,0.9942284,-1.9203237,0.06334727,0.9517262,-1.8952345,0.12544012,0.8343566,-1.7779566,-0.02106142,0.9113999,-1.83116,-0.09953935,0.98333156,-1.9488053,0.06618419,0.93748456,-1.8946594,0.1564843,0.82871246,-1.754927
474,9.494047403335571,0.0,0.0,0.0,-0.3455621004104614,-0.3455621004104614,-0.34383428990840914,1.0,0,0.10250245779752731,0.18839682638645172,0.030750736594200134,0.05651909112930298,-0.05877054110169411,0.007225085515528917,1,0.05250892,-0.04997991,0.008394063,0.025698632,-0.0357298,-0.09514872,0.010135997,-0.047922134,0.0008719108,0.10250246,-0.019244986,0.07681312,-0.036507316,0.92687345,-1.832319,-0.109103516,0.99449676,-1.9203042,0.06439913,0.95158046,-1.8956228,0.12300311,0.83274764,-1.7793416,-0.020754639,0.9118795,-1.8298008,-0.10139392,0.9837778,-1.9488488,0.06743993,0.9372038,-1.8953613,0.15375385,0.82697415,-1.7562976
475,9.514577627182007,0.0,0.0,0.0,-0.34521761536598206,-0.34521761536598206,-0.34349152728915217,1.0,0,0.09790635854005814,0.18829624354839325,0.02937185764312744,0.05648883804678917,-0.058660782873630524,0.007348490413278341,1,0.06017958,-0.045675438,0.008941845,0.021089744,-0.032803193,-0.09790636,0.016292496,-0.051475115,-0.00025480986,0.09441231,-0.023889815,0.07849587,-0.031424575,0.9290755,-1.8307703,-0.11207202,0.99697554,-1.9194922,0.06708753,0.94864625,-1.8961197,0.118651606,0.8290884,-1.7774509,-0.0133707,0.91537285,-1.8280877,-0.1057451,0.9871346,-1.9488641,0.07197528,0.9332037,-1.8961961,0.14697531,0.82192147,-1.7539022
476,9.53623342514038,0.0,0.0,0.0,-0.3448585867881775,-0.3448585867881775,-0.3431342938542366,1.0,0,0.09935050457715988,0.18987922370433807,0.02980518341064453,0.05696377903223038,-0.05881696939468384,0.007616071030497551,1,0.06195782,-0.043819636,0.010405633,0.02139544,-0.031924766,-0.099350505,0.018492987,-0.053602684,-0.00041904664,0.09292426,-0.026414128,0.07931831,-0.027691044,0.93088454,-1.827073,-0.11533267,1.0008581,-1.9196899,0.069506794,0.94517106,-1.8984263,0.11470443,0.82641965,-1.7764955,-0.009103697,0.9177387,-1.8239512,-0.10891404,0.9912806,-1.9494951,0.07505469,0.92909026,-1.8985521,0.1425817,0.8184954,-1.7527
477,9.553055047988892,0.0,0.0,0.0,-0.3452426493167877,-0.3452426493167877,-0.34351643607020377,1.0,0,0.09824703633785248,0.18917731940746307,0.02947413921356201,0.05675320327281952,-0.05912107229232788,0.007619858719408512,1,0.062119003,-0.043277834,0.010217094,0.017613867,-0.03129624,-0.09824704,0.020578222,-0.05469407,-0.00084156095,0.09243603,-0.026145853,0.079787865,-0.027329892,0.93113583,-1.8264246,-0.116590634,1.0017707,-1.9185834,0.06917251,0.94454676,-1.9000723,0.114415646,0.8245512,-1.7746282,-0.0086941905,0.9181525,-1.8233595,-0.11130647,0.9923819,-1.9480575,0.07534598,0.92813855,-1.9003248,0.14214645,0.8167075,-1.7506918
478,9.575323343276978,0.0,0.0,0.0,-0.3452916443347931,-0.3452916443347931,-0.34356518611311915,1.0,0,0.09872923791408539,0.18957656621932983,0.029618769884109497,0.056872960180044174,-0.05949857085943222,0.007474802900105715,1,0.056604825,-0.047865286,0.00848711,0.025602935,-0.035111815,-0.096238546,0.013014451,-0.051261876,-3.5949051e-06,0.09872924,-0.022975435,0.078417815,-0.029010855,0.931333,-1.8266733,-0.1154027,1.0005438,-1.9196103,0.06774206,0.94520515,-1.9001366,0.11549054,0.8264097,-1.7739348,-0.012029406,0.9169734,-1.8241271,-0.10772182,0.99001026,-1.9484818,0.07164639,0.9298266,-1.9001377,0.14510931,0.8195171,-1.7504095
479,9.595215797424316,0.0,0.0,0.0,-0.3458136320114136,-0.3458136320114136,-0.3440845638513565,1.0,0,0.10313979536294937,0.19039064645767212,0.030941933393478394,0.05711718276143074,-0.059133417904376984,0.007504635490477085,1,0.054830253,-0.050651494,0.006147194,0.028834056,-0.036361076,-0.09546037,0.010980805,-0.047483373,0.0028028903,0.103139795,-0.018694533,0.07747424,-0.033858396,0.9279089,-1.8284172,-0.11246225,0.99827003,-1.9198201,0.06566425,0.94783807,-1.8990831,0.12128736,0.8304921,-1.7764627,-0.017409319,0.91271347,-1.826573,-0.10381204,0.9873617,-1.9484582,0.06895849,0.93359303,-1.8982422,0.1522293,0.8248837,-1.7532204
480,9.614815950393677,0.0,0.0,0.0,-0.3458264470100403,-0.3458264470100403,-0.34409731477499006,1.0,0,0.10592834651470184,0.19294656813144684,0.03177851438522339,0.05788395181298256,-0.05854729190468788,0.007552864030003548,1,0.056065146,-0.052066322,0.0038005724,0.031833224,-0.036655426,-0.096171804,0.011762853,-0.046504937,0.0054293037,0.10592835,-0.017574385,0.0767692,-0.03858597,0.9262535,-1.8314968,-0.110081136,0.99554,-1.9208626,0.0653934,0.94974697,-1.8958673,0.1263375,0.83474195,-1.778317,-0.021766424,0.9106336,-1.8303567,-0.10053117,0.9845434,-1.9497141,0.06892226,0.9357955,-1.8942386,0.15811601,0.8294696,-1.7552862
481,9.634556531906128,0.0,0.0,0.0,-0.34538716077804565,-0.34538716077804565,-0.34366022497415544,1.0,0,0.10400258749723434,0.1926758736371994,0.03120078146457672,0.057802729308605194,-0.05866100639104843,0.007558844983577728,1,0.05640904,-0.049857732,0.0065611857,0.027525166,-0.035839386,-0.09804545,0.013491167,-0.048560113,0.0028317568,0.10400259,-0.019905888,0.07744203,-0.037656996,0.92684066,-1.8326527,-0.10822458,0.9943983,-1.9201897,0.06514494,0.9515844,-1.8955878,0.122910514,0.83284646,-1.7788137,-0.020734284,0.91188335,-1.8306843,-0.099967025,0.98364645,-1.9496033,0.06919229,0.93701637,-1.8947383,0.1541113,0.8268747,-1.7555811
482,9.65295696258545,0.0,0.0,0.0,-0.3455907702445984,-0.3455907702445984,-0.3438628163933754,1.0,0,0.09757492691278458,0.1890488564968109,0.02927248179912567,0.05671462044119835,-0.058908384293317795,0.007484659552574158,1,0.05980191,-0.045204457,0.009530969,0.020484257,-0.032498676,-0.09711827,0.017606014,-0.05136825,6.3646585e-05,0.09757493,-0.022422425,0.07841484,-0.032970764,0.9288556,-1.829517,-0.11201422,0.9969839,-1.9190273,0.066492766,0.94933754,-1.8974174,0.119307965,0.8278433,-1.7781775,-0.01503019,0.9152943,-1.8266578,-0.10586894,0.9872343,-1.9481628,0.07177457,0.93392706,-1.8973984,0.14858045,0.82111657,-1.7546531
483,9.674492835998535,0.0,0.0,0.0,-0.34506815671920776,-0.34506815671920776,-0.3433428159356117,1.0,0,0.09703117609024048,0.1847546547651291,0.02910935878753662,0.05542636662721634,-0.059199679642915726,0.007598540745675564,1,0.058606613,-0.04290233,0.013161241,0.01736495,-0.03160903,-0.097031176,0.016784731,-0.054137554,-0.0028020707,0.088901654,-0.026542442,0.07836796,-0.027289733,0.9324874,-1.8293356,-0.1156552,1.0001601,-1.9191982,0.070013866,0.9454964,-1.8985674,0.113204576,0.82586616,-1.7744215,-0.009707749,0.9196167,-1.8253872,-0.110445715,0.9906774,-1.9483075,0.07504929,0.9292551,-1.8994081,0.13987507,0.81790346,-1.7509111
484,9.694371223449707,0.0,0.0,0.0,-0.34501102566719055,-0.34501102566719055,-0.3432859705388546,1.0,0,0.09904270619153976,0.18941685557365417,0.029712796211242676,0.056825049221515656,-0.05934719368815422,0.007667527534067631,1,0.060629167,-0.044007692,0.009519916,0.020680364,-0.032344595,-0.099042706,0.017682593,-0.05228308,5.044043e-06,0.09394239,-0.02518814,0.07991512,-0.026303574,0.9327386,-1.8265096,-0.118117705,1.0020657,-1.9183193,0.070222996,0.9438617,-1.9001025,0.113907784,0.82507175,-1.7742393,-0.008114824,0.9195363,-1.8236536,-0.11191359,0.99236226,-1.9480321,0.07552777,0.9281768,-1.900101,0.1420905,0.8175153,-1.7502648
485,9.714299201965332,0.0,0.0,0.0,-0.34552907943725586,-0.34552907943725586,-0.3438014340400696,1.0,0,0.09902860969305038,0.1895275115966797,0.029708579182624817,0.05685825273394585,-0.05942852795124054,0.00769041059538722,1,0.05745757,-0.047529344,0.00767865,0.026651535,-0.034300163,-0.09676763,0.013722299,-0.050500877,0.0018211895,0.09902861,-0.021804279,0.0776304,-0.030066654,0.9309283,-1.8269976,-0.11523111,1.000662,-1.9189799,0.068198815,0.9452731,-1.8997717,0.11728683,0.8264688,-1.7750862,-0.012829382,0.9166695,-1.824694,-0.10723565,0.99037194,-1.9480102,0.07231551,0.93012285,-1.8992254,0.14699541,0.8199275,-1.7517971
486,9.733134269714355,0.0,0.0,0.0,-0.3457660675048828,-0.3457660675048828,-0.3440372371673584,1.0,0,0.10336214303970337,0.19061371684074402,0.03100864589214325,0.0571841262280941,-0.05933796986937523,0.007746690418571234,1,0.054921057,-0.05079508,0.005778637,0.029363558,-0.036175933,-0.0952303,0.010323682,-0.048354432,0.0023820442,0.10336214,-0.019406466,0.07715736,-0.03544513,0.92770225,-1.8282146,-0.112560846,0.9979395,-1.919625,0.06524758,0.9488495,-1.8986883,0.12260993,0.8302425,-1.7769729,-0.018968813,0.9124637,-1.8264811,-0.10375178,0.9870868,-1.9481941,0.06834468,0.93434316,-1.8979737,0.15361857,0.8244206,-1.7538257
487,9.75438141822815,0.0,0.0,0.0,-0.34582197666168213,-0.34582197666168213,-0.3440928667783737,1.0,0,0.10468306392431259,0.19294218719005585,0.031404927372932434,0.0578826367855072,-0.05886632204055786,0.007609779946506023,1,0.05868277,-0.05067152,0.0045851823,0.028237188,-0.034978576,-0.09627307,0.014213019,-0.048499122,0.003059893,0.104683064,-0.019275064,0.07753348,-0.03726752,0.9257821,-1.8314047,-0.11101641,0.99496275,-1.9197407,0.064760484,0.9510481,-1.8970681,0.12573446,0.8327816,-1.7785897,-0.01966269,0.91058064,-1.8300291,-0.102545254,0.9844692,-1.9486226,0.06902439,0.93649834,-1.8961502,0.15713939,0.82699907,-1.7553297
488,9.774336099624634,0.0,0.0,0.0,-0.3452225625514984,-0.3452225625514984,-0.34349644973874094,1.0,0,0.10082220286130905,0.19212597608566284,0.030246660113334656,0.057637766003608704,-0.05892343074083328,0.007557984907180071,1,0.059504475,-0.04871228,0.0064586983,0.026901705,-0.034515843,-0.097819716,0.0153322825,-0.050828215,0.002002426,0.1008222,-0.021922486,0.07749164,-0.036464944,0.928406,-1.832284,-0.10983169,0.9952097,-1.9191241,0.06489535,0.951482,-1.8958501,0.12335959,0.83144337,-1.7785107,-0.018613601,0.9137923,-1.8303463,-0.10176118,0.98485494,-1.94847,0.06949503,0.9362335,-1.8952494,0.15360625,0.82486665,-1.7552632
489,9.794302940368652,0.0,0.0,0.0,-0.3455193042755127,-0.3455193042755127,-0.34379170775413515,1.0,0,0.09660318493843079,0.18618206679821014,0.02898097038269043,0.05585464462637901,-0.05906648188829422,0.007775779813528061,1,0.056708016,-0.046082094,0.010080998,0.022298794,-0.033187687,-0.096603185,0.014500216,-0.050264437,0.00016946717,0.09494199,-0.02194844,0.07784234,-0.03262628,0.92788047,-1.8283746,-0.11248147,0.9975307,-1.9194405,0.06659189,0.9483511,-1.8974036,0.11914902,0.82825744,-1.7786461,-0.015613873,0.9140558,-1.8253503,-0.10579183,0.9875744,-1.9484215,0.070941955,0.93327177,-1.8973528,0.14763162,0.8216729,-1.7552934
490,9.814222812652588,0.0,0.0,0.0,-0.34533166885375977,-0.34533166885375977,-0.34360501050949094,1.0,0,0.09695612639188766,0.18712669610977173,0.029086828231811523,0.05613800138235092,-0.059062063694000244,0.007807491812855005,1,0.059301842,-0.04428982,0.010855459,0.019073183,-0.032334626,-0.09695613,0.017545534,-0.053232566,-0.0015345912,0.09250224,-0.025064845,0.079256825,-0.028922014,0.9310978,-1.8279984,-0.11414502,0.9993557,-1.9194218,0.06847611,0.9456493,-1.898634,0.11660624,0.8270165,-1.7760664,-0.01113146,0.91781086,-1.8247417,-0.10842306,0.98965526,-1.9485086,0.073739775,0.9296796,-1.8990943,0.14435692,0.819497,-1.7522894
491,9.833040714263916,0.0,0.0,0.0,-0.3452058434486389,-0.3452058434486389,-0.34347981423139573,1.0,0,0.09824246913194656,0.19067208468914032,0.029472708702087402,0.05720162019133568,-0.05922796577215195,0.007762144785374403,1,0.061071903,-0.045284737,0.008686622,0.022254802,-0.0324581,-0.09824247,0.017123984,-0.052947897,-0.0008080036,0.09556546,-0.02522329,0.0802071,-0.027028829,0.93250203,-1.827165,-0.116441265,1.0014752,-1.9187111,0.06961444,0.94412786,-1.899682,0.11392858,0.8245188,-1.774591,-0.008707257,0.9189166,-1.824559,-0.10976482,0.9917378,-1.9481838,0.07475164,0.9282435,-1.8999244,0.14259821,0.8169518,-1.7505288
492,9.854254245758057,0.0,0.0,0.0,-0.3454814851284027,-0.3454814851284027,-0.3437540777027607,1.0,0,0.09625212848186493,0.18692266941070557,0.028875641524791718,0.056076787412166595,-0.05965019762516022,0.007725654169917107,1,0.055496648,-0.046669967,0.01023963,0.022652606,-0.034119613,-0.09591705,0.0116868,-0.051481,-0.0013595264,0.09625213,-0.023102695,0.07818548,-0.029413663,0.92984015,-1.8263149,-0.11624226,1.0003138,-1.9176016,0.06811929,0.94610274,-1.9003141,0.11689744,0.82437,-1.775437,-0.012764668,0.91583914,-1.823243,-0.10944648,0.99007785,-1.9463767,0.07162533,0.93065846,-1.9007219,0.14577308,0.8174392,-1.7519814
493,9.874478816986084,0.0,0.0,0.0,-0.34557801485061646,-0.34557801485061646,-0.3438501247763634,1.0,0,0.10344740748405457,0.19212155044078827,0.03103422373533249,0.05763644725084305,-0.059339556843042374,0.007759766653180122,1,0.057045702,-0.050235026,0.0048982124,0.030255962,-0.03573766,-0.09653109,0.012289279,-0.048353463,0.0034768693,0.10344741,-0.01993859,0.07744668,-0.03443905,0.92756504,-1.8292642,-0.11182965,0.99783075,-1.9195418,0.065336764,0.9489851,-1.8989193,0.12175145,0.8302966,-1.7765948,-0.017325338,0.91249454,-1.8277947,-0.102752864,0.9871094,-1.9485011,0.06902355,0.93447906,-1.8978763,0.15278567,0.824315,-1.7533607
494,9.89620590209961,0.0,0.0,0.0,-0.3458949029445648,-0.3458949029445648,-0.344165428429842,1.0,0,0.10461828112602234,0.19133444130420685,0.03138548135757446,0.05740037560462952,-0.05881298705935478,0.007851016707718372,1,0.05622958,-0.05158933,0.0040383204,0.030651769,-0.03551987,-0.09558389,0.012342873,-0.046477694,0.0052598417,0.10461828,-0.017238881,0.0764821,-0.038411584,0.92687756,-1.8319707,-0.10855894,0.9956785,-1.9208361,0.06387788,0.950832,-1.8960112,0.125731,0.83396894,-1.7773837,-0.02154271,0.91140074,-1.8307592,-0.09936341,0.98502254,-1.9495113,0.067580745,0.9368887,-1.8944333,0.15711649,0.8287973,-1.754439
495,9.91429853439331,0.0,0.0,0.0,-0.34557026624679565,-0.34557026624679565,-0.34384241491556167,1.0,0,0.1005651131272316,0.18894004821777344,0.0301695317029953,0.0566820353269577,-0.05894755572080612,0.007723162416368723,1,0.055608176,-0.04941336,0.0077180094,0.026114432,-0.035003018,-0.095015734,0.01248336,-0.050479315,0.0009785654,0.10056511,-0.021027954,0.076871276,-0.03606517,0.9276507,-1.832101,-0.109484375,0.9948974,-1.9207325,0.06404495,0.9505886,-1.895682,0.12276678,0.83176184,-1.7782772,-0.019382715,0.91282666,-1.8297856,-0.101650044,0.9843965,-1.9492372,0.06778996,0.9354448,-1.8953884,0.15293631,0.82545346,-1.7552158
496,9.934613943099976,0.0,0.0,0.0,-0.3450382947921753,-0.3450382947921753,-0.3433131033182144,1.0,0,0.09817920625209808,0.18657730519771576,0.029453754425048828,0.05597319453954697,-0.0591280423104763,0.007639917079359293,1,0.055635136,-0.045580447,0.010783966,0.020196382,-0.033565808,-0.098179206,0.013722868,-0.05102528,-0.0014377085,0.09394128,-0.023729961,0.07852515,-0.031079233,0.9298025,-1.8297491,-0.113349326,0.9976396,-1.9184885,0.067158476,0.9489175,-1.8977244,0.11793854,0.8270142,-1.777477,-0.014388692,0.91612834,-1.8265139,-0.10729041,0.98756987,-1.9479423,0.07127534,0.9336099,-1.8981557,0.14612092,0.8198952,-1.7539195
497,9.954532861709595,0.0,0.0,0.0,-0.3453808128833771,-0.3453808128833771,-0.3436539088189602,1.0,0,0.09762411564588547,0.1867993175983429,0.029287219047546387,0.056039806455373764,-0.059087228029966354,0.007877503521740437,1,0.060746253,-0.043222316,0.01091578,0.016605793,-0.031729836,-0.097624116,0.018055739,-0.053881057,-0.0023497208,0.09018123,-0.02601456,0.07974611,-0.026992187,0.93188107,-1.8267398,-0.11512387,1.0013547,-1.9193659,0.069288194,0.9446597,-1.8987727,0.113828346,0.82558465,-1.7753495,-0.008768311,0.9189144,-1.8234651,-0.11014213,0.9918357,-1.9486531,0.074704915,0.9284954,-1.8994776,0.14088272,0.81778026,-1.7514256
498,9.97464394569397,0.0,0.0,0.0,-0.34516000747680664,-0.34516000747680664,-0.3434342074394226,1.0,0,0.09730532765388489,0.18955901265144348,0.02919161319732666,0.05686768516898155,-0.05936878174543381,0.007899845018982887,1,0.060086254,-0.044896405,0.010128319,0.021995332,-0.03274392,-0.09730533,0.017366484,-0.05317617,-0.0011235569,0.09518938,-0.025272666,0.07968324,-0.027877599,0.9323268,-1.827289,-0.11680857,1.0012505,-1.9191707,0.06964415,0.94381654,-1.8994925,0.11447481,0.82565624,-1.7743205,-0.009851722,0.9188579,-1.8242505,-0.11020997,0.9914273,-1.9483624,0.0748541,0.9278637,-1.8998296,0.14303163,0.81807446,-1.7504156
499,9.994624853134155,0.0,0.0,0.0,-0.3454573154449463,-0.3454573154449463,-0.3437300288677216,1.0,0,0.0984630212187767,0.18883974850177765,0.029538914561271667,0.05665189400315285,-0.05964796990156174,0.007826769724488258,1,0.056629788,-0.048538346,0.007471914,0.026007688,-0.035013605,-0.096126184,0.01164563,-0.049932558,0.00020258874,0.09846302,-0.021870032,0.07808286,-0.031439103,0.9302947,-1.827937,-0.11430877,0.9991503,-1.9183446,0.066588715,0.947206,-1.899997,0.118157074,0.8267074,-1.7750095,-0.014450166,0.9157332,-1.8256954,-0.10650646,0.9886462,-1.9471824,0.0700824,0.93222624,-1.8999362,0.14769599,0.82014644,-1.7515846
500,10.014652013778687,0.0,0.0,0.0,-0.3458572328090668,-0.3458572328090668,-0.34412794664502144,1.0,0,0.10306908190250397,0.19000297784805298,0.03092072159051895,0.057000912725925446,-0.05919187143445015,0.007917826063930988,1,0.05553531,-0.050660666,0.0061446913,0.026994301,-0.035965446,-0.09468782,0.012324674,-0.0479524,0.0020158852,0.10306908,-0.018510291,0.077481925,-0.035092168,0.9287321,-1.8285313,-0.1119802,0.99721295,-1.9194084,0.06532294,0.9492721,-1.8985392,0.12360408,0.83103836,-1.7771599,-0.018431574,0.9135339,-1.8266878,-0.10388191,0.9864233,-1.9478148,0.069020346,0.9348864,-1.8979344,0.1545248,0.8254853,-1.7539153
501,10.034390211105347,0.0,0.0,0.0,-0.3456971347332001,-0.3456971347332001,-0.34396864905953406,1.0,0,0.10220667719841003,0.19233188033103943,0.03066200017929077,0.057699598371982574,-0.059008821845054626,0.007832786068320274,1,0.059005536,-0.050073616,0.004921963,0.02993731,-0.034535985,-0.09710613,0.013661637,-0.048641443,0.0031742996,0.10220668,-0.020260358,0.077719584,-0.03605129,0.9279134,-1.8318444,-0.10992847,0.99546736,-1.9204714,0.0646908,0.95000845,-1.8958365,0.12336275,0.8327305,-1.7778991,-0.018349627,0.9128913,-1.8303678,-0.100947276,0.9851066,-1.9496033,0.06878929,0.93541604,-1.8948842,0.15402475,0.82665235,-1.7545832
502,10.054558992385864,0.0,0.0,0.0,-0.34560006856918335,-0.34560006856918335,-0.3438720682263374,1.0,0,0.1009119525551796,0.19014780223369598,0.03027358651161194,0.057044342160224915,-0.059291187673807144,0.007765154354274273,1,0.056795623,-0.048802733,0.007654993,0.02438653,-0.034883153,-0.09673796,0.013235507,-0.049663566,0.00027687845,0.10091195,-0.02063858,0.07790681,-0.03488388,0.9275147,-1.8306612,-0.11106947,0.99589723,-1.9198592,0.06512865,0.9496192,-1.8963209,0.12156482,0.83049995,-1.7782161,-0.017845191,0.91287386,-1.8283647,-0.103753515,0.98543227,-1.9488806,0.0690993,0.9347201,-1.8962379,0.1518384,0.8243084,-1.7548441
503,10.074678897857666,0.0,0.0,0.0,-0.3452385663986206,-0.3452385663986206,-0.3435123735666275,1.0,0,0.0974331796169281,0.19028955698013306,0.029229961335659027,0.05708685517311096,-0.05921796336770058,0.007988877594470978,1,0.059214298,-0.046507154,0.008744823,0.022736669,-0.033767868,-0.09743014,0.017060416,-0.05217032,0.0003030598,0.09743318,-0.023605583,0.07906452,-0.031886406,0.9298314,-1.8291175,-0.11314676,0.9979909,-1.9197905,0.06806533,0.94721115,-1.8976882,0.11807176,0.8287088,-1.7775418,-0.014122115,0.91587925,-1.8264941,-0.10632576,0.98786056,-1.9490196,0.073183455,0.93156004,-1.8975972,0.14730172,0.82162714,-1.7538224
504,10.09326171875,0.0,0.0,0.0,-0.3451555073261261,-0.3451555073261261,-0.3434297297894955,1.0,0,0.09798312932252884,0.1883854866027832,0.029394984245300293,0.0565156415104866,-0.05931723862886429,0.008032873272895813,1,0.05962709,-0.04460547,0.010468964,0.019943068,-0.03281583,-0.09798313,0.016281588,-0.053105205,-0.002128078,0.09337226,-0.025485128,0.07938201,-0.027615122,0.9302075,-1.8264248,-0.115144804,1.00037,-1.9184781,0.068810195,0.94585216,-1.8992852,0.11581073,0.8251794,-1.7764482,-0.009726996,0.91682583,-1.8232841,-0.10916188,0.9905253,-1.9478731,0.07369467,0.9299206,-1.8999236,0.1438224,0.81753385,-1.7526337
505,10.114062786102295,0.0,0.0,0.0,-0.34524697065353394,-0.34524697065353394,-0.34352073580026626,1.0,0,0.0978708416223526,0.19021335244178772,0.029361248016357422,0.05706402659416199,-0.05972357094287872,0.007938523776829243,1,0.06080467,-0.044707324,0.009619733,0.021023404,-0.03305333,-0.09787084,0.018114405,-0.053695228,-0.0008525095,0.095654786,-0.025224207,0.07925457,-0.027841836,0.9317384,-1.8272921,-0.11674969,1.000594,-1.918268,0.06924673,0.944478,-1.8998561,0.11540731,0.82569426,-1.774785,-0.009600434,0.9183262,-1.8244061,-0.11044267,0.990678,-1.9476292,0.07468105,0.9283694,-1.9001118,0.14410375,0.818127,-1.7510086
506,10.134092330932617,0.0,0.0,0.0,-0.3452635407447815,-0.3452635407447815,-0.3435372230410576,1.0,0,0.09826809912919998,0.189881831407547,0.029480457305908203,0.056964561343193054,-0.05985202267765999,0.00803531613200903,1,0.05723527,-0.046934243,0.00832074,0.027638545,-0.03379203,-0.0982681,0.013835468,-0.050151996,0.0022789603,0.09796725,-0.022356546,0.07832964,-0.029345766,0.9301975,-1.8266072,-0.11500752,1.0002757,-1.9187489,0.06779519,0.945528,-1.8998594,0.11678192,0.82667345,-1.7758135,-0.012175184,0.9161172,-1.824111,-0.106715955,0.9901381,-1.9482293,0.07194583,0.9304824,-1.8991758,0.14617209,0.8199665,-1.7523146
507,10.153265237808228,0.0,0.0,0.0,-0.3456374406814575,-0.3456374406814575,-0.34390925347805024,1.0,0,0.10373395681381226,0.19261690974235535,0.0311201810836792,0.05778510868549347,-0.059579458087682724,0.00809188187122345,1,0.058291305,-0.05020753,0.0051502553,0.02867912,-0.035086256,-0.096571326,0.013730825,-0.04816795,0.003727516,0.10373396,-0.019427236,0.07820352,-0.03394995,0.929132,-1.8287499,-0.112258874,0.99779004,-1.919919,0.06503308,0.94819385,-1.8985409,0.1223712,0.8307754,-1.7769412,-0.016462557,0.9140697,-1.8272048,-0.10365514,0.98726416,-1.9488904,0.069152325,0.9337435,-1.8974226,0.15349138,0.82494724,-1.7534801
508,10.17424201965332,0.0,0.0,0.0,-0.34574174880981445,-0.34574174880981445,-0.3440130400657654,1.0,0,0.10365776717662811,0.1909259855747223,0.03109733760356903,0.057277798652648926,-0.05935985594987869,0.008023835718631744,1,0.05554274,-0.050812777,0.0066590696,0.02751181,-0.036124337,-0.09505838,0.011315457,-0.049059194,0.00073865004,0.10365777,-0.01972112,0.07729322,-0.037405007,0.92735267,-1.8321114,-0.10947063,0.99567026,-1.9204843,0.06433411,0.95049524,-1.8955175,0.1256504,0.8338114,-1.7780819,-0.020742184,0.91210884,-1.8301136,-0.10121708,0.98483294,-1.9490018,0.06772874,0.9357775,-1.8952959,0.15674774,0.82789505,-1.7548939
509,10.194060802459717,0.0,0.0,0.0,-0.3454492688179016,-0.3454492688179016,-0.3437220224738121,1.0,0,0.10151512920856476,0.19224536418914795,0.030454546213150024,0.057673655450344086,-0.059415075927972794,0.00793435424566269,1,0.059599224,-0.048197147,0.0073289988,0.026194768,-0.033931173,-0.09717209,0.01616615,-0.050285164,0.0014038534,0.10151513,-0.021776726,0.07860134,-0.03488575,0.9278341,-1.8306209,-0.109193265,0.9951759,-1.9199764,0.06502392,0.95024127,-1.8968995,0.120770395,0.83041596,-1.778513,-0.017005982,0.91337496,-1.8284222,-0.10133483,0.98499656,-1.949128,0.069873765,0.9351557,-1.8964783,0.15122494,0.82388294,-1.7549325
510,10.214362144470215,0.0,0.0,0.0,-0.3451184332370758,-0.3451184332370758,-0.3433928410708904,1.0,0,0.09711869806051254,0.18486717343330383,0.029135584831237793,0.055460125207901,-0.059672724455595016,0.007928147912025452,1,0.056717183,-0.044758823,0.012196789,0.018115915,-0.03269497,-0.0971187,0.014362182,-0.051620044,-0.002831466,0.09185309,-0.02410117,0.07798048,-0.030833252,0.93014973,-1.8293644,-0.11307593,0.997854,-1.918491,0.067481965,0.9482416,-1.8979247,0.118323535,0.8269403,-1.7768924,-0.013818096,0.91672206,-1.8257054,-0.10764115,0.9880455,-1.9476266,0.07179062,0.9327556,-1.8987741,0.14587946,0.81970996,-1.7534983
511,10.232844352722168,0.0,0.0,0.0,-0.34523364901542664,-0.34523364901542664,-0.3435074807703495,1.0,0,0.09837992489337921,0.1876128613948822,0.029513955116271973,0.0562838613986969,-0.05989343672990799,0.008094093762338161,1,0.05936168,-0.043647695,0.010869876,0.019783668,-0.031894438,-0.098379925,0.016933538,-0.05278984,-0.0005600115,0.09216484,-0.025355125,0.07970683,-0.027241968,0.93112177,-1.8262248,-0.116570234,1.0012794,-1.9189377,0.07041846,0.9442906,-1.8991083,0.11418153,0.8250056,-1.7759739,-0.009433463,0.91802746,-1.8229638,-0.11063513,0.991711,-1.9484516,0.07549852,0.9284536,-1.8992763,0.14183098,0.817399,-1.7520618
512,10.254613876342773,0.0,0.0,0.0,-0.3451661467552185,-0.3451661467552185,-0.3434403160214424,1.0,0,0.09689516574144363,0.18869876861572266,0.029068589210510254,0.05660966783761978,-0.05996089056134224,0.00809365976601839,1,0.05706857,-0.045980647,0.009945332,0.022925057,-0.03422656,-0.096895166,0.014103956,-0.0525043,-0.0011160095,0.096074246,-0.024294535,0.07921004,-0.028272033,0.931209,-1.8268379,-0.11556241,1.0016211,-1.9192336,0.06864228,0.94453245,-1.9000381,0.11546317,0.8254915,-1.7748249,-0.011151461,0.91741484,-1.8238543,-0.10868489,0.99135315,-1.9483021,0.072873466,0.92878115,-1.900373,0.14428544,0.81820315,-1.7510618
513,10.273288011550903,0.0,0.0,0.0,-0.34597909450531006,-0.34597909450531006,-0.3442491990327835,1.0,0,0.09887384623289108,0.1869824081659317,0.029662154614925385,0.05609472095966339,-0.06050848588347435,0.007919066585600376,1,0.055864837,-0.047293954,0.008112106,0.02345291,-0.033596333,-0.09474006,0.013833306,-0.050351318,0.0009867648,0.098873846,-0.020387053,0.07723551,-0.032123424,0.9295011,-1.8273784,-0.114227146,0.9991637,-1.9189926,0.06666308,0.9467672,-1.8999804,0.11875201,0.8274511,-1.775498,-0.015363973,0.91531295,-1.8249447,-0.10719127,0.9890848,-1.9474146,0.070813075,0.93166184,-1.8996844,0.14841416,0.821335,-1.7523273
514,10.294880867004395,0.0,0.0,0.0,-0.34565216302871704,-0.34565216302871704,-0.34392390221357344,1.0,0,0.10127906501293182,0.18998974561691284,0.030383720993995667,0.05699697509407997,-0.06041823327541351,0.007583965081721544,1,0.056370214,-0.04994734,0.0058733504,0.027891187,-0.035265833,-0.09536963,0.011318084,-0.049986433,0.0006317493,0.101279065,-0.020946693,0.07712947,-0.035163008,0.9287828,-1.8292444,-0.11334585,0.99645555,-1.9182905,0.06581126,0.9489526,-1.8989364,0.122089684,0.8293903,-1.7770507,-0.018251942,0.91379863,-1.8274823,-0.10497849,0.9858758,-1.9469014,0.069206685,0.9339567,-1.8987468,0.1524734,0.8231063,-1.7539119
515,10.314767837524414,0.0,0.0,0.0,-0.34576982259750366,-0.34576982259750366,-0.3440409734845161,1.0,0,0.1013016626238823,0.18874573707580566,0.030390501022338867,0.056623704731464386,-0.060207150876522064,0.00733984773978591,1,0.055135287,-0.049972508,0.007029517,0.024861885,-0.035402503,-0.094842255,0.011579493,-0.04900059,7.6171e-05,0.10130166,-0.019860229,0.07733224,-0.034875132,0.9273938,-1.8298038,-0.111430846,0.99634856,-1.9180624,0.06457594,0.94961745,-1.8972279,0.12167771,0.828367,-1.7774909,-0.018334545,0.91240203,-1.827695,-0.10397228,0.9857278,-1.9465151,0.06804979,0.9349173,-1.897205,0.15206821,0.8224089,-1.7542912
516,10.334589719772339,0.0,0.0,0.0,-0.34537988901138306,-0.34537988901138306,-0.3436529895663261,1.0,0,0.09832585602998734,0.18825867772102356,0.029497750103473663,0.05647759139537811,-0.06082969531416893,0.007029498461633921,1,0.055867426,-0.04809537,0.008914971,0.02395688,-0.034696516,-0.096197635,0.013033259,-0.051194128,-0.0010006825,0.098325856,-0.02223542,0.07708216,-0.034534685,0.9280035,-1.828499,-0.112250224,0.9960235,-1.9171252,0.06465337,0.94980514,-1.8986553,0.11949497,0.82658106,-1.7777468,-0.017774457,0.9135749,-1.8258245,-0.10506316,0.98561454,-1.9459845,0.06856334,0.93444693,-1.8989555,0.14899272,0.8199104,-1.7546221
517,10.354491710662842,0.0,0.0,0.0,-0.3454722762107849,-0.3454722762107849,-0.34374491482973096,1.0,0,0.09584606438875198,0.18403755128383636,0.02875387668609619,0.055211275815963745,-0.061736445873975754,0.006523743271827698,1,0.057292696,-0.044861734,0.010997354,0.017124362,-0.032330368,-0.095846064,0.013047666,-0.053247306,-0.004928835,0.09162405,-0.024596067,0.07680587,-0.03184218,0.9294215,-1.827014,-0.11468101,0.99618423,-1.9156265,0.06517472,0.9483801,-1.8993398,0.11572536,0.82430345,-1.7765403,-0.01465437,0.91596293,-1.8237147,-0.1095437,0.9864851,-1.9443804,0.06908902,0.93240595,-1.9008185,0.14321257,0.81692463,-1.7534986
518,10.372997999191284,0.0,0.0,0.0,-0.34538331627845764,-0.34538331627845764,-0.34365639969706535,1.0,0,0.09558632224798203,0.18447840213775635,0.02867591381072998,0.055343516170978546,-0.06163361668586731,0.006115010939538479,1,0.05866931,-0.044514738,0.010883608,0.0154628595,-0.031933382,-0.09558632,0.01576075,-0.053583164,-0.004957383,0.090159975,-0.02525367,0.07863771,-0.028804071,0.92994857,-1.8264726,-0.11783008,0.99845123,-1.9146142,0.06670613,0.94585294,-1.8996458,0.113230124,0.8211193,-1.7745004,-0.011203278,0.91659415,-1.8232076,-0.113191225,0.9888712,-1.9432901,0.071434356,0.929778,-1.9011331,0.14027812,0.8135432,-1.7509091
519,10.394381523132324,0.0,0.0,0.0,-0.3451286554336548,-0.3451286554336548,-0.3434030121564865,1.0,0,0.09757370501756668,0.18836535513401031,0.029272079467773438,0.056509580463171005,-0.06137881055474281,0.005613422021269798,1,0.061991524,-0.04463489,0.009816338,0.018582407,-0.032424696,-0.097573705,0.016078547,-0.055404972,-0.0055318084,0.09155815,-0.026914299,0.07852721,-0.027941547,0.9307828,-1.8258989,-0.119949326,0.999944,-1.914078,0.06712022,0.9438,-1.9000934,0.11219141,0.8199638,-1.7725333,-0.00934409,0.9173923,-1.8229539,-0.1143746,0.99021655,-1.9433501,0.07194378,0.9271785,-1.901753,0.13965885,0.8118895,-1.7489752
520,10.413095712661743,0.0,0.0,0.0,-0.34506896138191223,-0.34506896138191223,-0.3433436165750027,1.0,0,0.09627087414264679,0.18346315622329712,0.028881311416625977,0.05503899231553078,-0.062659353017807,0.00513312965631485,1,0.05710556,-0.04376487,0.011903837,0.016067812,-0.032481298,-0.096270874,0.01330075,-0.05392406,-0.0054252287,0.091386504,-0.024823915,0.075348936,-0.031366214,0.9288467,-1.8231914,-0.12045496,0.99804956,-1.9125581,0.06437749,0.9454155,-1.9008235,0.11234553,0.81814885,-1.7740228,-0.014234545,0.91571724,-1.8196203,-0.11563461,0.98830515,-1.9414394,0.06836771,0.92923826,-1.902451,0.13976148,0.81070167,-1.7514181
521,10.434547901153564,0.0,0.0,0.0,-0.34545111656188965,-0.34545111656188965,-0.3437238609790802,1.0,0,0.09334012120962143,0.18094880878925323,0.028002038598060608,0.05428462475538254,-0.06323996186256409,0.004393972922116518,1,0.051122744,-0.048970122,0.009719817,0.019562297,-0.035825044,-0.09211869,0.0031270424,-0.05200644,-0.009384462,0.09334012,-0.02218229,0.07400995,-0.03383495,0.9270955,-1.8255376,-0.11933253,0.99576735,-1.9115872,0.063258976,0.948763,-1.9006598,0.11355421,0.8188883,-1.7737645,-0.018498126,0.9124044,-1.8226216,-0.11346384,0.98501986,-1.9392228,0.064197086,0.9331611,-1.9034752,0.14155625,0.8122336,-1.7515615
522,10.453184127807617,0.0,0.0,0.0,-0.3457433879375458,-0.3457433879375458,-0.34401467099785804,1.0,0,0.09728560596704483,0.1860497146844864,0.029185689985752106,0.055814921855926514,-0.06250870227813721,0.003550885245203972,1,0.057484094,-0.050217353,0.0061250837,0.023268377,-0.03583687,-0.09245911,0.0075543458,-0.05138518,-0.00742496,0.097285606,-0.020903986,0.07564582,-0.034683287,0.92626226,-1.8264937,-0.11817273,0.993636,-1.9087784,0.06327893,0.9497384,-1.899224,0.11315014,0.81700814,-1.7717237,-0.017438058,0.91119707,-1.8246562,-0.11119221,0.98288494,-1.9365162,0.06554523,0.93432283,-1.9014516,0.14233583,0.81073695,-1.74903
523,10.474575281143188,0.0,0.0,0.0,-0.3452536463737488,-0.3452536463737488,-0.34352737814188006,1.0,0,0.09350073337554932,0.18028263747692108,0.02805018424987793,0.054084744304418564,-0.06416784226894379,0.0026468539144843817,1,0.05495144,-0.04445371,0.013837394,0.013715402,-0.034246884,-0.09350073,0.008221652,-0.05545719,-0.012462801,0.08959891,-0.023938475,0.07288197,-0.03462159,0.9251668,-1.824858,-0.1220392,0.9931466,-1.9060146,0.06351724,0.94956213,-1.9002981,0.10927473,0.8121227,-1.76987,-0.018136157,0.91183066,-1.8207067,-0.11792458,0.98287255,-1.9340647,0.065983735,0.932925,-1.904037,0.1361544,0.8049412,-1.7480055
524,10.496007204055786,0.0,0.0,0.0,-0.34518688917160034,-0.34518688917160034,-0.34346095472574234,1.0,0,0.09249109774827957,0.1773802787065506,0.027747273445129395,0.05321403965353966,-0.06855989247560501,0.0017120452830567956,1,0.052324425,-0.041117705,0.016151916,0.010183744,-0.032659385,-0.0924911,0.006738588,-0.059065267,-0.016028654,0.0865035,-0.026537761,0.07121292,-0.03429892,0.9245982,-1.8203198,-0.12799075,0.99146396,-1.8998588,0.063009806,0.95160043,-1.903356,0.10279512,0.80317825,-1.7695202,-0.01860159,0.9122629,-1.8154742,-0.12493563,0.98166615,-1.9276061,0.06503138,0.93388087,-1.9081645,0.12874617,0.7952169,-1.7481563
525,10.51448917388916,0.0,0.0,0.0,-0.3455379605293274,-0.3455379605293274,-0.34381027072668074,1.0,0,0.08924383670091629,0.16949577629566193,0.02677309513092041,0.05084870755672455,-0.07109532505273819,0.0006881812587380409,1,0.04798325,-0.04316549,0.015478477,0.005935971,-0.034446236,-0.08924384,-0.0021742112,-0.055896584,-0.021265889,0.078124,-0.023864726,0.06987894,-0.03395825,0.9229672,-1.8196344,-0.13116565,0.99044955,-1.8951479,0.0639178,0.9534835,-1.9032598,0.1010444,0.79758704,-1.764271,-0.019563273,0.91001755,-1.8149909,-0.12938486,0.98011565,-1.921921,0.06326554,0.93671453,-1.9096395,0.1244816,0.7904276,-1.7433074
526,10.534603834152222,0.0,0.0,0.0,-0.34575217962265015,-0.34575217962265015,-0.3440234187245369,1.0,0,0.08500673621892929,0.16848497092723846,0.02550196647644043,0.050545476377010345,-0.07272322475910187,-0.0007711294456385076,1,0.04869239,-0.04532739,0.013874842,0.0059253033,-0.034692522,-0.085006736,-0.0024208385,-0.055901013,-0.022898644,0.078546986,-0.022420457,0.070547074,-0.0348813,0.9213503,-1.8207321,-0.13272153,0.9888856,-1.8891163,0.06248399,0.955376,-1.9027827,0.099524975,0.7904511,-1.7592078,-0.020273585,0.9077521,-1.8165697,-0.13094394,0.97847784,-1.9146183,0.061757736,0.9386057,-1.9096522,0.123089075,0.78372496,-1.7380437
527,10.553470611572266,0.0,0.0,0.0,-0.3455978333950043,-0.3455978333950043,-0.34386984422802924,1.0,0,0.08619093149900436,0.16596299409866333,0.02585732936859131,0.04978891462087631,-0.07563105970621109,-0.00190496735740453,1,0.048292853,-0.042163935,0.016035302,0.0055252304,-0.0327776,-0.08619093,0.0006105189,-0.05587444,-0.020910272,0.07834724,-0.020344606,0.0673131,-0.035554178,0.9188501,-1.819728,-0.13745289,0.9865634,-1.8836244,0.059695903,0.9563855,-1.9036105,0.09625096,0.78358996,-1.7550057,-0.021066323,0.90620095,-1.8149174,-0.13579531,0.9767301,-1.9094818,0.059879057,0.9396232,-1.9098835,0.119755134,0.77748656,-1.7348118
528,10.574783325195312,0.0,0.0,0.0,-0.3455076217651367,-0.3455076217651367,-0.343780083656311,1.0,0,0.08573645353317261,0.15845614671707153,0.025720953941345215,0.047536857426166534,-0.08000025153160095,-0.002563952933996916,1,0.041821737,-0.04073965,0.019612733,0.003862587,-0.032998186,-0.08573645,-0.004029768,-0.053929538,-0.02195002,0.07042768,-0.018318715,0.0644849,-0.038069103,0.91556925,-1.8149369,-0.14240216,0.98457813,-1.8781393,0.05759704,0.95773745,-1.9053339,0.092434265,0.7743608,-1.752206,-0.025522582,0.9033474,-1.8090531,-0.14124338,0.9746787,-1.9038602,0.05638811,0.9415586,-1.9119189,0.11356257,0.76886517,-1.7328604
529,10.59464144706726,0.0,0.0,0.0,-0.3462359607219696,-0.3462359607219696,-0.34450478091835973,1.0,0,0.08121117949485779,0.15939882397651672,0.024363398551940918,0.04781966656446457,-0.0832270085811615,-0.0036137832794338465,1,0.043609794,-0.04360963,0.015117462,0.002110573,-0.034338452,-0.08121118,-0.0045694965,-0.053998746,-0.023572113,0.075101525,-0.015049523,0.06509896,-0.04167341,0.9130555,-1.8139427,-0.14457896,0.9802236,-1.8735807,0.055393025,0.960762,-1.9037008,0.091960296,0.7697472,-1.7486492,-0.02859047,0.8999726,-1.8094075,-0.1439458,0.96992207,-1.8979441,0.054022178,0.9445624,-1.9107724,0.114490755,0.7652323,-1.7291195
530,10.614253520965576,0.0,0.0,0.0,-0.3463370203971863,-0.3463370203971863,-0.3446053352952003,1.0,0,0.07933374494314194,0.1616935282945633,0.023800134658813477,0.04850808531045914,-0.08566980063915253,-0.005438506603240967,1,0.045460768,-0.047027852,0.012722904,0.0069115227,-0.035458773,-0.079333745,-0.0056255437,-0.05457047,-0.025107905,0.07788115,-0.014001106,0.064839765,-0.04670203,0.9078535,-1.8170512,-0.14637563,0.97549856,-1.8659086,0.05206225,0.96543634,-1.9002392,0.09287575,0.7620635,-1.7454225,-0.0330638,0.8937451,-1.8132343,-0.14430217,0.9648609,-1.8897088,0.050374586,0.9490652,-1.9077716,0.1162401,0.75786316,-1.7259705
531,10.634287118911743,0.0,0.0,0.0,-0.3465501070022583,-0.3465501070022583,-0.344817356467247,1.0,0,0.07780538499355316,0.15736714005470276,0.023341655731201172,0.047210149466991425,-0.08890377730131149,-0.006959359161555767,1,0.041325375,-0.045685586,0.01485974,0.0021798024,-0.03602133,-0.077805385,-0.0074651316,-0.05349654,-0.025831033,0.07690137,-0.010313024,0.061543908,-0.04625481,0.9052421,-1.8193803,-0.1489079,0.97119325,-1.8587289,0.0482722,0.9683596,-1.8983898,0.08820155,0.7562475,-1.7432367,-0.033857197,0.8915364,-1.8149223,-0.14825396,0.9603869,-1.8820705,0.04603266,0.9523106,-1.9061391,0.11127196,0.7531536,-1.7247735
532,10.654833555221558,0.0,0.0,0.0,-0.3465152978897095,-0.3465152978897095,-0.34478272140026095,1.0,0,0.07887610793113708,0.14777226746082306,0.023662805557250977,0.044331688433885574,-0.09293408691883087,-0.007082474417984486,1,0.03620842,-0.0414979,0.01929939,0.0018831403,-0.033497073,-0.07887611,-0.011166686,-0.05116139,-0.024904769,0.065043956,-0.008936764,0.05840374,-0.048228797,0.9024086,-1.8161561,-0.15299469,0.9687882,-1.8530027,0.047414474,0.9682611,-1.8973769,0.08431326,0.75030714,-1.7413913,-0.03736627,0.8899592,-1.8103663,-0.15242974,0.9587391,-1.8766655,0.04406447,0.9529127,-1.9048483,0.10382645,0.7476261,-1.7238702
533,10.674196481704712,0.0,0.0,0.0,-0.3463215231895447,-0.3463215231895447,-0.34458991557359697,1.0,0,0.07884497195482254,0.14811232686042786,0.023653507232666016,0.044433727860450745,-0.09493003040552139,-0.007063515018671751,1,0.041598856,-0.040805634,0.01824665,-0.0015812613,-0.03240612,-0.07884497,-0.008696428,-0.05156748,-0.026516424,0.061517265,-0.008902554,0.060315732,-0.049050584,0.9003632,-1.8116513,-0.15597746,0.96948606,-1.8506315,0.04543002,0.9700003,-1.8955271,0.083191484,0.7420532,-1.7381169,-0.03657093,0.88812155,-1.8061774,-0.15645184,0.95976424,-1.874285,0.04282109,0.95453006,-1.9034821,0.10164666,0.73938245,-1.7200221
534,10.694257259368896,0.0,0.0,0.0,-0.34693342447280884,-0.34693342447280884,-0.3451987573504448,1.0,0,0.07867507636547089,0.15555152297019958,0.02360248565673828,0.04666544869542122,-0.09557195007801056,-0.007691937033087015,1,0.05214006,-0.043139696,0.012303834,0.003091907,-0.03275733,-0.07867508,-0.0010946079,-0.054788508,-0.023821237,0.06752361,-0.0084208185,0.06318325,-0.050006986,0.89832395,-1.814566,-0.15789673,0.96699804,-1.8469259,0.041684486,0.9739594,-1.8907379,0.08192996,0.7352638,-1.7323228,-0.03436497,0.88538206,-1.8108748,-0.15696916,0.95717084,-1.8705283,0.041356105,0.9575228,-1.8978842,0.102187045,0.7327376,-1.7133678
535,10.713348865509033,0.0,0.0,0.0,-0.34656527638435364,-0.34656527638435364,-0.34483245000243185,1.0,0,0.07935377210378647,0.15541218221187592,0.023806095123291016,0.046623654663562775,-0.09761283546686172,-0.008630727417767048,1,0.04938156,-0.042453732,0.014702819,0.004114758,-0.032721236,-0.07935377,-0.0045371414,-0.056048136,-0.026009202,0.068898275,-0.008843848,0.060395695,-0.050234772,0.89537066,-1.8151627,-0.16178745,0.96255314,-1.8405302,0.0378685,0.97682583,-1.8877716,0.08250913,0.7317494,-1.7301769,-0.035420302,0.8826345,-1.8107518,-0.16055302,0.9527368,-1.8643363,0.036507357,0.96001136,-1.8955743,0.10317861,0.72909623,-1.7120582
536,10.73422884941101,0.0,0.0,0.0,-0.34687069058418274,-0.34687069058418274,-0.34513633713126185,1.0,0,0.0746394470334053,0.142451211810112,0.022391796112060547,0.042735353112220764,-0.10211919248104095,-0.009234222583472729,1,0.037411645,-0.04062422,0.018312441,-0.0013752694,-0.03285898,-0.07463945,-0.014336827,-0.052302644,-0.027289892,0.060611956,-0.0046483357,0.05360159,-0.054087568,0.8912005,-1.813387,-0.16483583,0.958359,-1.8335315,0.035194688,0.97935927,-1.8869022,0.08343535,0.72712946,-1.731683,-0.042864073,0.87901324,-1.8078933,-0.16524841,0.9485013,-1.8559233,0.030893639,0.96366847,-1.8950891,0.10161894,0.72573495,-1.7156025
537,10.754705667495728,0.0,0.0,0.0,-0.3477204144001007,-0.3477204144001007,-0.3459818123281002,1.0,0,0.06969231367111206,0.13776452839374542,0.02090764045715332,0.041329335421323776,-0.10446888208389282,-0.009418238885700703,1,0.03375741,-0.04320415,0.015464959,0.0023564224,-0.033905677,-0.06969231,-0.01867853,-0.048376624,-0.02669503,0.059508204,0.0012665289,0.052696608,-0.05762205,0.8883776,-1.8117126,-0.1657472,0.9558569,-1.8292704,0.035622373,0.98028344,-1.8846549,0.08305696,0.7240074,-1.7303524,-0.047494825,0.87541634,-1.8070731,-0.16504027,0.9456852,-1.850178,0.030018814,0.9657704,-1.8926634,0.10090942,0.7243874,-1.7145435
538,10.774316310882568,0.0,0.0,0.0,-0.34853142499923706,-0.34853142499923706,-0.3467887678742409,1.0,0,0.07289665937423706,0.14657604694366455,0.02186894416809082,0.04397277534008026,-0.10245095193386078,-0.009535957127809525,1,0.044495758,-0.048231542,0.0072845872,0.008795949,-0.037298974,-0.07289666,-0.0139757525,-0.044833206,-0.02330285,0.06529822,0.0046531036,0.057523422,-0.06241268,0.88527375,-1.8154026,-0.16136608,0.9522473,-1.8306019,0.034665346,0.9837294,-1.876642,0.08722897,0.72667843,-1.728905,-0.04906395,0.8708043,-1.8132173,-0.15872729,0.9410576,-1.8524709,0.030472621,0.97027946,-1.8836329,0.10681844,0.7280744,-1.711648
539,10.793248176574707,0.0,0.0,0.0,-0.34796273708343506,-0.34796273708343506,-0.34622292339801786,1.0,0,0.08139964193105698,0.15049000084400177,0.02441990375518799,0.045147012919187546,-0.10123293846845627,-0.00867593102157116,1,0.047095854,-0.046679996,0.008307244,0.019673675,-0.03467558,-0.08139964,-0.0107269995,-0.04162707,-0.014194518,0.06974722,0.0060014375,0.054916095,-0.06859653,0.8809205,-1.8168751,-0.15901741,0.9486302,-1.8299477,0.029848188,0.9881124,-1.8710526,0.09263819,0.7264216,-1.7317142,-0.05446777,0.86691654,-1.8143829,-0.15311532,0.93822753,-1.8543676,0.026630089,0.97562426,-1.875311,0.11356235,0.728222,-1.7152394
540,10.814719438552856,0.0,0.0,0.0,-0.34842371940612793,-0.34842371940612793,-0.34668160080909727,1.0,0,0.07910692691802979,0.1431882381439209,0.02373206615447998,0.04295644909143448,-0.10296835750341415,-0.006831625942140818,1,0.045034844,-0.042489856,0.013632018,0.015612278,-0.03193447,-0.07910693,-0.011013671,-0.044551827,-0.01490504,0.064319424,0.0049269916,0.049723905,-0.07339875,0.8780148,-1.8116324,-0.15708432,0.9444365,-1.8332561,0.025812991,0.9890245,-1.8692656,0.09228372,0.72813666,-1.7333038,-0.059888292,0.8652679,-1.8075428,-0.15240063,0.9348562,-1.8569882,0.02250889,0.97565895,-1.8737371,0.111579545,0.72961473,-1.7183867
541,10.83451771736145,0.0,0.0,0.0,-0.34839874505996704,-0.34839874505996704,-0.3466567513346672,1.0,0,0.07328257709741592,0.13950501382350922,0.02198481559753418,0.04185153543949127,-0.10441511869430542,-0.006282591260969639,1,0.041988786,-0.041348193,0.016470013,0.0028721225,-0.03049404,-0.07328258,-0.0141770495,-0.049269784,-0.025000533,0.058945853,0.0020554322,0.05173797,-0.07503484,0.8741242,-1.8088155,-0.1601734,0.94030356,-1.8262379,0.02695565,0.99023867,-1.8658557,0.0955925,0.7262245,-1.7332432,-0.062438205,0.8617198,-1.8038745,-0.15931177,0.9311553,-1.8482227,0.022702534,0.9754577,-1.8733559,0.11327626,0.7268411,-1.7177218
542,10.854325294494629,0.0,0.0,0.0,-0.3490617275238037,-0.3490617275238037,-0.3473164188861847,1.0,0,0.07116978615522385,0.14493107795715332,0.021350979804992676,0.0434793122112751,-0.10472684353590012,-0.007113196887075901,1,0.046554644,-0.04192997,0.012785732,-0.0017118984,-0.033096723,-0.071169786,-0.011661255,-0.052448705,-0.029719278,0.06233098,0.00028683987,0.0556534,-0.071591705,0.87501144,-1.8128943,-0.16367236,0.93898755,-1.8187381,0.027624734,0.9923816,-1.8622075,0.09629116,0.72220516,-1.7330544,-0.057625312,0.8624325,-1.8090587,-0.16418593,0.92905855,-1.8400891,0.024126356,0.97664696,-1.8711233,0.11499046,0.72229123,-1.7163584
543,10.874361515045166,0.0,0.0,0.0,-0.34879356622695923,-0.34879356622695923,-0.34704959839582444,1.0,0,0.07502882182598114,0.14795048534870148,0.022508621215820312,0.04438510909676552,-0.1042257621884346,-0.007238389924168587,1,0.052904367,-0.03944525,0.012789693,-0.001348373,-0.032019816,-0.07502882,-0.0046240524,-0.05227284,-0.026052875,0.063262485,0.00021563469,0.057269424,-0.06900118,0.8739532,-1.8149822,-0.16905867,0.9405598,-1.8138072,0.026890531,0.99304235,-1.8585913,0.0968793,0.7189257,-1.7323772,-0.053129874,0.8621197,-1.8111453,-0.16946317,0.93095386,-1.8363159,0.025503315,0.9773605,-1.8664072,0.11585805,0.7189904,-1.7151964
544,10.89439344406128,0.0,0.0,0.0,-0.34821778535842896,-0.34821778535842896,-0.3464766964316368,1.0,0,0.07966618239879608,0.14670011401176453,0.02389991283416748,0.04401004686951637,-0.10311920195817947,-0.005734289065003395,1,0.0548139,-0.038444635,0.014055274,0.0061173066,-0.030767543,-0.07966618,-0.0040863925,-0.04941134,-0.021229565,0.059148915,0.00040619815,0.05569938,-0.06758788,0.8742116,-1.8104533,-0.16933271,0.94233567,-1.8160728,0.024279654,0.99134505,-1.8570957,0.097116105,0.7185772,-1.7322278,-0.051143713,0.86267823,-1.8062367,-0.16749752,0.9331054,-1.8399727,0.023053735,0.9765217,-1.8634646,0.11486078,0.71869904,-1.715518
545,10.914223194122314,0.0,0.0,0.0,-0.34811389446258545,-0.34811389446258545,-0.3463733249902725,1.0,0,0.07974259555339813,0.14520053565502167,0.02392280101776123,0.04356014356017113,-0.10110578685998917,-0.0037004537880420685,1,0.056396093,-0.03852347,0.013135107,0.004486783,-0.029598424,-0.079742596,-0.0038105107,-0.047150347,-0.020156432,0.057183355,0.0018861502,0.05543967,-0.06860372,0.8730962,-1.807251,-0.16742444,0.94282836,-1.8213543,0.024734475,0.9893062,-1.8558824,0.098256744,0.7227459,-1.7306297,-0.051684886,0.8615392,-1.8033104,-0.1660784,0.9339488,-1.8452771,0.023591321,0.97516114,-1.8619293,0.11541175,0.7233117,-1.7139978
546,10.933436870574951,0.0,0.0,0.0,-0.3483906388282776,-0.3483906388282776,-0.3466486856341362,1.0,0,0.07728715986013412,0.1427026093006134,0.023186206817626953,0.042810842394828796,-0.09980743378400803,-0.002717147348448634,1,0.052568696,-0.038491238,0.01444087,0.0031436267,-0.028681476,-0.07728716,-0.009251605,-0.047868285,-0.023091653,0.055921756,0.0010183216,0.055372994,-0.07048425,0.8697483,-1.8057822,-0.16644154,0.94003576,-1.8196249,0.025269479,0.99013805,-1.8519883,0.10129574,0.7222178,-1.730427,-0.05471364,0.8582009,-1.8014499,-0.16549845,0.9314313,-1.8428111,0.022493998,0.97577757,-1.8589158,0.11807227,0.7225233,-1.7138151
547,10.954237699508667,0.0,0.0,0.0,-0.3486484885215759,-0.3486484885215759,-0.34690524607896805,1.0,0,0.07097118347883224,0.14651726186275482,0.021291375160217285,0.04395518824458122,-0.10017300397157669,-0.0033912963699549437,1,0.047293067,-0.04303023,0.013372286,0.0015920942,-0.033630583,-0.07097118,-0.013909888,-0.052759744,-0.029412003,0.06519346,-0.00029938665,0.0541976,-0.07394704,0.8674611,-1.810373,-0.16522124,0.93426734,-1.8115201,0.0239015,0.99363375,-1.8507422,0.10301085,0.7221746,-1.7317439,-0.05975912,0.85455203,-1.8063613,-0.16474362,0.9241782,-1.8328115,0.019728534,0.97780585,-1.8595659,0.12256889,0.72208476,-1.7154846
548,10.973049402236938,0.0,0.0,0.0,-0.3489114046096802,-0.3489114046096802,-0.3471668475866318,1.0,0,0.06953833252191544,0.14100666344165802,0.020861506462097168,0.042302004992961884,-0.10046189278364182,-0.0038385980296880007,1,0.04325901,-0.041843016,0.014314598,0.0025184539,-0.0325744,-0.06953833,-0.016786778,-0.0490713,-0.028309785,0.062355682,0.0028099793,0.05258724,-0.07679772,0.86735404,-1.8114165,-0.1649755,0.9321342,-1.8087765,0.025018252,0.99398863,-1.8502836,0.10291079,0.7237185,-1.7329824,-0.06382001,0.8548011,-1.8071221,-0.16421996,0.9223619,-1.829638,0.019982219,0.97926724,-1.8587766,0.121617496,0.7245615,-1.7172062
549,10.994635581970215,0.0,0.0,0.0,-0.34927359223365784,-0.34927359223365784,-0.34752722427248955,1.0,0,0.07375060021877289,0.13908350467681885,0.02212512493133545,0.04172499105334282,-0.10015513747930527,-0.0025790606159716845,1,0.04738662,-0.038315047,0.014361513,0.0067670685,-0.030584387,-0.0737506,-0.011569684,-0.045870837,-0.021753801,0.059648994,0.00440008,0.05211047,-0.077247694,0.8671665,-1.8075936,-0.16418979,0.93279165,-1.8095375,0.025335468,0.9931338,-1.8498584,0.10391236,0.7254012,-1.7340399,-0.06303171,0.855672,-1.8032851,-0.16215967,0.92361635,-1.8316627,0.021864563,0.97937256,-1.8563845,0.12180706,0.7267212,-1.7184068
550,11.013198137283325,0.0,0.0,0.0,-0.3492972254753113,-0.3492972254753113,-0.34755073934793473,1.0,0,0.07419033348560333,0.13875696063041687,0.022257089614868164,0.04162706807255745,-0.09969738125801086,-0.0011286087101325393,1,0.049583428,-0.03789274,0.015551273,0.0041490286,-0.028960958,-0.07419033,-0.011851642,-0.047086135,-0.022735478,0.055838026,0.0028128102,0.052505743,-0.07643148,0.8689943,-1.8050821,-0.1633778,0.93387556,-1.8124866,0.024582878,0.99106073,-1.8490711,0.103935525,0.7268979,-1.7335753,-0.061556455,0.8576265,-1.8004167,-0.1621331,0.9251873,-1.8347437,0.021027384,0.9769349,-1.8558918,0.12068693,0.7277417,-1.7178236
551,11.035097122192383,0.0,0.0,0.0,-0.3490414023399353,-0.3490414023399353,-0.34729619532823564,1.0,0,0.0744280219078064,0.14095722138881683,0.02232837677001953,0.042287152260541916,-0.0994982123374939,-0.0005104079027660191,1,0.05088694,-0.037424803,0.01539627,0.0008557579,-0.028591815,-0.07442802,-0.011749809,-0.05033735,-0.026151761,0.055678625,0.00041546664,0.053178392,-0.07708128,0.86651,-1.8050889,-0.16482006,0.9319635,-1.8101734,0.024663374,0.9908548,-1.8480663,0.105625615,0.7277557,-1.7332073,-0.061815195,0.85528255,-1.80047,-0.16456333,0.923386,-1.8325018,0.021138432,0.9757536,-1.8559119,0.122329205,0.72788036,-1.7172538
552,11.055037498474121,0.0,0.0,0.0,-0.3492641746997833,-0.3492641746997833,-0.3475178538262844,1.0,0,0.06895188987255096,0.14049877226352692,0.020685553550720215,0.04214959964156151,-0.10003828257322311,-0.0012528953375294805,1,0.045985024,-0.039157834,0.016760876,-0.002807826,-0.031226348,-0.06895189,-0.018527975,-0.05367935,-0.033326283,0.05460112,-0.0016128141,0.052482426,-0.07835524,0.8656727,-1.8067718,-0.16608901,0.93053937,-1.8050582,0.025236286,0.99149233,-1.8479153,0.10679208,0.72693515,-1.7330734,-0.06455973,0.85392535,-1.8017435,-0.16693136,0.9211715,-1.8257438,0.019677892,0.9753885,-1.8579131,0.12317242,0.7264513,-1.7173287
553,11.07845664024353,0.0,0.0,0.0,-0.3495936393737793,-0.3495936393737793,-0.3478456711769104,1.0,0,0.06791554391384125,0.13581666350364685,0.020374655723571777,0.040744975209236145,-0.10120120644569397,-0.0018751597963273525,1,0.045406736,-0.03782346,0.016362261,-0.0016680001,-0.030146686,-0.067915544,-0.017826702,-0.051204845,-0.030504163,0.052647635,0.0008570394,0.050191533,-0.07943401,0.8660805,-1.8066247,-0.16785124,0.928326,-1.7995137,0.025111094,0.9907373,-1.8478876,0.10656243,0.72793823,-1.7335732,-0.065811984,0.85473347,-1.801716,-0.16835164,0.919282,-1.8198884,0.019763082,0.9753759,-1.8570389,0.12235672,0.72819537,-1.7185158
554,11.095355749130249,0.0,0.0,0.0,-0.34940773248672485,-0.34940773248672485,-0.3476606938242912,1.0,0,0.07296661287546158,0.1374920904636383,0.021889925003051758,0.04124760255217552,-0.10168459266424179,-0.0015066461637616158,1,0.0475996,-0.036369797,0.016970387,0.003981089,-0.029130148,-0.07296661,-0.017026784,-0.05009458,-0.027857084,0.052176654,0.0006436776,0.05040675,-0.081272796,0.86662036,-1.8047346,-0.16833138,0.93114245,-1.8013377,0.025772192,0.9888331,-1.8481963,0.10717409,0.7302976,-1.7336609,-0.066992916,0.85570943,-1.7996435,-0.16713706,0.9224034,-1.8232276,0.020664155,0.9738048,-1.8565534,0.12282709,0.73049074,-1.7185389
555,11.114703893661499,0.0,0.0,0.0,-0.3494738042354584,-0.3494738042354584,-0.3477264352142811,1.0,0,0.07328271120786667,0.1357988566160202,0.02198481559753418,0.04073963686823845,-0.10142779350280762,-0.0006202601944096386,1,0.04680663,-0.036891527,0.017543636,0.0047875373,-0.029529778,-0.07328271,-0.020912623,-0.048175905,-0.028256226,0.047967993,0.0017456787,0.04955577,-0.08034673,0.8675331,-1.8014576,-0.16916093,0.9316875,-1.8013108,0.025086075,0.9866519,-1.848212,0.10727991,0.73089147,-1.7338357,-0.06630474,0.85646564,-1.7961946,-0.16772467,0.92282856,-1.8232956,0.018812288,0.97219914,-1.8566889,0.12167031,0.73141515,-1.718969
556,11.134925365447998,0.0,0.0,0.0,-0.34978896379470825,-0.34978896379470825,-0.3480400189757347,1.0,0,0.07107868790626526,0.1375856101512909,0.021323561668395996,0.04127568379044533,-0.10205140709877014,-0.0006921290187165141,1,0.046669453,-0.03683148,0.017934939,0.0009849059,-0.030440822,-0.07107869,-0.02104907,-0.05186237,-0.031630073,0.05070187,0.00046950564,0.048883732,-0.08527185,0.8661847,-1.8017157,-0.16808951,0.9284939,-1.7999314,0.02490469,0.9859705,-1.846053,0.109222986,0.7339378,-1.7338393,-0.07127102,0.85513526,-1.7963352,-0.16779403,0.91936165,-1.821255,0.01858997,0.9704118,-1.8555421,0.12443355,0.73407865,-1.7191741
557,11.154951095581055,0.0,0.0,0.0,-0.3501545786857605,-0.3501545786857605,-0.3484038057923317,1.0,0,0.06620389223098755,0.13465717434883118,0.019861221313476562,0.04039718955755234,-0.10454901307821274,-0.0019784285686910152,1,0.039038107,-0.038997527,0.017723106,0.002211452,-0.031770904,-0.06620389,-0.027873887,-0.051041435,-0.03345162,0.052612506,0.0021913731,0.04585151,-0.0897387,0.8651686,-1.8045341,-0.1692068,0.9244212,-1.7928592,0.024859764,0.9875723,-1.8455367,0.11137819,0.7346949,-1.7357476,-0.07802726,0.8534693,-1.7992171,-0.16854337,0.91488993,-1.8127204,0.016497597,0.9722599,-1.8555722,0.12716195,0.73535234,-1.7219921
558,11.174796104431152,0.0,0.0,0.0,-0.35063475370407104,-0.35063475370407104,-0.3488815799355507,1.0,0,0.06551176309585571,0.13104957342147827,0.0196535587310791,0.03931489214301109,-0.10772664099931717,-0.002846976276487112,1,0.036774375,-0.03647106,0.020228572,0.0013969057,-0.030679611,-0.06551176,-0.028755011,-0.051108513,-0.033614386,0.04902665,0.0031117394,0.043187566,-0.09298466,0.864239,-1.802644,-0.170025,0.9223625,-1.7885644,0.024559587,0.98681587,-1.845785,0.11130092,0.7362426,-1.7379509,-0.08195235,0.85329765,-1.7965754,-0.16960594,0.9131586,-1.808218,0.015933083,0.9714833,-1.8558693,0.12600891,0.7371761,-1.7249947
559,11.195114850997925,0.0,0.0,0.0,-0.35080796480178833,-0.35080796480178833,-0.3490539249777794,1.0,0,0.06889308243989944,0.1268189549446106,0.0206679105758667,0.03804566338658333,-0.11016090214252472,-0.0026558730751276016,1,0.037370227,-0.03382115,0.02072148,0.0027001535,-0.027880445,-0.06889308,-0.030369582,-0.046129253,-0.032042794,0.04114479,0.0053713713,0.042233758,-0.09257624,0.86643416,-1.8008293,-0.17130905,0.923294,-1.7888893,0.024300627,0.9837472,-1.8461089,0.11110616,0.73732424,-1.738965,-0.081365176,0.85628784,-1.7946129,-0.17049901,0.91492987,-1.8095572,0.015189753,0.9699084,-1.8557217,0.123449594,0.73893565,-1.7262949
560,11.215104818344116,0.0,0.0,0.0,-0.35104188323020935,-0.35104188323020935,-0.3492866738140583,1.0,0,0.07060012221336365,0.12867742776870728,0.021180033683776855,0.03860323876142502,-0.1113009825348854,-0.0018210596172139049,1,0.0406311,-0.03464568,0.019681485,0.004945564,-0.029393204,-0.07060012,-0.02940789,-0.04573877,-0.030002132,0.041812826,0.005981063,0.042490494,-0.09442236,0.8654235,-1.7972314,-0.1703619,0.92489326,-1.790345,0.024486944,0.9816819,-1.8453876,0.11321401,0.7402308,-1.7391505,-0.082233034,0.8550298,-1.791327,-0.16887824,0.9160753,-1.811525,0.015664577,0.96796024,-1.8543882,0.12575786,0.74202514,-1.7264034
561,11.236062049865723,0.0,0.0,0.0,-0.3514338433742523,-0.3514338433742523,-0.3496766741573811,1.0,0,0.07055161148309708,0.1296594738960266,0.02116549015045166,0.03889785706996918,-0.11293139308691025,-0.0013556228950619698,1,0.04019029,-0.035285432,0.020141022,0.012043485,-0.028748835,-0.07055161,-0.031370066,-0.047294218,-0.029197799,0.043020546,0.005595436,0.04051068,-0.09766094,0.8639888,-1.7964106,-0.1696414,0.92373514,-1.7886164,0.02453988,0.9809265,-1.8428721,0.11696051,0.7433938,-1.7396901,-0.08560385,0.8534032,-1.7903682,-0.16602837,0.91511047,-1.8097819,0.01512886,0.9667382,-1.8516315,0.12986667,0.7450724,-1.7275369
562,11.25310468673706,0.0,0.0,0.0,-0.351773738861084,-0.351773738861084,-0.35001487016677857,1.0,0,0.06544261425733566,0.12887726724147797,0.019632816314697266,0.03866318613290787,-0.11576586961746216,-0.0022150150034576654,1,0.036531888,-0.036055606,0.020531487,0.0050932793,-0.029019408,-0.065442614,-0.03520907,-0.04964373,-0.03454839,0.04385631,0.005409573,0.039395522,-0.102708735,0.8618338,-1.7975655,-0.1696538,0.91891026,-1.7840377,0.023853898,0.980748,-1.8408736,0.119576685,0.74703705,-1.7413367,-0.09174917,0.8510171,-1.791406,-0.16812582,0.91020447,-1.8036705,0.013291176,0.9658549,-1.8512381,0.13273358,0.7486599,-1.729518
563,11.27450156211853,0.0,0.0,0.0,-0.3518756628036499,-0.3518756628036499,-0.35011628448963167,1.0,0,0.06412696838378906,0.1275593489408493,0.01923811435699463,0.038267817348241806,-0.12032373249530792,-0.004060227423906326,1,0.036182124,-0.03381379,0.02132873,0.00015926361,-0.027750809,-0.06412697,-0.035413664,-0.05112954,-0.03722852,0.042173203,0.005358394,0.0376821,-0.105968915,0.8610921,-1.7986816,-0.17197779,0.91537,-1.776826,0.025065452,0.9798432,-1.8403977,0.12096213,0.74918807,-1.7436489,-0.095114276,0.850948,-1.7922829,-0.17193002,0.90704477,-1.7960641,0.014441352,0.96450436,-1.8515663,0.1336141,0.7507956,-1.7323443
564,11.29426908493042,0.0,0.0,0.0,-0.35256409645080566,-0.35256409645080566,-0.35080127596855165,1.0,0,0.06472229957580566,0.12531299889087677,0.0194166898727417,0.03759390488266945,-0.12369364500045776,-0.004993833601474762,1,0.035393324,-0.031611986,0.022400662,0.002948697,-0.027585125,-0.0647223,-0.036903724,-0.04970707,-0.036291268,0.03823514,0.007144993,0.036444914,-0.105441704,0.8619126,-1.7970191,-0.17413792,0.91662616,-1.7725843,0.025031947,0.9765729,-1.8395168,0.12039571,0.7506371,-1.7440436,-0.0948237,0.85242903,-1.7902989,-0.17325331,0.90835065,-1.792001,0.013960829,0.96166074,-1.8504041,0.13186626,0.7527806,-1.7331101
565,11.313113451004028,0.0,0.0,0.0,-0.3524428606033325,-0.3524428606033325,-0.35068064630031587,1.0,0,0.06986959278583527,0.12541626393795013,0.02096092700958252,0.037624895572662354,-0.12657026946544647,-0.005163544323295355,1,0.03935693,-0.030293332,0.021717792,0.005097958,-0.026228916,-0.06986959,-0.03526741,-0.046564262,-0.03239013,0.03638711,0.008488599,0.036578696,-0.10749708,0.86078966,-1.7931767,-0.17433056,0.9175364,-1.7749833,0.02504357,0.9732212,-1.8387765,0.121883996,0.75489473,-1.7440228,-0.095690005,0.8517017,-1.7866613,-0.17280118,0.90966773,-1.7959442,0.014463346,0.9592519,-1.8484935,0.13280013,0.75744134,-1.7330493
566,11.333252191543579,0.0,0.0,0.0,-0.35231760144233704,-0.35231760144233704,-0.3505560134351253,1.0,0,0.07269472628831863,0.12688475847244263,0.021808385848999023,0.03806541860103607,-0.12965889275074005,-0.004909658804535866,1,0.033042125,-0.032019574,0.021791682,0.013014445,-0.02793833,-0.07269473,-0.04497317,-0.04241135,-0.031934008,0.034845576,0.011362369,0.03299962,-0.111674905,0.8599376,-1.7890445,-0.1730124,0.91728646,-1.7745897,0.024542943,0.9718609,-1.8372185,0.12587725,0.7577719,-1.7450595,-0.101762265,0.8503317,-1.782507,-0.16910808,0.90890497,-1.796398,0.011050992,0.9591375,-1.8467988,0.13633092,0.76118064,-1.7351596
567,11.354202508926392,0.0,0.0,0.0,-0.353153258562088,-0.353153258562088,-0.35138749226927757,1.0,0,0.06854584813117981,0.12527981400489807,0.020563721656799316,0.03758392110466957,-0.13335752487182617,-0.005419177934527397,1,0.03201812,-0.033157848,0.02039253,0.011743858,-0.027887912,-0.06854585,-0.045899097,-0.04325658,-0.032207735,0.036827803,0.013096972,0.03158119,-0.11723791,0.8577022,-1.7889984,-0.17006299,0.9133293,-1.7743367,0.024273187,0.9713098,-1.8342179,0.12694849,0.76258093,-1.7469734,-0.10763247,0.84775484,-1.7828807,-0.16653983,0.90496296,-1.7949004,0.010503457,0.9583328,-1.8438802,0.13799684,0.76651,-1.737499
568,11.374448299407959,0.0,0.0,0.0,-0.3533622622489929,-0.3533622622489929,-0.35159545093774797,1.0,0,0.06675674021244049,0.12536494433879852,0.0200270414352417,0.03760949522256851,-0.13772942125797272,-0.006669136695563793,1,0.028183356,-0.03263426,0.022139234,0.010987315,-0.02765323,-0.06675674,-0.049731467,-0.043890115,-0.035258897,0.036610443,0.013303701,0.02941051,-0.12190493,0.8555993,-1.7886487,-0.1690292,0.909309,-1.7699904,0.02461955,0.9686778,-1.8307337,0.12917778,0.76733625,-1.7479525,-0.11344992,0.845809,-1.782007,-0.16573301,0.9010131,-1.7900175,0.009700109,0.9555108,-1.8413113,0.14016092,0.7713274,-1.7391293
569,11.394059419631958,0.0,0.0,0.0,-0.3541574478149414,-0.3541574478149414,-0.3523866605758667,1.0,0,0.06531339883804321,0.12218282371759415,0.01959407329559326,0.036654867231845856,-0.142723947763443,-0.007784146815538406,1,0.024426773,-0.029521065,0.023085427,0.0086291805,-0.025611622,-0.0653134,-0.05303129,-0.042438705,-0.035812944,0.032084573,0.0154578285,0.02769465,-0.12499505,0.85471874,-1.7867492,-0.16883552,0.90778005,-1.7659056,0.024192497,0.9676237,-1.8286313,0.1306469,0.77153903,-1.7502577,-0.11766702,0.84586245,-1.7798237,-0.16624677,0.90009654,-1.7854997,0.0082831085,0.9548921,-1.8393751,0.14027227,0.7761764,-1.7419493
570,11.414111375808716,0.0,0.0,0.0,-0.35432910919189453,-0.35432910919189453,-0.35255746364593504,1.0,0,0.0674121081829071,0.12273923307657242,0.020223617553710938,0.03682173788547516,-0.14684981107711792,-0.0082022026181221,1,0.021285566,-0.029029112,0.022623207,0.014440647,-0.025786873,-0.06741211,-0.05867267,-0.038102105,-0.0339172,0.02787626,0.018435894,0.02603576,-0.12754533,0.8540486,-1.7839335,-0.16775516,0.90833133,-1.7660409,0.024470381,0.96641403,-1.8263359,0.13231057,0.77550876,-1.7523214,-0.12115966,0.8453399,-1.7771466,-0.16342296,0.90059525,-1.7862645,0.0068685804,0.9549834,-1.836511,0.14067344,0.78103954,-1.7445107
571,11.43327021598816,0.0,0.0,0.0,-0.35415327548980713,-0.35415327548980713,-0.3523825091123581,1.0,0,0.07156696170568466,0.12372807413339615,0.021470069885253906,0.03711840882897377,-0.15019851922988892,-0.008158656768500805,1,0.024799887,-0.027585749,0.022548882,0.014292146,-0.024480907,-0.07156696,-0.0569523,-0.037623916,-0.032575943,0.027454212,0.018838022,0.025881369,-0.13062039,0.85372454,-1.7822298,-0.1661056,0.90930927,-1.7671524,0.02425316,0.9640895,-1.8245151,0.1354731,0.7799564,-1.754095,-0.12318043,0.8454488,-1.7754651,-0.16181795,0.901965,-1.7886225,0.007167468,0.95280236,-1.8342879,0.14370936,0.7856078,-1.7463305
572,11.454806327819824,0.0,0.0,0.0,-0.35463690757751465,-0.35463690757751465,-0.3528637230396271,1.0,0,0.069270059466362,0.12241512537002563,0.02078104019165039,0.036724552512168884,-0.155783548951149,-0.008873860351741314,1,0.025409339,-0.025036836,0.024872335,0.009313951,-0.022705656,-0.06927006,-0.05593497,-0.041002378,-0.034929868,0.027732464,0.017053274,0.024572333,-0.13372901,0.85301965,-1.7804699,-0.16566141,0.9079983,-1.767347,0.023513608,0.9614105,-1.8227109,0.13600098,0.7844416,-1.7559413,-0.1261062,0.8455086,-1.7730082,-0.16286722,0.90118665,-1.788128,0.0067331158,0.9491098,-1.8331898,0.14432071,0.7895576,-1.7485696
573,11.47523808479309,0.0,0.0,0.0,-0.35490691661834717,-0.35490691661834717,-0.35313238203525543,1.0,0,0.06522955000400543,0.12203117460012436,0.019568920135498047,0.036609359085559845,-0.162230983376503,-0.010415410622954369,1,0.02118909,-0.02273347,0.02522028,-0.0027083787,-0.021829545,-0.06522955,-0.06090845,-0.04358893,-0.04175472,0.020045795,0.016956009,0.022546994,-0.13383424,0.85185117,-1.7805032,-0.16815647,0.9041289,-1.7598728,0.02349753,0.9600701,-1.8208463,0.13449514,0.7870184,-1.7573717,-0.12747751,0.84503114,-1.772937,-0.16896899,0.89758,-1.7794417,0.0052249935,0.9469934,-1.8333727,0.14050888,0.7921052,-1.7506076
574,11.494710445404053,0.0,0.0,0.0,-0.35475051403045654,-0.35475051403045654,-0.35297676146030427,1.0,0,0.06714993715286255,0.12439572811126709,0.020144982263445854,0.037318725138902664,-0.16825665533542633,-0.012319346889853477,1,0.0171232,-0.021078333,0.025047952,-0.0028350796,-0.023127023,-0.065075874,-0.06714994,-0.04175327,-0.044701472,0.016672688,0.019084834,0.02094636,-0.13324426,0.8517743,-1.7795985,-0.17014022,0.9047015,-1.7549078,0.02404537,0.959112,-1.8200712,0.1344713,0.78833735,-1.7590559,-0.1281073,0.84545076,-1.7720841,-0.17099075,0.8977634,-1.7744306,0.0039003883,0.946586,-1.8334817,0.13947311,0.7940628,-1.752772
575,11.514752864837646,0.0,0.0,0.0,-0.3546282649040222,-0.3546282649040222,-0.3528551235795021,1.0,0,0.06853462010622025,0.12403017282485962,0.020560383796691895,0.03720903769135475,-0.1733558177947998,-0.013917345553636551,1,0.02107081,-0.019683912,0.022517325,-0.0027594434,-0.022113543,-0.06853462,-0.06530602,-0.040083885,-0.042237997,0.016913218,0.021575782,0.021075718,-0.1307288,0.8525958,-1.7789358,-0.1721802,0.90610904,-1.7521499,0.02342946,0.95556825,-1.8188423,0.13406195,0.78759,-1.7588007,-0.12440755,0.84669065,-1.7721806,-0.17300804,0.899475,-1.7727103,0.0038376525,0.9435431,-1.8315136,0.13913591,0.79406273,-1.752478
576,11.534060001373291,0.0,0.0,0.0,-0.35502302646636963,-0.35502302646636963,-0.35324791133403777,1.0,0,0.07004653662443161,0.12339039146900177,0.021013975143432617,0.037017107009887695,-0.17815342545509338,-0.015014995820820332,1,0.024598572,-0.018504925,0.021570519,0.0015169783,-0.02068891,-0.07004654,-0.062469218,-0.04124571,-0.04023517,0.01854796,0.02147955,0.021157758,-0.13302773,0.8513457,-1.7770574,-0.17134988,0.9059231,-1.750882,0.022648595,0.9524594,-1.8153892,0.13358793,0.7881129,-1.7589169,-0.12564816,0.84579426,-1.7705863,-0.17089479,0.89971644,-1.771896,0.0039078295,0.9400857,-1.8274597,0.13915232,0.79455674,-1.7525696
577,11.554226636886597,0.0,0.0,0.0,-0.3547874987125397,-0.3547874987125397,-0.353013561218977,1.0,0,0.07086116820573807,0.1249070018529892,0.02125835418701172,0.03747210651636124,-0.18496981263160706,-0.015551183372735977,1,0.018378437,-0.017290937,0.02461873,-0.0007365787,-0.019574735,-0.07086117,-0.06902966,-0.037810497,-0.040944275,0.013282005,0.024425495,0.01759941,-0.13344024,0.85030055,-1.7733186,-0.17124411,0.90597165,-1.7513807,0.02141416,0.94992626,-1.8146961,0.1328671,0.7885303,-1.7592269,-0.1279267,0.8451133,-1.765933,-0.17146508,0.9000992,-1.772639,0.00070526265,0.93858314,-1.8269794,0.1368517,0.79585797,-1.7539471
578,11.5746328830719,0.0,0.0,0.0,-0.35464829206466675,-0.35464829206466675,-0.35287505060434343,1.0,0,0.07470979541540146,0.12695197761058807,0.022412938997149467,0.038085583597421646,-0.19202746450901031,-0.015385555103421211,1,0.012283223,-0.014294781,0.02660183,0.0012297159,-0.017332535,-0.07281072,-0.074709795,-0.034809023,-0.041047912,0.0072669936,0.026491057,0.014760131,-0.13657354,0.8489258,-1.767408,-0.16967276,0.90496737,-1.749825,0.020738475,0.9471677,-1.8138562,0.13318478,0.78917545,-1.7583573,-0.13288857,0.8446374,-1.7594274,-0.16930385,0.8997676,-1.7716682,-0.001674464,0.93672496,-1.8261706,0.13536488,0.7971228,-1.7539293
579,11.594573020935059,0.0,0.0,0.0,-0.35492247343063354,-0.35492247343063354,-0.3531478610634804,1.0,0,0.07869169116020203,0.128357395529747,0.023607509210705757,0.03850724548101425,-0.19903579354286194,-0.0157442819327116,1,0.0080288,-0.013939343,0.024647655,-0.004025864,-0.01724255,-0.06952752,-0.07869169,-0.035098415,-0.04480398,0.0058655133,0.027940268,0.014663499,-0.13845876,0.84702873,-1.7644755,-0.16809362,0.9042338,-1.7455016,0.020890668,0.9450943,-1.8115798,0.13301821,0.788157,-1.7566279,-0.13605012,0.84284693,-1.7570812,-0.16930138,0.899061,-1.7663599,-0.0027168412,0.93456477,-1.825021,0.13477786,0.79653907,-1.7522289
580,11.614408254623413,0.0,0.0,0.0,-0.35539084672927856,-0.35539084672927856,-0.3536138924956322,1.0,0,0.07649760693311691,0.12653788924217224,0.022949282079935074,0.037961337715387344,-0.20492832362651825,-0.01700661890208721,1,0.012377221,-0.012783988,0.020328904,-0.008930181,-0.016826248,-0.066083275,-0.07649761,-0.03817267,-0.04683627,0.005723852,0.02779714,0.015619306,-0.13847248,0.8456524,-1.7665296,-0.16739583,0.9017094,-1.7396389,0.020688303,0.94533896,-1.8086704,0.13243458,0.78738976,-1.7581036,-0.13475932,0.8418172,-1.7604309,-0.17007488,0.8966615,-1.7594639,-0.0022609793,0.9338872,-1.8227212,0.13415173,0.7957289,-1.7534178
581,11.63441276550293,0.0,0.0,0.0,-0.354884535074234,-0.354884535074234,-0.35311011239886286,1.0,0,0.0724833607673645,0.12615583837032318,0.02174500934779644,0.03784680739045143,-0.211655393242836,-0.01917337067425251,1,0.017844696,-0.00963798,0.019284349,-0.012774161,-0.014572731,-0.0673964,-0.07248336,-0.04057564,-0.04794229,0.0045001484,0.026910918,0.016466241,-0.13419104,0.8459404,-1.768976,-0.17011791,0.900635,-1.7327672,0.019590884,0.9435603,-1.8057756,0.12867667,0.7847333,-1.7577583,-0.12883763,0.843049,-1.7631906,-0.17395017,0.8962632,-1.7529862,-0.002154125,0.9313876,-1.8201584,0.13002671,0.79280657,-1.7528183
582,11.654378414154053,0.0,0.0,0.0,-0.3550134301185608,-0.3550134301185608,-0.353238362967968,1.0,0,0.07263732701539993,0.12678997218608856,0.02179119922220707,0.0380370207130909,-0.2170555591583252,-0.020523518323898315,1,0.020926924,-0.007800125,0.019600043,-0.01039254,-0.012957592,-0.06906705,-0.07263733,-0.03971229,-0.046900768,0.0029994785,0.028892912,0.015807195,-0.13166344,0.84568435,-1.7682192,-0.17324919,0.9013327,-1.7297323,0.018435746,0.9404476,-1.8032196,0.12643085,0.78497565,-1.7561744,-0.12538536,0.84334433,-1.7623392,-0.17636694,0.8974454,-1.7504524,-0.0033554528,0.9285339,-1.8172898,0.12733069,0.79364353,-1.7514323
583,11.673252820968628,0.0,0.0,0.0,-0.3545876741409302,-0.3545876741409302,-0.35281473577022554,1.0,0,0.07831010222434998,0.130862757563591,0.023493031039834023,0.03925882279872894,-0.22296768426895142,-0.020726365968585014,1,0.017276008,-0.0066262777,0.02172395,-0.0060628215,-0.013050377,-0.073166266,-0.0783101,-0.036243316,-0.046227153,-0.0016664503,0.031318586,0.013555766,-0.13270839,0.8447163,-1.761653,-0.17259319,0.90350175,-1.7295758,0.01783964,0.93729347,-1.8013449,0.1277383,0.78458726,-1.7540915,-0.12752558,0.84272844,-1.7551358,-0.17441204,0.8995866,-1.7515256,-0.0056533907,0.92642045,-1.815213,0.12723836,0.79398286,-1.7500248
584,11.696268081665039,0.0,0.0,0.0,-0.35499030351638794,-0.35499030351638794,-0.353215351998806,1.0,0,0.08492512255907059,0.1339871883392334,0.025477537885308266,0.04019615426659584,-0.2301488071680069,-0.019772635772824287,1,0.010620174,-0.0039247363,0.022042135,-0.005749896,-0.010552493,-0.0747325,-0.08492512,-0.030589063,-0.044580914,-0.008130161,0.035700902,0.011535818,-0.13510709,0.84447086,-1.7557425,-0.16969958,0.9046902,-1.7306805,0.016602404,0.9357168,-1.799459,0.12854785,0.7827346,-1.752132,-0.13192104,0.8432934,-1.7491299,-0.17142455,0.9015245,-1.7531002,-0.0088751335,0.9265401,-1.8128333,0.1261088,0.7934449,-1.7486713
585,11.714445114135742,0.0,0.0,0.0,-0.3556514382362366,-0.3556514382362366,-0.3538731810450554,1.0,0,0.08733884245157242,0.1346028596162796,0.026201654225587845,0.04038085788488388,-0.23577746748924255,-0.019322624430060387,1,0.008560566,-0.0037772234,0.01785852,-0.007034404,-0.01007463,-0.072961725,-0.08733884,-0.029519787,-0.0452751,-0.008346438,0.038012553,0.013157331,-0.13889302,0.8413782,-1.7515956,-0.16569158,0.9028973,-1.7261877,0.016647354,0.9344943,-1.7954574,0.12953584,0.78142273,-1.7513795,-0.13632485,0.84024507,-1.7462381,-0.1678019,0.8998749,-1.7480762,-0.0095543,0.9256384,-1.80904,0.1270319,0.7928265,-1.7474322
586,11.73448920249939,0.0,0.0,0.0,-0.35560619831085205,-0.35560619831085205,-0.3538281673192978,1.0,0,0.08409376442432404,0.13308928906917572,0.02522812969982624,0.039926789700984955,-0.24145032465457916,-0.01960292086005211,1,0.011928322,-0.0024769998,0.015773574,-0.011124279,-0.0097678015,-0.07041138,-0.084093764,-0.03358356,-0.04838782,-0.006382536,0.036760148,0.01433755,-0.13833518,0.8421022,-1.7562248,-0.16517302,0.9015298,-1.7229701,0.017193437,0.9347407,-1.7931833,0.12817356,0.7820787,-1.7516228,-0.13475668,0.84135914,-1.7514927,-0.1685103,0.89859945,-1.7440935,-0.008034693,0.92466563,-1.8076997,0.1262588,0.79310673,-1.7473215
587,11.753511190414429,0.0,0.0,0.0,-0.3559700846672058,-0.3559700846672058,-0.3541902342438698,1.0,0,0.0809057205915451,0.13136550784111023,0.02427171729505062,0.039409611374139786,-0.24664883315563202,-0.020216068252921104,1,0.017633408,0.000855296,0.01455715,-0.008810771,-0.006439829,-0.07088991,-0.08090572,-0.03432865,-0.047366735,-0.007931283,0.036340788,0.015410377,-0.13446984,0.8423843,-1.7576458,-0.167119,0.9015713,-1.7169638,0.016563974,0.933347,-1.7901624,0.12582128,0.7796903,-1.7506393,-0.12917982,0.8426409,-1.7532787,-0.16976222,0.8996393,-1.7382307,-0.007707743,0.9230484,-1.8043724,0.12344189,0.79059255,-1.7460163
588,11.774332761764526,0.0,0.0,0.0,-0.3558777868747711,-0.3558777868747711,-0.35409839794039727,1.0,0,0.08406933397054672,0.1352410465478897,0.025220802053809166,0.04057236760854721,-0.2522594928741455,-0.020538922399282455,1,0.015898023,0.002719882,0.017225644,-0.010872259,-0.0063438737,-0.07219056,-0.084069334,-0.033831917,-0.049010843,-0.0120004015,0.03753977,0.013992395,-0.13321096,0.8423084,-1.7563561,-0.16956888,0.90328217,-1.7162802,0.015280068,0.93115926,-1.7878878,0.12516527,0.77831215,-1.7487096,-0.12844154,0.8431244,-1.7511884,-0.17283055,0.901379,-1.7379375,-0.009940734,0.92100966,-1.8025911,0.12156515,0.7895741,-1.7445118
589,11.79334807395935,0.0,0.0,0.0,-0.35556891560554504,-0.35556891560554504,-0.35379107102751733,1.0,0,0.08585964143276215,0.13759365677833557,0.025757893919944763,0.041278112679719925,-0.2575090527534485,-0.02016657590866089,1,0.0147852395,0.004525687,0.015641635,-0.01020488,-0.005904236,-0.07557611,-0.08585964,-0.029815841,-0.047426987,-0.014579424,0.04087914,0.014271412,-0.13477454,0.8420338,-1.7509366,-0.1677779,0.90497273,-1.7143017,0.014700085,0.9292647,-1.7875035,0.12714791,0.77685434,-1.74655,-0.13033897,0.84339154,-1.7462442,-0.17083935,0.90320146,-1.7369746,-0.011057809,0.92032,-1.8017316,0.12277409,0.78911805,-1.7422686
590,11.81418228149414,0.0,0.0,0.0,-0.3559127449989319,-0.3559127449989319,-0.3541331812739372,1.0,0,0.0890459269285202,0.14014382660388947,0.02671377919614315,0.042043138295412064,-0.2630726993083954,-0.01944757252931595,1,0.013688064,0.0064506233,0.017207023,-0.011812098,-0.004924883,-0.07403653,-0.08904593,-0.029771132,-0.04914843,-0.017612856,0.041923594,0.013083674,-0.13624732,0.8429304,-1.747518,-0.1659545,0.90730715,-1.7130644,0.014669634,0.9272546,-1.7867329,0.12758192,0.7749528,-1.7439156,-0.1321409,0.84486556,-1.7423558,-0.16949813,0.90582967,-1.7352754,-0.012044145,0.9183233,-1.8014774,0.12229807,0.7875299,-1.7399905
591,11.832885026931763,0.0,0.0,0.0,-0.3563106656074524,-0.3563106656074524,-0.35452911227941514,1.0,0,0.09036658704280853,0.1410628706216812,0.02710997685790062,0.04231885075569153,-0.2683873772621155,-0.019162306562066078,1,0.014029248,0.008288607,0.015021392,-0.014482767,-0.003094656,-0.071342014,-0.09036659,-0.029980311,-0.05071579,-0.021023657,0.042783808,0.0137507655,-0.13469599,0.8435983,-1.7469739,-0.1659798,0.9067901,-1.7087206,0.014934778,0.9247529,-1.7837563,0.12578496,0.7722453,-1.7411273,-0.13048722,0.8460849,-1.7424674,-0.17032464,0.9058617,-1.7301232,-0.012175199,0.9157588,-1.7989709,0.11947787,0.78508043,-1.737002
592,11.854277849197388,0.0,0.0,0.0,-0.3557701110839844,-0.3557701110839844,-0.35399126052856444,1.0,0,0.08622904866933823,0.13963019847869873,0.025868715718388557,0.04188902676105499,-0.2733309864997864,-0.019499169662594795,1,0.017406132,0.010295634,0.011949379,-0.018909534,-0.0028955538,-0.07091891,-0.08622905,-0.032071058,-0.051709205,-0.01760217,0.043155994,0.015468242,-0.13369627,0.84339124,-1.7468972,-0.16638449,0.9066822,-1.7054375,0.014426418,0.92284477,-1.7818209,0.12455118,0.7713934,-1.7395234,-0.12847443,0.84647995,-1.7433124,-0.17205735,0.9058135,-1.7267132,-0.011442298,0.91322345,-1.7973336,0.119270526,0.7843402,-1.734883
593,11.873008489608765,0.0,0.0,0.0,-0.355707049369812,-0.355707049369812,-0.35392851412296294,1.0,0,0.09393949061632156,0.14584676921367645,0.02818184904754162,0.043754030019044876,-0.27896955609321594,-0.019679730758070946,1,0.012476923,0.012161359,0.015035044,-0.012817271,-0.0026632443,-0.07284892,-0.09393949,-0.029894862,-0.0536143,-0.023354184,0.044313636,0.012703337,-0.1333654,0.8441273,-1.7469753,-0.1669631,0.9075087,-1.7016697,0.01440952,0.9213694,-1.7796546,0.124026224,0.76979387,-1.7376827,-0.12962231,0.8477757,-1.7424648,-0.17080829,0.9067097,-1.7235243,-0.013772329,0.9124009,-1.7957389,0.117019966,0.78308797,-1.7338717
594,11.894230365753174,0.0,0.0,0.0,-0.35588163137435913,-0.35588163137435913,-0.35410222321748736,1.0,0,0.09796419739723206,0.14962409436702728,0.029389260336756706,0.04488721117377281,-0.2842370867729187,-0.019100246950984,1,0.0081760455,0.013897058,0.013831304,-0.010970381,-0.0029706084,-0.07479919,-0.0979642,-0.025734996,-0.051838104,-0.027617896,0.04856967,0.011990572,-0.13677123,0.84366584,-1.742385,-0.16438931,0.9092581,-1.7021192,0.01372651,0.9190313,-1.7792683,0.12562728,0.7687198,-1.7353439,-0.13431841,0.84783494,-1.7382356,-0.16768043,0.9083669,-1.724559,-0.01566275,0.91131085,-1.7948197,0.11734191,0.7832907,-1.7317468
595,11.91322922706604,0.0,0.0,0.0,-0.356383740901947,-0.356383740901947,-0.3546018221974373,1.0,0,0.10233894735574722,0.1541302651166916,0.030701685696840286,0.046239081770181656,-0.2895341217517853,-0.017910338938236237,1,0.0054358337,0.0169078,0.015148725,-0.010973316,0.0011989526,-0.07451972,-0.10233895,-0.02344643,-0.05220739,-0.03468311,0.04965698,0.010901914,-0.13626418,0.84540975,-1.7382865,-0.16194484,0.9106727,-1.700238,0.0137555,0.91612697,-1.7791573,0.12526177,0.76667404,-1.7323592,-0.13463342,0.8504821,-1.7337419,-0.16523683,0.91103244,-1.7225939,-0.016946185,0.909093,-1.7948195,0.11485684,0.78157115,-1.7290885
596,11.93681025505066,0.0,0.0,0.0,-0.35639524459838867,-0.35639524459838867,-0.35461326837539675,1.0,0,0.0987626165151596,0.15359942615032196,0.029628785327076912,0.0460798554122448,-0.2971839904785156,-0.01715930551290512,1,0.007986105,0.021899272,0.013811054,-0.022308772,0.0054197423,-0.07115269,-0.09876262,-0.026141226,-0.055797074,-0.034415014,0.048593864,0.013131429,-0.13668276,0.84629226,-1.7369637,-0.16137972,0.9115785,-1.6964401,0.012827709,0.91435087,-1.7783419,0.12401268,0.7637585,-1.7308756,-0.13428693,0.85286206,-1.7328204,-0.16807236,0.9132044,-1.717786,-0.016801076,0.9065085,-1.795081,0.11368817,0.77833664,-1.7269362
597,11.953325986862183,0.0,0.0,0.0,-0.3566160202026367,-0.3566160202026367,-0.35483294010162353,1.0,0,0.09814735502004623,0.15438777208328247,0.02944420836865902,0.04631634056568146,-0.3028169870376587,-0.01739153452217579,1,0.010660985,0.025005532,0.012855944,-0.024481168,0.0067967237,-0.06961168,-0.098147355,-0.026364692,-0.056589995,-0.03633505,0.04919271,0.013018392,-0.13573562,0.84724104,-1.7385393,-0.16308415,0.91166264,-1.6873989,0.012492232,0.9133633,-1.7767951,0.12210961,0.7605561,-1.7288296,-0.13253732,0.8547427,-1.7346826,-0.1704285,0.91370165,-1.7082825,-0.016951976,0.90545386,-1.7937721,0.111209095,0.7753139,-1.7249241
598,11.974628925323486,0.0,0.0,0.0,-0.35659337043762207,-0.35659337043762207,-0.354810403585434,1.0,0,0.10203348100185394,0.15801185369491577,0.030610045418143272,0.04740354046225548,-0.3097378611564636,-0.017912257462739944,1,0.007474521,0.025760828,0.010442109,-0.023347655,0.003673361,-0.06958452,-0.10203348,-0.0248839,-0.057983108,-0.0388142,0.052017473,0.011583192,-0.1349185,0.8476682,-1.7397319,-0.1639699,0.91258186,-1.6839281,0.011467971,0.91306704,-1.7755233,0.1204938,0.7583595,-1.7274756,-0.13267614,0.8553964,-1.7365993,-0.1709742,0.9136839,-1.7048035,-0.019142075,0.90560186,-1.7929182,0.10884954,0.77396476,-1.7240007
599,11.994547128677368,0.0,0.0,0.0,-0.35644376277923584,-0.35644376277923584,-0.35466154396533967,1.0,0,0.10828077048063278,0.166494682431221,0.032484233379364014,0.04994841665029526,-0.31602880358695984,-0.017522769048810005,1,0.004045368,0.029199744,0.013007075,-0.02008647,0.0055448897,-0.07231395,-0.10828077,-0.022472298,-0.059223507,-0.0471577,0.054492492,0.009399647,-0.13333584,0.84929925,-1.7364142,-0.16418919,0.9150413,-1.6816099,0.011381097,0.90931624,-1.7749698,0.120243765,0.7554691,-1.7235017,-0.13212223,0.85805917,-1.7325121,-0.17021513,0.9167048,-1.703304,-0.021103136,0.90257454,-1.7927369,0.106096454,0.77181685,-1.7206818
600,12.01441478729248,0.0,0.0,0.0,-0.3574942946434021,-0.3574942946434021,-0.3557068231701851,1.0,0,0.1092570349574089,0.16944999992847443,0.03277711197733879,0.050835020840168,-0.3216552138328552,-0.016204122453927994,1,0.0045406315,0.032076843,0.011655513,-0.019962171,0.009709553,-0.07345706,-0.109257035,-0.01997669,-0.05854124,-0.051368,0.055876583,0.010728255,-0.13462448,0.85017174,-1.7309934,-0.16243276,0.91851944,-1.6812271,0.010623656,0.9051342,-1.7751302,0.1205654,0.7537313,-1.7194078,-0.13326229,0.8597948,-1.7274967,-0.16842142,0.9214323,-1.7032642,-0.022153456,0.8991412,-1.7926925,0.105155,0.7704943,-1.7161893
601,12.035114765167236,0.0,0.0,0.0,-0.3581341505050659,-0.3581341505050659,-0.3563434797525406,1.0,0,0.11903420835733414,0.18162676692008972,0.03571026399731636,0.05448802560567856,-0.32990244030952454,-0.014743300154805183,1,-0.006049576,0.035553582,0.015119308,-0.027824014,0.0091443965,-0.07012154,-0.11903421,-0.018370537,-0.064213745,-0.060659613,0.057630826,0.007299091,-0.13809875,0.85100216,-1.7260028,-0.1610509,0.9188097,-1.6787981,0.00942494,0.9024556,-1.775901,0.12113011,0.75097156,-1.7166933,-0.13991362,0.8616682,-1.721467,-0.1693981,0.921553,-1.6998346,-0.026285324,0.89694446,-1.7951651,0.10293222,0.7682608,-1.7145035
602,12.053156614303589,0.0,0.0,0.0,-0.3582730293273926,-0.3582730293273926,-0.3564816641807556,1.0,0,0.12329848110675812,0.18672654032707214,0.036989547312259674,0.05601796880364418,-0.3378238081932068,-0.014295571483671665,1,-0.011871728,0.039639175,0.01310954,-0.029209591,0.010915453,-0.06837141,-0.12329848,-0.01573006,-0.064751945,-0.06295014,0.060810436,0.005687364,-0.14093041,0.8499064,-1.7242403,-0.15794316,0.9180676,-1.6685762,0.00850147,0.901882,-1.7750357,0.11980697,0.7481311,-1.7135922,-0.14449193,0.86179817,-1.7203075,-0.16670604,0.9213422,-1.6890876,-0.028488077,0.897163,-1.7944614,0.10092193,0.76637423,-1.7118859
603,12.074895143508911,0.0,0.0,0.0,-0.35869526863098145,-0.35869526863098145,-0.35690179228782654,1.0,0,0.1249387189745903,0.19282948970794678,0.03748161718249321,0.05784887820482254,-0.34783655405044556,-0.014789345674216747,1,-0.016758034,0.043593794,0.0090875905,-0.040307615,0.012219275,-0.063229606,-0.12493872,-0.016849365,-0.06967387,-0.067620546,0.061648063,0.005130677,-0.14238784,0.8507396,-1.7258229,-0.15729113,0.9166455,-1.6593394,0.008305766,0.901356,-1.772659,0.11823924,0.7456101,-1.7119997,-0.14741525,0.86381775,-1.7230966,-0.1693834,0.92031133,-1.6783084,-0.029175851,0.89630115,-1.7935611,0.09795307,0.76410455,-1.7104604
604,12.095245599746704,0.0,0.0,0.0,-0.35922369360923767,-0.35922369360923767,-0.3574275751411915,1.0,0,0.12835060060024261,0.20078496634960175,0.038505181670188904,0.06023549661040306,-0.3572149872779846,-0.014460532926023006,1,-0.017960373,0.051044457,0.01087552,-0.036480237,0.01791217,-0.06398982,-0.1283506,-0.014204926,-0.06920939,-0.076701835,0.064547464,0.0025925182,-0.14091103,0.85110015,-1.7206768,-0.15852553,0.9185057,-1.6502888,0.0071843565,0.89656043,-1.7710198,0.114721656,0.7417743,-1.7069641,-0.14629914,0.8664135,-1.7174141,-0.1694696,0.9238794,-1.6694858,-0.031320825,0.89229894,-1.7917826,0.091711104,0.76113856,-1.7061864
605,12.11717438697815,0.0,0.0,0.0,-0.3606165647506714,-0.3606165647506714,-0.35881348192691803,1.0,0,0.13451343774795532,0.21526741981506348,0.040354032069444656,0.06458021700382233,-0.3691520690917969,-0.013013930059969425,1,-0.024908902,0.05770972,0.017005008,-0.044479493,0.021089418,-0.06416258,-0.13451344,-0.012382016,-0.07384815,-0.086108305,0.06666807,2.0004809e-05,-0.14293152,0.8511733,-1.7141082,-0.15766865,0.9200801,-1.6467288,0.00421267,0.89310396,-1.772519,0.113520354,0.7402032,-1.7029392,-0.15040419,0.8684862,-1.7090067,-0.17101249,0.926407,-1.6659775,-0.036141362,0.88938934,-1.7946734,0.087687865,0.7602036,-1.7029332
606,12.133846044540405,0.0,0.0,0.0,-0.36185508966445923,-0.36185508966445923,-0.3600458142161369,1.0,0,0.1415342539548874,0.2249635010957718,0.042460277676582336,0.06748908758163452,-0.37860649824142456,-0.012046032585203648,1,-0.032215,0.061267808,0.014096905,-0.043269344,0.023343477,-0.06308818,-0.14153425,-0.00683432,-0.07494074,-0.092778,0.07011673,-0.0014681178,-0.1474422,0.8505999,-1.7057635,-0.15334395,0.9199083,-1.640358,0.0014531016,0.891486,-1.7714591,0.115135565,0.7370981,-1.6975261,-0.15710671,0.8689802,-1.7015344,-0.16632475,0.92691135,-1.6592845,-0.041007176,0.8894357,-1.7939414,0.08730216,0.7581331,-1.6979666
607,12.153949737548828,0.0,0.0,0.0,-0.36381715536117554,-0.36381715536117554,-0.36199806958436964,1.0,0,0.14946714043617249,0.24304941296577454,0.044840142130851746,0.07291479408740997,-0.3913766145706177,-0.011243042536079884,1,-0.04286821,0.06863502,0.011507595,-0.056483667,0.028026618,-0.05777987,-0.14946714,-0.0031581994,-0.08017121,-0.10356729,0.07451442,-0.0046178503,-0.15148157,0.8504547,-1.7027191,-0.15060371,0.9191601,-1.6314089,-0.00020625442,0.89131093,-1.7705984,0.1134662,0.73255354,-1.6943948,-0.16434203,0.8710452,-1.6992668,-0.1675488,0.92756814,-1.6487429,-0.045046397,0.89036345,-1.7946497,0.082396016,0.75490785,-1.6957802
608,12.174317836761475,0.0,0.0,0.0,-0.3667682409286499,-0.3667682409286499,-0.36493439972400665,1.0,0,0.15492789447307587,0.26042547821998596,0.04647836834192276,0.07812762260437012,-0.40787991881370544,-0.011002685874700546,1,-0.051058095,0.079355694,0.013095453,-0.06706626,0.038586494,-0.04808593,-0.1549279,0.0004646181,-0.084143214,-0.115862526,0.07654898,-0.008933071,-0.15187158,0.85008454,-1.6979576,-0.15024355,0.91946214,-1.6159312,-0.0015827343,0.88761604,-1.7689427,0.108993895,0.72546345,-1.6882759,-0.167189,0.87389123,-1.694029,-0.17036343,0.9310381,-1.6303569,-0.048061103,0.8877554,-1.7941856,0.07423514,0.74842817,-1.6909559
609,12.195001363754272,0.0,0.0,0.0,-0.3694949448108673,-0.3694949448108673,-0.367647470086813,1.0,0,0.15855862200260162,0.27865585684776306,0.04756758734583855,0.08359676599502563,-0.4223059415817261,-0.010805646888911724,1,-0.059476595,0.08947941,0.011188651,-0.08324689,0.04621982,-0.03916409,-0.15855862,-8.955598e-06,-0.090744466,-0.12543863,0.07825602,-0.012061576,-0.15188216,0.8506665,-1.6952008,-0.1521101,0.9202707,-1.604802,-0.0040483177,0.88412625,-1.7674361,0.104863815,0.7211065,-1.6833428,-0.16972513,0.87751037,-1.6918442,-0.17708416,0.9341366,-1.6165513,-0.051615905,0.88412356,-1.7946595,0.06723222,0.7445833,-1.6869613
610,12.214251041412354,0.0,0.0,0.0,-0.3735038936138153,-0.3735038936138153,-0.37163637414574624,1.0,0,0.16312697529792786,0.297906756401062,0.048938095569610596,0.08937205374240875,-0.4378727376461029,-0.009599021635949612,1,-0.06834564,0.10081182,0.0119766025,-0.08561334,0.056782015,-0.036381636,-0.16312698,0.008913631,-0.09155891,-0.13910764,0.08490182,-0.016162798,-0.15139358,0.85003346,-1.6865318,-0.151752,0.9242253,-1.5939744,-0.0060675666,0.88004965,-1.7653707,0.1027282,0.7172268,-1.6758804,-0.17189728,0.88027704,-1.6829388,-0.177436,0.94125986,-1.6048888,-0.055005662,0.88272375,-1.7928385,0.060995907,0.74269736,-1.6807293
611,12.234868288040161,0.0,0.0,0.0,-0.378803551197052,-0.378803551197052,-0.37690953344106676,1.0,0,0.16450120508670807,0.31726089119911194,0.04935036227107048,0.09517829120159149,-0.4554763734340668,-0.007649403531104326,1,-0.08221221,0.10971934,0.018591262,-0.093746215,0.06666894,-0.034703005,-0.1645012,0.018246176,-0.09165426,-0.15052004,0.09100796,-0.018478349,-0.15724128,0.850195,-1.6765063,-0.14791223,0.92480695,-1.5834992,-0.01054056,0.8763664,-1.7654464,0.10026319,0.71137017,-1.6675005,-0.18190494,0.8831108,-1.670929,-0.1760361,0.94480765,-1.5939101,-0.059890922,0.8818402,-1.7929428,0.05510718,0.73867255,-1.673044
612,12.254977226257324,0.0,0.0,0.0,-0.389340877532959,-0.389340877532959,-0.3873941731452942,1.0,0,0.17749056220054626,0.35982879996299744,0.05324716866016388,0.10794864594936371,-0.4753340482711792,-0.006291238125413656,1,-0.10562008,0.12136543,0.021663804,-0.11789617,0.088035665,-0.011369667,-0.17749056,0.028408743,-0.10060189,-0.16968048,0.09657158,-0.028195282,-0.16247353,0.8489661,-1.6659911,-0.14403701,0.92516416,-1.5688883,-0.013268933,0.8725321,-1.7635115,0.09754237,0.7034497,-1.6588064,-0.19415955,0.88537574,-1.6594919,-0.17940587,0.95157486,-1.5722992,-0.0665161,0.88105476,-1.7936921,0.046638224,0.7324212,-1.667265
613,12.274995803833008,0.0,0.0,0.0,-0.398898720741272,-0.398898720741272,-0.3969042271375656,1.0,0,0.18159480392932892,0.3945755064487457,0.054478444159030914,0.11837265640497208,-0.49708831310272217,-0.00580594502389431,1,-0.12431708,0.13481413,0.01613618,-0.14573207,0.11415828,0.016039513,-0.17551742,0.035056334,-0.10330404,-0.1815948,0.10150405,-0.03585886,-0.16635133,0.8484321,-1.6617905,-0.14348087,0.92462355,-1.5530943,-0.01460208,0.8689132,-1.7614446,0.093259156,0.69870895,-1.6522874,-0.20364645,0.8888764,-1.6569496,-0.18720049,0.958871,-1.5482824,-0.067257315,0.87943006,-1.7924358,0.03878071,0.7291602,-1.663045
614,12.293281078338623,0.0,0.0,0.0,-0.4093397557735443,-0.4093397557735443,-0.4072930569946766,1.0,0,0.19556662440299988,0.4308837950229645,0.05866998806595802,0.12926512956619263,-0.5180895328521729,-0.005568359512835741,1,-0.14619955,0.14643696,0.01780771,-0.15989539,0.13967901,0.039123785,-0.17622447,0.043620057,-0.10449852,-0.19556662,0.10757015,-0.04714727,-0.16744882,0.8478105,-1.6517547,-0.14320152,0.92535126,-1.55,-0.016429871,0.86308753,-1.7559571,0.086471826,0.6926683,-1.6415854,-0.21130869,0.8917416,-1.6464124,-0.19117013,0.967255,-1.5382628,-0.06929721,0.87617356,-1.7873067,0.027801838,0.72493935,-1.6557295
615,12.314376831054688,0.0,0.0,0.0,-0.4254266619682312,-0.4254266619682312,-0.42329952865839005,1.0,0,0.2104312777519226,0.47732898592948914,0.06312938779592514,0.14319869875907898,-0.5426914691925049,-0.004737711977213621,1,-0.17226028,0.15924175,0.030399185,-0.18050025,0.16981195,0.062449317,-0.17385127,0.055435088,-0.100774914,-0.21043128,0.121674426,-0.06349855,-0.17455927,0.8465972,-1.6377355,-0.13773042,0.92762697,-1.55,-0.018743634,0.85980475,-1.7546132,0.08470117,0.69170296,-1.6317933,-0.22623736,0.8943697,-1.6286157,-0.1918805,0.9785706,-1.5312651,-0.07089902,0.8764353,-1.7848456,0.021571785,0.72820526,-1.6508428
616,12.334693193435669,0.0,0.0,0.0,-0.4491516649723053,-0.4491516649723053,-0.4469059066474438,1.0,0,0.2300143539905548,0.538225531578064,0.06900431215763092,0.16146765649318695,-0.57801353931427,-0.004319655243307352,1,-0.20453852,0.16849232,0.055968706,-0.19380134,0.19684136,0.10196425,-0.19005474,0.064091876,-0.10415572,-0.23001435,0.13199866,-0.09065937,-0.18356201,0.8476298,-1.6183355,-0.13142495,0.92768097,-1.55,-0.02452457,0.8555818,-1.7557464,0.08164501,0.68588877,-1.618455,-0.24492356,0.8981775,-1.6015449,-0.18956536,0.9867334,-1.5194107,-0.081540994,0.8748094,-1.786993,0.0126407,0.72548836,-1.6456529
617,12.35461163520813,0.0,0.0,0.0,-0.48319241404533386,-0.48319241404533386,-0.4807764519751072,1.0,0,0.25359904766082764,0.6146032810211182,0.07450222969055176,0.18297922611236572,-0.6128666400909424,-0.005137116182595491,1,-0.22221509,0.1808922,0.054207083,-0.24382626,0.25359905,0.15277897,-0.20546608,0.040515352,-0.11230838,-0.24834076,0.1212047,-0.11294863,-0.19064373,0.8486109,-1.6075875,-0.12621808,0.92738336,-1.55,-0.027362563,0.8518359,-1.750398,0.0750912,0.6769539,-1.6077996,-0.25730824,0.9028785,-1.5913253,-0.19936596,1.0,-1.5041662,-0.089002386,0.8639905,-1.7840905,0.0005889684,0.7133153,-1.6416843
618,12.374367713928223,0.0,0.0,0.0,-0.5169886350631714,-0.5169886350631714,-0.5144036918878555,1.0,0,0.28620806336402893,0.6696531176567078,0.0812935009598732,0.1941218376159668,-0.6500148177146912,-0.006026540882885456,1,-0.23488398,0.18658312,0.053161506,-0.27097833,0.28620806,0.193745,-0.22680348,0.0019447706,-0.12415751,-0.2648611,0.09200819,-0.13140903,-0.19343817,0.8510321,-1.5906465,-0.124109276,0.93146926,-1.55,-0.027973257,0.84512,-1.7446915,0.06549722,0.66979533,-1.5925269,-0.26390338,0.90700704,-1.5746981,-0.20540278,1.0,-1.4918765,-0.096014306,0.8457034,-1.7819388,-0.013961114,0.69739777,-1.6319497
619,12.394077062606812,0.0,0.0,0.0,-0.5638154745101929,-0.5638154745101929,-0.5609963971376419,1.0,0,0.3137914538383484,0.7292604446411133,0.08720853179693222,0.20673500001430511,-0.6931699514389038,-0.004993135575205088,1,-0.2524152,0.19933216,0.095579624,-0.28226852,0.31379145,0.21449532,-0.261235,-0.036499415,-0.11536799,-0.2906951,0.06840877,-0.15172529,-0.19816287,0.849294,-1.5687095,-0.11762269,0.9388661,-1.55,-0.030656315,0.83765745,-1.7425528,0.058797967,0.66417307,-1.5747367,-0.27388743,0.9090937,-1.5400356,-0.20230325,1.0,-1.4856514,-0.10902682,0.8267076,-1.7771631,-0.028410565,0.6846957,-1.6202543
620,12.41465973854065,0.0,0.0,0.0,-0.631572425365448,-0.631572425365448,-0.6284145632386208,1.0,0,0.31944650411605835,0.8117908239364624,0.09538188576698303,0.2311311513185501,-0.7390416860580444,-0.002378698205575347,1,-0.29375166,0.20988175,0.1554842,-0.30797896,0.3194465,0.242237,-0.31376407,-0.0927221,-0.11904196,-0.3179396,0.04034656,-0.15806022,-0.21320261,0.8529974,-1.55,-0.105569534,0.9425948,-1.55,-0.03587068,0.82843256,-1.7429284,0.0540917,0.6603974,-1.5541538,-0.30132812,0.915962,-1.5033547,-0.19796322,1.0,-1.4773289,-0.1299999,0.8006159,-1.778641,-0.041290186,0.6725014,-1.6015719
621,12.434577226638794,0.0,0.0,0.0,-0.7304912805557251,-0.7304912805557251,-0.7268388241529464,1.0,0,0.37963634729385376,0.9405921697616577,0.11389090865850449,0.27087533473968506,-0.7885005474090576,0.001308345585130155,1,-0.35615757,0.21976478,0.22921678,-0.35821438,0.31802687,0.29759714,-0.37963635,-0.17447472,-0.12731065,-0.35901096,0.009424562,-0.13876238,-0.22330818,0.8560784,-1.55,-0.09680841,0.94659686,-1.55,-0.03843824,0.817397,-1.7425913,0.04819706,0.65,-1.55,-0.33015546,0.9220078,-1.4812349,-0.20427273,1.0,-1.4607208,-0.15232915,0.7650546,-1.7807845,-0.05950623,0.6528273,-1.5916287
