step,time,cmd_vx,cmd_vy,cmd_wz,V_hat,Q_val,threshold,alpha,n_iters,filtered_abs_max,filtered_norm,delta_target_abs_max,delta_target_norm,roll,pitch,active,filtered_pb_0,filtered_pb_1,filtered_pb_2,filtered_pb_3,filtered_pb_4,filtered_pb_5,filtered_pb_6,filtered_pb_7,filtered_pb_8,filtered_pb_9,filtered_pb_10,filtered_pb_11,walk_target_pb_0,walk_target_pb_1,walk_target_pb_2,walk_target_pb_3,walk_target_pb_4,walk_target_pb_5,walk_target_pb_6,walk_target_pb_7,walk_target_pb_8,walk_target_pb_9,walk_target_pb_10,walk_target_pb_11,action_pb_0,action_pb_1,action_pb_2,action_pb_3,action_pb_4,action_pb_5,action_pb_6,action_pb_7,action_pb_8,action_pb_9,action_pb_10,action_pb_11
0,0.015805482864379883,0.0,0.0,0.0,-0.3344765305519104,-0.3344765305519104,-0.3311317652463913,1.0,0,0.23579098284244537,0.3309934437274933,0.07073729485273361,0.09929800778627396,0.001161833992227912,-0.10396727919578552,1,0.109133326,-0.08112129,-0.054326277,0.013074308,-0.037506804,-0.103653826,0.061454594,-0.055299465,-0.008571244,0.23579098,-0.03227827,0.11065854,-0.026180625,0.9783932,-1.9802793,0.002674967,0.9383004,-1.9166063,0.022122785,0.9892111,-1.9438757,0.011310302,0.92847425,-1.9413244,0.0065593757,0.9540568,-1.9965773,0.0065972595,0.9270483,-1.9477024,0.040559165,0.97262126,-1.946447,0.0820476,0.91879076,-1.9081268
1,0.03458714485168457,0.0,0.0,0.0,-0.34123945236206055,-0.34123945236206055,-0.3378270578384399,1.0,0,0.16806058585643768,0.2855042815208435,0.0504181794822216,0.08565130084753036,-0.0019274315563961864,-0.11115506291389465,1,0.12730995,-0.0863895,-0.05152411,0.06601948,-0.032376908,-0.07954439,0.005097461,-0.062391877,-0.034461565,0.16806059,-0.046421427,0.0891471,-0.004407458,0.95628184,-1.9402382,-0.005546823,0.9045768,-1.9046285,0.023587435,0.9619769,-1.9026096,-0.003785178,0.90171844,-1.9198768,0.03378553,0.93036497,-1.9556955,0.014259022,0.8948637,-1.9284918,0.025116675,0.9432593,-1.912948,0.046633,0.887792,-1.8931327
2,0.05490469932556152,0.0,0.0,0.0,-0.3358718156814575,-0.3358718156814575,-0.3325130975246429,1.0,0,0.16136521100997925,0.2097225785255432,0.04840958118438721,0.06291680783033371,-0.022639119997620583,-0.1010107696056366,1,0.052206386,-0.028979005,-0.03465959,0.02340429,-0.020040663,-0.16136521,0.007405056,0.008452862,0.049908455,0.08719797,0.022939565,0.03849696,-0.012047194,0.9533697,-1.9514325,0.0075084195,0.8925782,-1.9307631,0.02251432,0.95729256,-1.931479,-0.01567354,0.9334442,-1.9212887,0.0036147218,0.944676,-1.9618304,0.014529707,0.886566,-1.9791727,0.024735838,0.95982844,-1.9165064,0.01048585,0.9403261,-1.9097396
3,0.08276867866516113,0.0,0.0,0.0,-0.3347170948982239,-0.3347170948982239,-0.33136992394924164,1.0,0,0.1066942811012268,0.17127755284309387,0.03200817108154297,0.05138319730758667,-0.028934868052601814,-0.06811247766017914,1,0.051591594,-0.052030046,-0.03828727,-0.0084165735,-0.044037364,-0.10669428,-0.01683993,-0.041397654,-0.039912906,0.05351227,0.044877645,-0.025288584,-0.015490383,0.9645859,-1.9671746,-0.0098852515,0.9413595,-1.9868853,0.059754696,0.96680623,-1.989888,0.0054147243,0.94610715,-1.9747158,-1.2904406e-05,0.9489769,-1.9786608,-0.0124102235,0.9281483,-2.0188935,0.054702718,0.95438695,-2.0018618,0.021468407,0.95957047,-1.9823024
4,0.09489631652832031,0.0,0.0,0.0,-0.3339386582374573,-0.3339386582374573,-0.3305992716550827,1.0,0,0.16313128173351288,0.2887006998062134,0.04893938824534416,0.08661016076803207,-0.02265872433781624,-0.07430455833673477,1,0.10232966,-0.0974846,-0.047024943,-0.0105855735,-0.032460373,-0.098682836,0.06856376,-0.06470647,-0.027841374,0.16313128,-0.043039814,0.11013997,0.010453105,1.0081203,-1.9878306,0.008880496,0.8664245,-1.9180506,0.040009275,0.9484891,-1.9467498,0.004410967,0.84802604,-1.887957,0.041152,0.9788749,-2.001938,0.005704824,0.8566864,-1.9476554,0.060578406,0.9290772,-1.9551022,0.053350355,0.8351141,-1.854915
5,0.1150672435760498,0.0,0.0,0.0,-0.3452681005001068,-0.3452681005001068,-0.34181541949510574,1.0,0,0.2014818787574768,0.3485810160636902,0.06044456735253334,0.10457431524991989,-0.02279774658381939,-0.09265981614589691,1,0.1559843,-0.0939031,-0.028459497,0.018581338,-0.011115898,-0.06640698,0.07477949,-0.1060843,-0.05360713,0.20148188,-0.078664795,0.12715538,0.009684607,1.0058632,-2.0131204,0.0010507703,0.85828274,-1.8831804,0.034623384,0.94066346,-1.9468728,-0.0011233985,0.8478596,-1.8425843,0.056479897,0.97769225,-2.0216582,0.0066251718,0.854948,-1.9031025,0.05705723,0.90883815,-1.962955,0.05932117,0.8242602,-1.8044376
6,0.13466143608093262,0.0,0.0,0.0,-0.33598846197128296,-0.33598846197128296,-0.33262857735157014,1.0,0,0.13094618916511536,0.22453664243221283,0.03928385674953461,0.06736093759536743,-0.0380864143371582,-0.08631060272455215,1,0.054849643,-0.05052666,-0.03906672,0.029613009,-0.044781636,-0.12634884,0.028993709,-0.031960867,0.02693662,0.13094619,0.0060391845,0.06864125,-0.017109394,1.0062584,-2.0075116,0.0062066317,0.8633327,-1.910818,0.031237744,0.95653,-1.9886773,-0.0031255558,0.86388224,-1.8519758,-0.0006545,0.9911004,-2.0192316,0.015090534,0.8498982,-1.9487226,0.039935857,0.94694173,-1.9805963,0.0361583,0.865694,-1.8313835
7,0.15479016304016113,0.0,0.0,0.0,-0.3327297270298004,-0.3327297270298004,-0.3294024297595024,1.0,0,0.13672898709774017,0.193192720413208,0.04101872444152832,0.057957857847213745,-0.043171193450689316,-0.061904970556497574,1,0.038087886,-0.05422718,-0.039124098,0.030970495,-0.024342952,-0.13672899,-0.017039325,0.012432128,0.059216656,0.067050345,0.01848733,0.04864001,-0.014244646,1.0110748,-1.9667681,0.0063302442,0.8809907,-1.953414,0.053898357,0.9726739,-1.9776845,0.01102484,0.88759357,-1.8876336,-0.00281828,0.99480665,-1.9785054,0.015621393,0.8736878,-1.9944327,0.04878656,0.97640353,-1.9599195,0.031139944,0.8931398,-1.8730415
8,0.17491626739501953,0.0,0.0,0.0,-0.33536791801452637,-0.33536791801452637,-0.3320142388343811,1.0,0,0.1053130254149437,0.16539305448532104,0.031593918800354004,0.0496179424226284,-0.03701871261000633,-0.04530889913439751,1,0.04663908,-0.06345133,-0.022077413,0.004621702,-0.025631258,-0.105313025,0.003910804,-0.020931104,0.027821377,0.06140549,0.0069362023,0.06205515,0.012623653,1.0187474,-1.9652663,0.008357517,0.8660166,-1.9472375,0.06020113,0.9535505,-1.9556363,0.020938903,0.8630339,-1.8811467,0.026615378,0.99971205,-1.9718896,0.009744028,0.85832727,-1.9788314,0.061374374,0.94727117,-1.9472898,0.039360553,0.86511475,-1.8625301
9,0.19526195526123047,0.0,0.0,0.0,-0.34141814708709717,-0.34141814708709717,-0.3380039656162262,1.0,0,0.09546985477209091,0.17593125998973846,0.04454755783081055,0.06741684675216675,-0.042968686670064926,-0.04455377534031868,1,0.06915907,-0.050013196,-0.036618963,0.004683626,-0.010360434,-0.095469855,0.0046508005,-0.08964638,-0.045692116,0.05116279,0.016592331,-0.0066320957,0.011484057,1.0445476,-1.9761848,-0.017008938,0.8572858,-1.915075,0.051918052,0.94379044,-1.9478348,0.0003793016,0.819182,-1.8720906,0.032231778,1.0,-1.9871706,-0.01560385,0.85417765,-1.9437159,0.053313293,0.9168965,-1.9615425,0.015728138,0.8241597,-1.8740802
10,0.21502923965454102,0.0,0.0,0.0,-0.3420408368110657,-0.3420408368110657,-0.33862042844295503,1.0,0,0.09270118921995163,0.18535098433494568,0.04701352119445801,0.07050351053476334,-0.05246170610189438,-0.05012194439768791,1,0.065065,-0.06068867,-0.038286082,-0.010916793,-0.009921024,-0.07206266,0.008847915,-0.09270119,-0.065892786,0.079541996,0.014677687,0.0024384737,0.012061305,1.0470135,-1.997173,-0.047648955,0.87405676,-1.8911594,0.042450435,0.9541471,-1.9647624,-0.0144274235,0.80970657,-1.8540584,0.031580806,1.0,-2.008659,-0.050923992,0.87108046,-1.9127783,0.04510481,0.92633677,-1.9845303,0.009435177,0.81410986,-1.8533268
11,0.23497581481933594,0.0,0.0,0.0,-0.33761411905288696,-0.33761411905288696,-0.3342379778623581,1.0,0,0.09729845076799393,0.20362591743469238,0.04912376403808594,0.07522203773260117,-0.047014251351356506,-0.04746832698583603,1,0.054636624,-0.0735227,-0.024192488,-0.0031791795,-0.03394289,-0.09228844,0.032626722,-0.050860032,-0.006972651,0.09729845,-0.018680789,0.0963965,0.006394103,1.0491238,-1.9986107,-0.035568975,0.8814713,-1.9011512,0.046784177,0.9576522,-1.9665524,-0.0071518645,0.820891,-1.848656,0.022785092,1.0,-2.0058684,-0.036522727,0.8712884,-1.9288377,0.056572195,0.9423942,-1.9686441,0.022037672,0.8152868,-1.8197371
12,0.2546200752258301,0.0,0.0,0.0,-0.3329445421695709,-0.3329445421695709,-0.3296150967478752,1.0,0,0.12130274623632431,0.2104695439338684,0.049382805824279785,0.07813705503940582,-0.04308003932237625,-0.03512071818113327,1,0.062292498,-0.059631217,-0.019357774,0.028854312,-0.03160985,-0.121302746,0.04156527,-0.029429296,0.034747563,0.09577149,-0.007039812,0.08317134,0.00030886382,1.0493828,-1.9877632,-0.035249658,0.8965532,-1.9303637,0.045436174,0.9548869,-1.9533855,0.0031895787,0.8397467,-1.8620789,0.018996613,1.0,-1.9935704,-0.026593365,0.88707024,-1.9667544,0.057905756,0.94605815,-1.9429612,0.03192103,0.83763474,-1.8371274
13,0.27498626708984375,0.0,0.0,0.0,-0.3399982452392578,-0.3399982452392578,-0.3365982627868652,1.0,0,0.1002776101231575,0.15878714621067047,0.03902280330657959,0.060617975890636444,-0.05486015975475311,-0.024360012263059616,1,0.011936795,-0.03612409,-0.014972694,0.038970232,-0.018520502,-0.10027761,-0.03730927,-0.054703385,-0.0060723866,0.003605065,0.058306776,-0.061566703,-0.004967943,1.0390228,-1.9731183,-0.043963272,0.8914127,-1.9334157,0.0356595,0.95956856,-1.9519298,-0.00019007921,0.83113825,-1.8734331,-0.0013869042,1.0,-1.9776101,-0.0322722,0.8858565,-1.963499,0.024466718,0.94315755,-1.9537516,0.0008914403,0.8486303,-1.8919032
14,0.294996976852417,0.0,0.0,0.0,-0.34589189291000366,-0.34589189291000366,-0.3424329739809036,1.0,0,0.07696517556905746,0.1553809940814972,0.03698992729187012,0.056229665875434875,-0.05988237261772156,-0.025379449129104614,1,0.025530051,-0.06492507,-0.036377814,0.008926159,-0.023665708,-0.05113542,-0.037816744,-0.076965176,-0.047649946,0.053124826,0.03783686,-0.02863827,-0.015908323,1.0369899,-1.9771132,-0.037476063,0.8713126,-1.917554,0.026233703,0.96929383,-1.9554205,-0.0013768971,0.82471025,-1.8667752,-0.008249307,1.0,-1.9880266,-0.034798216,0.86421293,-1.9328947,0.01488868,0.9462043,-1.9697155,0.014560552,0.8360613,-1.8753667
15,0.3163719177246094,0.0,0.0,0.0,-0.35055094957351685,-0.35055094957351685,-0.34704544007778165,1.0,0,0.07720262557268143,0.1810915619134903,0.041521310806274414,0.06433558464050293,-0.039884161204099655,-0.030059881508350372,1,0.070852384,-0.077202626,-0.057115667,0.012405055,-0.025145318,-0.057252433,-0.019070456,-0.06934641,-0.057943765,0.072862625,0.024863344,0.0055135787,-0.018398434,1.0415213,-1.9988053,-0.015244618,0.86728644,-1.9108427,0.028908,0.977315,-1.9568864,0.015732102,0.83481675,-1.8511038,0.0028572828,1.0,-2.01594,-0.0115231015,0.8597428,-1.9280183,0.023186862,0.9565111,-1.9742695,0.03759089,0.84227574,-1.8494498
16,0.3333561420440674,0.0,0.0,0.0,-0.3444820046424866,-0.3444820046424866,-0.3410371845960617,1.0,0,0.09447340667247772,0.15817314386367798,0.05148577690124512,0.06870288401842117,-0.03706808388233185,-0.02640714682638645,1,0.037804425,-0.04501661,-0.028143577,0.038757604,-0.023576556,-0.09447341,-0.019040018,-0.061062403,-0.019506663,0.04780186,0.047695477,-0.027500171,-0.014466397,1.0514858,-2.002136,-0.02866567,0.8875068,-1.9262408,0.028569214,0.97216773,-1.9496715,0.008425988,0.8489854,-1.8560017,-0.0031250697,1.0,-2.010579,-0.017038388,0.8804338,-1.9545828,0.022857208,0.953849,-1.9555235,0.022766545,0.863294,-1.8642517
17,0.3546626567840576,0.0,0.0,0.0,-0.33961355686187744,-0.33961355686187744,-0.33621742129325866,1.0,0,0.1185116320848465,0.1606431007385254,0.04638683795928955,0.06661687046289444,-0.05072646960616112,-0.0149116525426507,1,0.018580223,-0.020134969,-0.0028738957,0.036043953,-0.010016956,-0.11851163,-0.02510021,-0.06141339,-0.00044531364,0.0004901288,0.042627785,-0.058168713,-0.01890368,1.0463868,-1.971705,-0.05017006,0.8955016,-1.9335873,0.023488425,0.97098047,-1.9517368,-0.0066234767,0.8467176,-1.8801463,-0.013329613,1.0,-1.9725671,-0.039356872,0.8924965,-1.9691408,0.015958361,0.95255643,-1.9518704,-0.006476438,0.85950595,-1.8975968
18,0.37695765495300293,0.0,0.0,0.0,-0.3462867736816406,-0.3462867736816406,-0.3428239059448242,1.0,0,0.0874403715133667,0.1429215967655182,0.05448031425476074,0.06848981976509094,-0.049242280423641205,-0.009412440471351147,1,0.037218384,-0.03584546,-0.015735345,0.015873281,-0.0140325595,-0.08744037,-0.02529615,-0.07394591,-0.027792744,0.01684728,0.03210055,-0.034922443,-0.016913123,1.0544803,-1.9650471,-0.05115225,0.90325576,-1.9349774,0.032901615,0.97128224,-1.9595743,-0.00567431,0.84372187,-1.8852687,-0.005747608,1.0,-1.9697677,-0.046390265,0.899046,-1.9612095,0.02531277,0.94909847,-1.9679122,-0.0006201258,0.853352,-1.8957454
19,0.3945591449737549,0.0,0.0,0.0,-0.3490460216999054,-0.3490460216999054,-0.34555556148290634,1.0,0,0.09035602957010269,0.1942441463470459,0.06808245182037354,0.08737988770008087,-0.03655907139182091,-0.014735876582562923,1,0.079153724,-0.0663115,-0.052593794,0.010253021,-0.017789839,-0.070501514,-0.0076532923,-0.09035603,-0.058938716,0.08385068,0.0049220743,0.012584375,-0.016058132,1.0680825,-1.9954127,-0.03593541,0.8991085,-1.9345763,0.03487187,0.97354716,-1.9573569,0.004809737,0.85667384,-1.8628907,0.007687986,1.0,-2.011191,-0.032859504,0.8937716,-1.9557267,0.032575883,0.94644034,-1.9750385,0.029964942,0.8581505,-1.8591154
20,0.41509199142456055,0.0,0.0,0.0,-0.34521085023880005,-0.34521085023880005,-0.341758741736412,1.0,0,0.09661474078893661,0.1903768926858902,0.06550824642181396,0.08516856282949448,-0.03417642042040825,-0.01882685162127018,1,0.06332868,-0.057691816,-0.041305903,0.041377146,-0.018634891,-0.07957727,-0.0071560037,-0.086682245,-0.04025938,0.09661474,0.016876053,0.0011831127,-0.014988534,1.0655082,-2.005169,-0.03686992,0.8884164,-1.9184937,0.021899775,0.97842973,-1.9549856,-0.0018365979,0.85871464,-1.8594645,0.004010072,1.0,-2.0175607,-0.024456777,0.882826,-1.942367,0.019752974,0.95242506,-1.9670634,0.027147826,0.86377746,-1.8591096
21,0.43680763244628906,0.0,0.0,0.0,-0.34119027853012085,-0.34119027853012085,-0.3377783757448196,1.0,0,0.1051499992609024,0.1653529852628708,0.057065725326538086,0.07500095665454865,-0.04692579805850983,-0.01121370680630207,1,0.016295947,-0.03198987,-0.012931875,0.05606281,-0.020308528,-0.10515,-0.035110693,-0.06222493,0.0019789832,0.03693765,0.048277866,-0.04969617,-0.026233017,1.0570657,-1.985161,-0.042460226,0.89069504,-1.9256787,0.017146528,0.9855175,-1.962783,-0.0013045594,0.8779392,-1.8857161,-0.021344233,1.0,-1.9890405,-0.025641382,0.8846025,-1.9572238,0.0066133197,0.96685004,-1.9621893,0.009776736,0.89242256,-1.900625
22,0.45417284965515137,0.0,0.0,0.0,-0.3433321416378021,-0.3433321416378021,-0.3398988202214241,1.0,0,0.09450968354940414,0.15742352604866028,0.05352985858917236,0.07038064301013947,-0.04757484048604965,-0.00488324137404561,1,0.020725438,-0.03977774,-0.016067782,0.045000155,-0.026304204,-0.09450968,-0.04196576,-0.062237058,-0.0035334646,0.032632835,0.04451167,-0.046582423,-0.02951812,1.0535299,-1.9668148,-0.034332737,0.8970415,-1.9423087,0.0269306,0.9883108,-1.9637848,0.013386808,0.88912356,-1.9005758,-0.023300488,1.0,-1.9716351,-0.020832691,0.88915026,-1.9706615,0.014340872,0.9696397,-1.9648448,0.023176659,0.9024771,-1.9145505
23,0.47415757179260254,0.0,0.0,0.0,-0.3503209948539734,-0.3503209948539734,-0.34681778490543363,1.0,0,0.08313362300395966,0.17466826736927032,0.06158244609832764,0.0786924809217453,-0.034876707941293716,-0.005321399308741093,1,0.06291373,-0.061976954,-0.043274775,0.031933293,-0.020524012,-0.07080662,-0.021827966,-0.08313362,-0.038784508,0.07258622,0.013454921,-0.0063855085,-0.021786317,1.0615824,-1.9805001,-0.025856823,0.89429075,-1.9385768,0.030096926,0.9838383,-1.9579301,0.017222583,0.88296324,-1.8892097,-0.0029121973,1.0,-1.9934826,-0.016276835,0.8881335,-1.9598188,0.023548536,0.95889825,-1.9695654,0.03899845,0.8869997,-1.8911254
24,0.49347853660583496,0.0,0.0,0.0,-0.3450661897659302,-0.3450661897659302,-0.3416155278682709,1.0,0,0.11707361787557602,0.21916969120502472,0.07070267200469971,0.09483844041824341,-0.03037605807185173,-0.012372863478958607,1,0.08258098,-0.060344122,-0.044344667,0.025485585,-0.011810974,-0.07962974,0.006256034,-0.10542344,-0.057310972,0.11707362,-0.0057857954,0.017334016,-0.0187376,1.0707027,-2.0048697,-0.02974727,0.8874639,-1.9289047,0.026382081,0.9861839,-1.9601885,0.010626033,0.8850093,-1.8725467,0.006036697,1.0,-2.0181732,-0.022101594,0.8839206,-1.9527936,0.028258892,0.9545568,-1.9773818,0.04574812,0.88327354,-1.8673465
25,0.5143654346466064,0.0,0.0,0.0,-0.3408324718475342,-0.3408324718475342,-0.3374241471290588,1.0,0,0.09923682361841202,0.16954106092453003,0.06435370445251465,0.08140287548303604,-0.04011516273021698,-0.013519569300115108,1,0.03690417,-0.033657182,-0.019215949,0.05043706,-0.014127285,-0.09923682,-0.024126874,-0.08054832,-0.020271763,0.06517714,0.026427643,-0.029346367,-0.018457055,1.0643537,-1.9963471,-0.04696242,0.88919896,-1.9171095,0.02442,0.9854749,-1.9694917,0.0008533299,0.885065,-1.8865759,-0.0073858034,1.0,-2.002112,-0.0318313,0.8849608,-1.9468806,0.017181939,0.9613104,-1.9755733,0.020406473,0.89299333,-1.8953799
26,0.5406551361083984,0.0,0.0,0.0,-0.3417049050331116,-0.3417049050331116,-0.33828785598278044,1.0,0,0.09339043498039246,0.1571836769580841,0.06064867973327637,0.07608262449502945,-0.041254159063100815,-0.004913414362818003,1,0.0107194455,-0.03548138,-0.0065708994,0.04273764,-0.025719251,-0.093390435,-0.053132564,-0.06340317,-0.010804104,0.021086963,0.040557183,-0.055051196,-0.02348195,1.0606487,-1.9739144,-0.04356987,0.90154487,-1.9368448,0.031027138,0.9862734,-1.9765499,0.007455744,0.90335095,-1.9069384,-0.020266116,1.0,-1.9758856,-0.030748578,0.8938291,-1.964862,0.015087368,0.96725243,-1.979791,0.0137818325,0.9155181,-1.9234538
27,0.5529439449310303,0.0,0.0,0.0,-0.3466692268848419,-0.3466692268848419,-0.3432025346159935,1.0,0,0.08238082379102707,0.1726076751947403,0.0720529556274414,0.08701851218938828,-0.03338674083352089,-0.004420282784849405,1,0.058322586,-0.057813372,-0.039578818,0.027269501,-0.026421083,-0.082380824,-0.017680641,-0.07592109,-0.032477323,0.075426355,0.01991364,-0.0061350362,-0.021770753,1.072053,-1.9937932,-0.028590523,0.8963359,-1.9459982,0.03768515,0.9805494,-1.9684753,0.020160057,0.90547895,-1.8901017,-0.004273977,1.0,-2.005667,-0.020409672,0.88840955,-1.9707124,0.032380957,0.9577731,-1.9782186,0.04278796,0.91145307,-1.8919421
28,0.5761713981628418,0.0,0.0,0.0,-0.34333306550979614,-0.34333306550979614,-0.33989973485469815,1.0,0,0.11384974420070648,0.21448054909706116,0.06318008899688721,0.08841284364461899,-0.02693738043308258,-0.010958230122923851,1,0.079863705,-0.059166983,-0.046720203,0.035739094,-0.011592992,-0.08205786,0.0030616948,-0.10211279,-0.0474295,0.113849744,-0.0034166116,0.011645602,-0.018210866,1.0631801,-2.0054266,-0.028251454,0.8853163,-1.9276996,0.028339162,0.9844857,-1.9651189,0.020199336,0.89593405,-1.8798577,0.0057482477,1.0,-2.0194428,-0.017529726,0.88183844,-1.9523169,0.02925767,0.9538518,-1.9793477,0.05435426,0.8949091,-1.876364
29,0.5949180126190186,0.0,0.0,0.0,-0.3405699133872986,-0.3405699133872986,-0.3371642142534256,1.0,0,0.09895069152116776,0.18570327758789062,0.06158888339996338,0.08189103752374649,-0.0401003398001194,-0.0160063449293375,1,0.043227475,-0.046038773,-0.029371442,0.040344704,-0.01699367,-0.08278222,-0.015093383,-0.09326669,-0.036669705,0.09895069,0.02170495,-0.018220063,-0.018994048,1.0615889,-2.0090613,-0.040420014,0.8736117,-1.9105693,0.018989272,0.9914527,-1.9749377,0.0064457506,0.88904727,-1.8889974,-0.006025805,1.0,-2.0178728,-0.028316602,0.8685136,-1.935404,0.014461257,0.96347266,-1.9859385,0.036130957,0.8955588,-1.8944634
30,0.616013765335083,0.0,0.0,0.0,-0.34002649784088135,-0.34002649784088135,-0.3366262328624725,1.0,0,0.12115475535392761,0.19750209152698517,0.05839693546295166,0.08081825077533722,-0.0441536046564579,-0.012400015257298946,1,0.019027114,-0.065764725,-0.0072724456,0.026131865,-0.040262442,-0.090306565,0.006215744,-0.05653655,0.011063707,0.121154755,-0.020580366,0.0731334,-0.025812022,1.0583969,-1.9882843,-0.03748309,0.8829531,-1.929879,0.02807618,0.9876306,-1.982281,0.0094188675,0.9057011,-1.903863,-0.020103889,1.0,-1.9904661,-0.029643528,0.87087435,-1.9569709,0.029940903,0.9706696,-1.9789618,0.045765296,0.899527,-1.881923
31,0.633434534072876,0.0,0.0,0.0,-0.33944565057754517,-0.33944565057754517,-0.3360511940717697,1.0,0,0.12601535022258759,0.22897544503211975,0.06216788291931152,0.08985097706317902,-0.035250551998615265,-0.008310896344482899,1,0.05993545,-0.075301245,-0.02903147,0.028906187,-0.041678835,-0.098911524,0.033104535,-0.055410508,0.015323514,0.12601535,-0.025364146,0.0950997,-0.023591205,1.0621679,-1.993127,-0.024319872,0.89127386,-1.9459962,0.03498944,0.98684204,-1.9784278,0.02562362,0.9128974,-1.9053065,-0.0056105703,1.0,-2.0018365,-0.015648015,0.87877023,-1.9756696,0.044920802,0.9702189,-1.9738307,0.06342822,0.90528816,-1.8767766
32,0.6573696136474609,0.0,0.0,0.0,-0.34286797046661377,-0.34286797046661377,-0.3394392907619476,1.0,0,0.09542640298604965,0.17853665351867676,0.06237435340881348,0.08080609887838364,-0.03901868313550949,-0.012032062746584415,1,0.052532043,-0.05052153,-0.03047913,0.03122061,-0.015259012,-0.07655334,-0.018678134,-0.0954264,-0.04650515,0.079811424,0.016397368,-0.017601255,-0.012720995,1.0623744,-2.0045457,-0.03540293,0.8836113,-1.9327397,0.03198324,0.9789823,-1.9712396,0.015792333,0.8895587,-1.8930632,0.0030386187,1.0,-2.0136895,-0.026036747,0.8790336,-1.9557058,0.026379801,0.9503544,-1.9851911,0.03973576,0.8944779,-1.8983436
33,0.6748602390289307,0.0,0.0,0.0,-0.3407868444919586,-0.3407868444919586,-0.33737897604703904,1.0,0,0.09714007377624512,0.18140152096748352,0.05388534069061279,0.07510432600975037,-0.04885081574320793,-0.0175278689712286,1,0.045515195,-0.049951058,-0.031366765,0.021889053,-0.013000918,-0.07646546,-0.011344099,-0.097140074,-0.0479088,0.0922193,0.01634594,-0.015134375,-0.017371282,1.0538853,-2.0051792,-0.042780504,0.8666894,-1.906766,0.022617191,0.9845169,-1.9803658,0.005529225,0.8786967,-1.8948888,-0.003716723,1.0,-2.0145893,-0.036213785,0.8627891,-1.9297057,0.019213961,0.9553749,-1.9947383,0.03319502,0.8836005,-1.8994291
34,0.697340726852417,0.0,0.0,0.0,-0.34043532609939575,-0.34043532609939575,-0.3370309728384018,1.0,0,0.13697834312915802,0.23693419992923737,0.057750582695007324,0.08814207464456558,-0.04079755023121834,-0.017628652974963188,1,0.056577172,-0.08289949,-0.032210324,0.02317919,-0.045331296,-0.09635447,0.027434196,-0.058385488,0.0009563889,0.13697834,-0.02592463,0.09773974,-0.022454746,1.0577506,-2.0105488,-0.030562319,0.8732765,-1.9207928,0.0323183,0.9851374,-1.98602,0.016573027,0.8925889,-1.890773,-0.0054815933,1.0,-2.020212,-0.023608562,0.8596771,-1.9496992,0.040548563,0.96762174,-1.985733,0.057666533,0.8848115,-1.8614511
35,0.7164161205291748,0.0,0.0,0.0,-0.33784112334251404,-0.33784112334251404,-0.3344627121090889,1.0,0,0.12629945576190948,0.2268536239862442,0.057334065437316895,0.08626683056354523,-0.03420674800872803,-0.012922648340463638,1,0.058927692,-0.07279078,-0.027401622,0.03439938,-0.041444283,-0.10495532,0.03179714,-0.049133737,0.021314876,0.12629946,-0.0187018,0.0885628,-0.018552944,1.0573341,-2.0056264,-0.025824971,0.8836508,-1.9402753,0.036440864,0.9764444,-1.9727962,0.025232717,0.9020711,-1.8918494,-0.00087463483,1.0,-2.0138469,-0.015505157,0.8712175,-1.971762,0.045980006,0.9617043,-1.9664017,0.063122556,0.8964606,-1.8652805
36,0.7340152263641357,0.0,0.0,0.0,-0.33800286054611206,-0.33800286054611206,-0.33462283194065096,1.0,0,0.11654029786586761,0.19137613475322723,0.051482319831848145,0.0748697966337204,-0.04474843293428421,-0.010789754800498486,1,0.017667534,-0.061569687,-0.0057758354,0.01689409,-0.03775959,-0.08773803,0.005549922,-0.06707336,0.0057136575,0.1165403,-0.024863387,0.065705575,-0.019599758,1.0514823,-2.0003202,-0.038671285,0.872619,-1.9331963,0.025011115,0.97571504,-1.9701493,0.013937838,0.8873037,-1.8965973,-0.014299498,1.0,-2.002053,-0.033603057,0.8612911,-1.9595177,0.026676092,0.95559305,-1.9684352,0.04889993,0.87984467,-1.8768857
37,0.753136157989502,0.0,0.0,0.0,-0.34222090244293213,-0.34222090244293213,-0.3387986934185028,1.0,0,0.08731069415807724,0.16373346745967865,0.04402446746826172,0.06389807164669037,-0.05422843247652054,-0.01428457722067833,1,0.033429094,-0.054565847,-0.03104274,0.024224611,-0.017740782,-0.06162403,-0.035070725,-0.087310694,-0.049738847,0.066022635,0.023607109,-0.028418673,-0.02343212,1.0440245,-1.9978814,-0.044722687,0.8590465,-1.9120042,0.021845974,0.9797926,-1.9781559,0.011667594,0.878984,-1.8998079,-0.013403392,1.0,-2.0071943,-0.037455305,0.8537243,-1.9304914,0.011324756,0.9535994,-1.9930775,0.031474385,0.8860661,-1.9083335
38,0.7764992713928223,0.0,0.0,0.0,-0.34368181228637695,-0.34368181228637695,-0.34024499416351317,1.0,0,0.14016462862491608,0.24340103566646576,0.054078102111816406,0.08675481379032135,-0.04145858436822891,-0.016853921115398407,1,0.06150768,-0.0900624,-0.039030436,0.0138799045,-0.044022474,-0.08496625,0.0312773,-0.06242543,-0.009145954,0.14016463,-0.026074257,0.105790004,-0.022503637,1.0540781,-2.013371,-0.026661053,0.86186993,-1.9158638,0.031692468,0.97955924,-1.9810325,0.021121651,0.8847668,-1.882485,-0.0040513314,1.0,-2.0250802,-0.022497082,0.8486632,-1.9413537,0.041075658,0.96083164,-1.9837763,0.063171044,0.87694454,-1.8507481
39,0.7966103553771973,0.0,0.0,0.0,-0.33692434430122375,-0.33692434430122375,-0.3335551008582115,1.0,0,0.1348334103822708,0.24817298352718353,0.06081342697143555,0.09345344454050064,-0.03273099660873413,-0.014899056404829025,1,0.080098875,-0.07511537,-0.031077845,0.03136107,-0.03688331,-0.10377742,0.05047029,-0.061941683,0.01066498,0.13483341,-0.032915376,0.098442726,-0.016990967,1.0608134,-2.0171697,-0.028011002,0.87974,-1.9354686,0.036347374,0.96927476,-1.9695606,0.02136936,0.88928753,-1.8780289,0.0070386957,1.0,-2.026493,-0.01860268,0.868675,-1.9666017,0.051488463,0.95069224,-1.9663612,0.061819386,0.8794129,-1.8484961
40,0.8165159225463867,0.0,0.0,0.0,-0.33633953332901,-0.33633953332901,-0.3329761379957199,1.0,0,0.10924894362688065,0.18932965397834778,0.04635298252105713,0.07209790498018265,-0.052839525043964386,-0.010445481166243553,1,0.027108287,-0.0442973,0.0005407778,0.023884805,-0.02600873,-0.105250776,0.024065364,-0.06310421,0.018677637,0.10924894,-0.023532556,0.058518402,-0.01910799,1.046353,-1.9969631,-0.05330965,0.87422144,-1.9223647,0.023228675,0.9691086,-1.9694945,0.006998822,0.8710571,-1.8950107,-0.010975503,1.0,-1.9968009,-0.046144206,0.86641884,-1.9539399,0.030448284,0.9501773,-1.9638911,0.039773505,0.86399734,-1.8774552
41,0.8363416194915771,0.0,0.0,0.0,-0.34161415696144104,-0.34161415696144104,-0.33819801539182665,1.0,0,0.07739464938640594,0.1481109857559204,0.0446244478225708,0.06175140291452408,-0.06377258896827698,-0.00895669125020504,1,0.004998249,-0.041153282,-0.010008711,0.022021744,-0.016670303,-0.07056984,-0.049265515,-0.07739465,-0.037264004,0.023675486,0.03586076,-0.0521824,-0.023902856,1.0446244,-1.9887583,-0.051877923,0.8691537,-1.917881,0.025302336,0.97407067,-1.9819367,0.0053391904,0.8729879,-1.9014727,-0.022403382,1.0,-1.991761,-0.0452714,0.8641526,-1.939052,0.01052268,0.9508523,-1.9931159,0.012441836,0.88374615,-1.9171274
42,0.8564987182617188,0.0,0.0,0.0,-0.3498781621456146,-0.3498781621456146,-0.34637938052415845,1.0,0,0.07518892735242844,0.16888444125652313,0.05180490016937256,0.06886158138513565,-0.04830589517951012,-0.010862349532544613,1,0.04940051,-0.07518893,-0.050662685,0.0156000415,-0.033320356,-0.05252264,-0.044265974,-0.067122065,-0.05366053,0.055610277,0.033061493,-0.014810908,-0.02404502,1.0518049,-2.0088582,-0.022314377,0.8685561,-1.925461,0.035929263,0.9760472,-1.9799663,0.028792351,0.88408,-1.879,-0.009224867,1.0,-2.024057,-0.017634364,0.85855997,-1.9412179,0.02264947,0.9559106,-1.9960644,0.045475435,0.89399844,-1.8834432
43,0.8745863437652588,0.0,0.0,0.0,-0.3431851267814636,-0.3431851267814636,-0.339753275513649,1.0,0,0.15678562223911285,0.2938268184661865,0.056017398834228516,0.10011177510023117,-0.025237636640667915,-0.014967011287808418,1,0.1050813,-0.09919983,-0.05563125,0.022338115,-0.035593867,-0.099131234,0.0684921,-0.059594117,0.0019610424,0.15678562,-0.038935076,0.12813902,-0.021087013,1.0560174,-2.0240076,-0.0127065405,0.87333983,-1.9326046,0.034075744,0.97151613,-1.9621501,0.039250847,0.88599646,-1.8576224,0.010437377,1.0,-2.0406969,-0.006005106,0.86266166,-1.9623439,0.054623373,0.9536379,-1.9615618,0.08628654,0.8743159,-1.8191807
44,0.8942337036132812,0.0,0.0,0.0,-0.33440905809402466,-0.33440905809402466,-0.3310649675130844,1.0,0,0.1393328309059143,0.22967693209648132,0.04606175422668457,0.08168628811836243,-0.03938763216137886,-0.014012981206178665,1,0.059374638,-0.046746485,-0.008261465,0.04725511,-0.026477814,-0.11098983,0.04175428,-0.06958292,0.022131886,0.13933283,-0.028923897,0.06629142,-0.02336251,1.0460618,-2.012562,-0.043410055,0.8685824,-1.9203746,0.016883098,0.9749097,-1.9649867,0.011461161,0.8772086,-1.8889043,-0.005550118,1.0,-2.0150404,-0.029233523,0.8606391,-1.9536716,0.029409382,0.95403486,-1.9583471,0.05326101,0.8685314,-1.8690169
45,0.9132707118988037,0.0,0.0,0.0,-0.3385028541088104,-0.3385028541088104,-0.3351178255677223,1.0,0,0.0797581747174263,0.12981970608234406,0.03551602363586426,0.05178924277424812,-0.07606415450572968,-0.005434831604361534,1,-0.04832688,-0.032667734,0.026557803,-0.017220225,-0.014220914,-0.079758175,-0.02461252,-0.0390497,0.009937794,0.05322707,-0.020614669,0.019938203,-0.034843937,1.035516,-1.9665622,-0.061910845,0.87204814,-1.9126399,0.014305398,0.97832537,-1.9810133,0.0011311397,0.8710376,-1.9091326,-0.049342,1.0,-1.9585948,-0.067076914,0.8677819,-1.9365673,0.0069216415,0.96661043,-1.978032,0.017099261,0.8648532,-1.9031512
46,0.9347307682037354,0.0,0.0,0.0,-0.3533402681350708,-0.3533402681350708,-0.3498068654537201,1.0,0,0.07702722400426865,0.1673521101474762,0.042739272117614746,0.06285116076469421,-0.059649758040905,-0.002770376391708851,1,0.050060563,-0.0664144,-0.049878918,0.009351593,-0.03942354,-0.0336648,-0.077027224,-0.054627694,-0.06001024,0.012917296,0.044294596,-0.034342825,-0.031676,1.0427393,-1.973857,-0.037433863,0.8780751,-1.9281411,0.034212418,0.9834515,-1.9914374,0.022427596,0.8813991,-1.9146103,-0.016657833,1.0,-1.9888207,-0.034628384,0.8662481,-1.9382405,0.01110425,0.9670632,-2.0094404,0.026302785,0.8946875,-1.9249132
47,0.9570379257202148,0.0,0.0,0.0,-0.35615789890289307,-0.35615789890289307,-0.35259631991386414,1.0,0,0.08944818377494812,0.201284721493721,0.07064056396484375,0.08971486240625381,-0.010807436890900135,-0.012294108048081398,1,0.08902159,-0.080810264,-0.06892083,-0.004982322,-0.02393878,-0.06034728,-0.0051354077,-0.061926138,-0.06362469,0.089448184,0.015047251,0.03056001,-0.01772061,1.0706406,-2.0240324,-0.0030776113,0.8800947,-1.9345204,0.043750226,0.96689653,-1.9594281,0.046964634,0.8852799,-1.8383362,0.00898587,1.0,-2.0447085,-0.004572308,0.87291306,-1.9526246,0.042209603,0.9483187,-1.9785155,0.07379909,0.88979405,-1.8291682
48,0.973017692565918,0.0,0.0,0.0,-0.33890461921691895,-0.33890461921691895,-0.33551557302474977,1.0,0,0.17519022524356842,0.29367387294769287,0.05914902687072754,0.10343709588050842,-0.010744434781372547,-0.017738552764058113,1,0.09908152,-0.07897788,-0.03139225,0.04048023,-0.036163706,-0.099725544,0.0545937,-0.09179701,-0.0045607314,0.17519023,-0.053679407,0.10635559,-0.020702772,1.059149,-2.0268805,-0.03325379,0.8705173,-1.9249327,0.014260627,0.96820736,-1.9509544,0.013553217,0.880273,-1.8559022,0.009021686,1.0,-2.0362983,-0.021109719,0.8596682,-1.9548504,0.030638738,0.9406682,-1.9523226,0.06611028,0.8641692,-1.8239955
49,0.9952285289764404,0.0,0.0,0.0,-0.3350059390068054,-0.3350059390068054,-0.33165587961673737,1.0,0,0.09461692720651627,0.15445677936077118,0.05212140083312988,0.06930752843618393,-0.05563953146338463,-0.010743904858827591,1,-0.04434433,-0.025868574,0.03018042,0.0024448587,-0.022584409,-0.09461693,0.0019524948,-0.037707783,0.021927506,0.090789355,-0.010744248,0.024028976,-0.027694032,1.0521214,-1.99572,-0.06283775,0.8665704,-1.9097677,0.0077991784,0.9778133,-1.9717385,-0.011820234,0.87705064,-1.8981924,-0.04099733,1.0,-1.9866658,-0.062104292,0.8597951,-1.9381528,0.008384927,0.966501,-1.9651603,0.015416574,0.87382734,-1.8909837
50,1.016209602355957,0.0,0.0,0.0,-0.34259602427482605,-0.34259602427482605,-0.3391700640320778,1.0,0,0.08325893431901932,0.13714422285556793,0.026594161987304688,0.04666274040937424,-0.06521646678447723,0.0017811536090448499,1,-0.016270552,-0.04973339,0.0152136795,0.004136081,-0.024994617,-0.083258934,-0.032576997,-0.03613094,0.015591776,0.05420023,-0.016948052,0.049298495,-0.03576819,1.0265942,-1.9322727,-0.06237721,0.8755156,-1.9147891,0.026223212,0.98242974,-1.9889672,0.0065138116,0.8842744,-1.92359,-0.040649354,1.0,-1.9277086,-0.061136387,0.8680172,-1.9397668,0.016450113,0.97159046,-1.9842896,0.02277388,0.87919,-1.9088004
51,1.0333836078643799,0.0,0.0,0.0,-0.3518429100513458,-0.3518429100513458,-0.34832448095083235,1.0,0,0.11190179735422134,0.23661881685256958,0.05191493034362793,0.08372008800506592,-0.028580468147993088,0.0016769177746027708,1,0.1119018,-0.089756705,-0.06941824,-0.0070703384,-0.037579414,-0.07029043,0.028586736,-0.037335657,-0.010479874,0.09612192,-0.013455092,0.1115657,-0.016197667,1.0519149,-2.0033872,-0.014864117,0.8900514,-1.9453158,0.052288674,0.97797287,-1.9697897,0.045755118,0.8942641,-1.8739424,0.017372873,1.0,-2.0242126,-0.016985219,0.8787776,-1.966403,0.060864694,0.96677214,-1.9729337,0.074591696,0.89022756,-1.8404727
52,1.0544931888580322,0.0,0.0,0.0,-0.3463844060897827,-0.3463844060897827,-0.3429205620288849,1.0,0,0.14455156028270721,0.25117722153663635,0.05245065689086914,0.08861146867275238,-0.007419668138027191,-0.008749961853027344,1,0.095744416,-0.080082096,-0.053620145,0.03727709,-0.011708048,-0.06675224,0.009981701,-0.104222916,-0.06881878,0.14455156,-0.020093974,0.040684458,-0.0054520294,1.0524507,-2.028395,-0.01919499,0.8890057,-1.9383154,0.04178813,0.9653669,-1.9455779,0.034181535,0.8777237,-1.8300871,0.023271296,1.0,-2.044481,-0.008011863,0.8854933,-1.9583411,0.044782642,0.93410003,-1.9662235,0.07754701,0.8716955,-1.8178817
53,1.0742161273956299,0.0,0.0,0.0,-0.3347214460372925,-0.3347214460372925,-0.33137423157691953,1.0,0,0.13445083796977997,0.1835380345582962,0.04033525288105011,0.06115056201815605,-0.055982980877161026,-0.01301073469221592,1,-0.0035940385,-0.018708432,0.00017514825,0.006926973,-0.017621169,-0.09423059,0.033718664,-0.05088204,0.015999211,0.13445084,-0.01427572,0.042692352,-0.030720107,1.027187,-1.9978191,-0.05853443,0.8522104,-1.892034,0.0067917183,0.98757774,-1.966045,0.0035369173,0.87358963,-1.8777227,-0.031798318,1.0,-1.9977665,-0.056456335,0.84692407,-1.9203032,0.016907318,0.9723131,-1.9612453,0.04387217,0.8693069,-1.864915
54,1.09698486328125,0.0,0.0,0.0,-0.3420654535293579,-0.3420654535293579,-0.33864479899406436,1.0,0,0.08063409477472305,0.14954888820648193,0.024190187454223633,0.04486465826630592,-0.07864055037498474,-0.002215865533798933,1,-0.021192601,-0.060432915,0.01120621,0.02258429,-0.029610539,-0.080634095,-0.040479098,-0.028613504,0.024193756,0.06931821,-0.0070079817,0.048503425,-0.034898154,1.0095855,-1.9503999,-0.06286763,0.8692716,-1.8985957,0.018980086,1.0021508,-1.9881597,0.015672252,0.87884736,-1.9137331,-0.041255936,0.9914556,-1.947038,-0.05609234,0.8603884,-1.9227859,0.0068363557,0.99356675,-1.9809015,0.036467716,0.876745,-1.8991821
55,1.1165192127227783,0.0,0.0,0.0,-0.3486749529838562,-0.3486749529838562,-0.34518820345401763,1.0,0,0.09474125504493713,0.1837705671787262,0.03926241397857666,0.06311992555856705,-0.03715807572007179,0.005917396862059832,1,0.071044795,-0.08143557,-0.047065634,0.002884371,-0.04583418,-0.05479343,0.002783445,-0.0167568,-0.004393331,0.07330273,0.010434856,0.094741255,-0.014033832,1.0392624,-1.984672,-0.018778868,0.91187406,-1.958638,0.06524985,0.98075217,-1.962391,0.04674311,0.9087432,-1.8847876,0.0072796084,1.0,-1.9987917,-0.017913558,0.8981238,-1.975076,0.066084884,0.9757251,-1.963709,0.06873393,0.91187364,-1.8563652
56,1.13706636428833,0.0,0.0,0.0,-0.3486706614494324,-0.3486706614494324,-0.345183954834938,1.0,0,0.10317376255989075,0.20887017250061035,0.041289448738098145,0.0731135681271553,-0.015724943950772285,0.004235089756548405,1,0.10317376,-0.056335747,-0.058582377,0.015306278,-0.0021380354,-0.09691277,0.028639786,-0.08126262,-0.026810372,0.083029225,-0.01625255,0.038009603,0.00034876913,1.0412894,-2.0115063,-0.027281635,0.9120578,-1.950139,0.050136216,0.96853435,-1.9355509,0.040788416,0.8739131,-1.8479902,0.0313009,1.0,-2.029081,-0.02268975,0.9114164,-1.9792129,0.05872815,0.9441556,-1.9435941,0.065697186,0.86903733,-1.8365873
57,1.1564230918884277,0.0,0.0,0.0,-0.33482611179351807,-0.33482611179351807,-0.3314778506755829,1.0,0,0.13060136139392853,0.18525946140289307,0.03918040916323662,0.05856381729245186,-0.06016399338841438,-0.004447550978511572,1,0.008474418,-0.02003187,0.009828673,-0.011416745,-0.008875164,-0.07387874,0.023464413,-0.079790145,-0.019923186,0.13060136,-0.03792686,0.047697473,-0.0042741075,1.0194149,-1.9969122,-0.07819845,0.8833332,-1.901444,0.014382631,0.9760363,-1.9536705,0.0032093227,0.8544652,-1.8779132,-0.001731782,1.0,-1.9939636,-0.08162347,0.88067067,-1.9236076,0.021421954,0.95209926,-1.9596474,0.04238973,0.84308714,-1.863604
58,1.1741671562194824,0.0,0.0,0.0,-0.33837980031967163,-0.33837980031967163,-0.3349960023164749,1.0,0,0.1160878837108612,0.1655585765838623,0.0348263680934906,0.04966755211353302,-0.09080559015274048,-0.007634317968040705,1,0.0067714634,-0.029043697,-0.00067184825,0.0037472888,-0.0074317236,-0.07424887,0.01328151,-0.060945313,-0.00485957,0.11608788,-0.030718556,0.05102216,-0.031737104,1.0034117,-1.9606675,-0.07682215,0.8737213,-1.878897,0.014706649,1.002405,-1.9828641,0.007943928,0.8625054,-1.9045525,-0.029705664,0.9946985,-1.9608691,-0.07569796,0.8714918,-1.9011716,0.018691102,0.98412144,-1.9843221,0.042770296,0.8532898,-1.8892459
59,1.1945011615753174,0.0,0.0,0.0,-0.3516221046447754,-0.3516221046447754,-0.3481058835983276,1.0,0,0.09452369064092636,0.20126113295555115,0.02835714817047119,0.06064857169985771,-0.05627419054508209,-0.00025851663667708635,1,0.06940438,-0.0909051,-0.051804163,0.02271133,-0.048338905,-0.060195107,-0.0093521895,-0.015087314,0.0050354237,0.0941185,0.011502054,0.09452369,-0.030998506,1.0178325,-1.9773923,-0.025922097,0.8979872,-1.9323946,0.039835118,1.0072932,-1.9804487,0.044178296,0.9051154,-1.903249,-0.010177191,0.990561,-1.9929335,-0.019108698,0.8834855,-1.9504532,0.03702946,1.0,-1.9789381,0.07241385,0.90856606,-1.8748919
60,1.213186264038086,0.0,0.0,0.0,-0.3529075086116791,-0.3529075086116791,-0.3493784335255623,1.0,0,0.07434886693954468,0.1352677047252655,0.034615159034729004,0.0506555438041687,-0.023778239265084267,0.007984455674886703,1,0.05360261,-0.05567603,-0.03542699,0.0007421071,-0.030129408,-0.07434887,-0.016848449,-0.03647753,-0.0074719624,0.031903733,0.043637313,-0.0063844356,-0.017484874,1.0346152,-2.0026956,-0.009948388,0.9188184,-1.9675684,0.04302472,0.98191476,-1.9257385,0.062092658,0.90466505,-1.866251,-0.0014040899,1.0,-2.0133235,-0.009725756,0.9097796,-1.989873,0.037970185,0.9709715,-1.9279801,0.07166378,0.91775626,-1.8681663
61,1.234515905380249,0.0,0.0,0.0,-0.3345910310745239,-0.3345910310745239,-0.3312451207637787,1.0,0,0.10487721860408783,0.17227502167224884,0.0314631462097168,0.05575921759009361,-0.05009568855166435,0.010073392651975155,1,0.032522786,-0.018727152,-0.017674336,0.0636018,0.0078010825,-0.10487722,-0.017103862,-0.07863798,-0.004626261,0.06250792,0.028946592,-0.040119395,-0.018904857,1.0216696,-1.9933984,-0.041608848,0.9013875,-1.9551662,0.024694778,0.97838116,-1.9300488,0.028035745,0.8885311,-1.8851156,-0.009148021,1.0,-1.9987007,-0.022528308,0.9037278,-1.9866294,0.019563619,0.95478976,-1.9314367,0.046788123,0.89721507,-1.8971515
62,1.2544519901275635,0.0,0.0,0.0,-0.3425208628177643,-0.3425208628177643,-0.33909565418958665,1.0,0,0.1439744383096695,0.21179865300655365,0.04319233447313309,0.06353959441184998,-0.07906482368707657,0.0002475303481332958,1,0.021021498,-0.041448534,0.0016080682,-0.017111547,-0.013770502,-0.065738544,0.024333043,-0.092771955,-0.023773683,0.14397444,-0.04803282,0.07136175,-0.041961342,1.0012233,-1.9596734,-0.06123592,0.86925685,-1.8971003,0.008596115,0.9970693,-1.960562,0.026128478,0.87823725,-1.905945,-0.03565489,0.9887888,-1.959191,-0.066369385,0.8651257,-1.9168218,0.015896028,0.9692377,-1.967694,0.06932081,0.8638274,-1.8845364
63,1.2740468978881836,0.0,0.0,0.0,-0.35223814845085144,-0.35223814845085144,-0.34871576696634293,1.0,0,0.13097964227199554,0.24127651751041412,0.039293888956308365,0.07325295358896255,-0.06697887182235718,-0.007305992301553488,1,0.08105508,-0.089956254,-0.041077077,0.025052667,-0.041874915,-0.07325948,0.013122554,-0.062870614,-0.025256844,0.13097964,-0.033140574,0.105357,-0.030285299,1.0292403,-1.9974073,-0.039801996,0.88810074,-1.9136443,0.02567485,1.0099759,-1.9755831,0.039696943,0.8985562,-1.8856747,-0.0059687737,1.0,-2.0097303,-0.032286197,0.8755383,-1.9356222,0.029611615,0.99111474,-1.9831601,0.07899083,0.888614,-1.8540676
64,1.2939229011535645,0.0,0.0,0.0,-0.3522542119026184,-0.3522542119026184,-0.3487316697835922,1.0,0,0.07216367870569229,0.1339370757341385,0.04181957244873047,0.05658423900604248,-0.04033885896205902,-0.0018778461962938309,1,0.046080925,-0.042377073,-0.025773164,0.025956595,-0.030613532,-0.07216368,-0.035430443,-0.04634955,-0.016406184,0.022421898,0.041531082,-0.025234,-0.019400984,1.0418196,-1.9991193,-0.029559948,0.9252263,-1.951689,0.048690706,0.9846184,-1.9454808,0.054507323,0.91462797,-1.8675703,-0.0055767065,1.0,-2.0068512,-0.02177297,0.9160422,-1.9733381,0.038061574,0.97071356,-1.9504027,0.061233893,0.9270873,-1.8751404
65,1.3130171298980713,0.0,0.0,0.0,-0.3363146483898163,-0.3363146483898163,-0.3329515019059181,1.0,0,0.13433338701725006,0.19200479984283447,0.04030001163482666,0.06136427819728851,-0.05146324262022972,0.011960577219724655,1,0.02701112,-0.030830825,0.018887023,0.038400106,-0.018180167,-0.13433339,0.02972628,-0.033736844,0.06521877,0.078041136,-0.021065047,0.04657219,-0.020737961,1.0230911,-1.960438,-0.050496105,0.93017364,-1.9722914,0.034720615,0.9803016,-1.944091,0.04106457,0.90818197,-1.911516,-0.012634625,1.0,-1.9547719,-0.038976073,0.9247196,-2.0125914,0.043638498,0.9701806,-1.9245254,0.064476915,0.90186244,-1.8975443
66,1.3348398208618164,0.0,0.0,0.0,-0.34180209040641785,-0.34180209040641785,-0.33838406950235367,1.0,0,0.08898301422595978,0.15656720101833344,0.026694893836975098,0.04894578829407692,-0.06648892164230347,0.012927297502756119,1,0.034030583,-0.024576215,-0.008433601,0.039808005,0.003255865,-0.088983014,-0.039672073,-0.08843646,-0.022666419,0.033911567,0.017499546,-0.04244951,-0.029358067,1.0156158,-1.9475167,-0.06080967,0.90988904,-1.944427,0.02658683,0.9854485,-1.9572324,0.03364116,0.8862397,-1.9201723,-0.019148892,1.0,-1.9500468,-0.048867267,0.9108658,-1.9711219,0.014685208,0.95891756,-1.9640323,0.04381463,0.89148957,-1.9329072
67,1.3585281372070312,0.0,0.0,0.0,-0.34711307287216187,-0.34711307287216187,-0.34364194214344024,1.0,0,0.09653797745704651,0.18442638218402863,0.0289614200592041,0.05695236101746559,-0.06472818553447723,-0.0018328846199437976,1,0.05115679,-0.061678957,-0.03639895,0.020083345,-0.013253747,-0.038912818,-0.040902127,-0.09653798,-0.07140732,0.089290515,0.00021987408,-0.010453393,-0.027226314,1.0229081,-1.9839575,-0.051214684,0.89724433,-1.9283881,0.028106578,0.99403584,-1.9679673,0.038243134,0.9011209,-1.8981954,-0.0118792765,1.0,-1.9948772,-0.04518968,0.8932682,-1.9400619,0.015835939,0.9650744,-1.9893894,0.06503029,0.9011869,-1.9013314
68,1.3750793933868408,0.0,0.0,0.0,-0.3551066219806671,-0.3551066219806671,-0.35155555576086045,1.0,0,0.0888310968875885,0.1961003839969635,0.03365302085876465,0.06389901787042618,-0.04087498411536217,-0.01013118214905262,1,0.0888311,-0.07530849,-0.05711735,0.018879835,-0.016665868,-0.069057524,-0.01692709,-0.07014454,-0.055494558,0.08821877,0.006660142,0.010684503,-0.020782538,1.033653,-2.0115561,-0.050597433,0.91713023,-1.943426,0.038234465,0.9885973,-1.9550563,0.05730492,0.9122173,-1.8724058,0.005866792,1.0,-2.0286913,-0.044933483,0.9121305,-1.9641433,0.03315634,0.9675539,-1.9717047,0.08377055,0.9142154,-1.8692005
69,1.3971483707427979,0.0,0.0,0.0,-0.33799099922180176,-0.33799099922180176,-0.3346110892295837,1.0,0,0.12492217123508453,0.22564993798732758,0.037476539611816406,0.07228606939315796,-0.04083668068051338,-0.002934020711109042,1,0.052125644,-0.045541674,0.0013038338,0.057115722,-0.03030996,-0.12492217,0.044739816,-0.046139527,0.052913938,0.1179691,-0.022803253,0.07050904,-0.02800998,1.0287982,-2.0023642,-0.046393357,0.9329166,-1.9628224,0.036018603,0.98494685,-1.9400493,0.054776352,0.9264034,-1.890642,-0.012372287,1.0,-2.001973,-0.02925864,0.9238236,-2.000299,0.049440548,0.971105,-1.9241751,0.09016708,0.9195624,-1.8694893
70,1.4163408279418945,0.0,0.0,0.0,-0.335740864276886,-0.335740864276886,-0.33238345563411714,1.0,0,0.13080471754074097,0.17990583181381226,0.03924131393432617,0.05397165194153786,-0.06510771065950394,0.009812264703214169,1,0.018143775,-0.027718589,0.019909639,0.041373886,-0.014586485,-0.13080472,0.013040481,-0.03324784,0.054594852,0.08004723,-0.017986251,0.029165491,-0.03852346,1.0074853,-1.9370131,-0.06584881,0.9362143,-1.9688776,0.024679407,0.9811812,-1.9582411,0.044538204,0.9220589,-1.9343563,-0.03308033,0.9991697,-1.9310403,-0.053436644,0.9318384,-2.0081189,0.02859155,0.97120684,-1.9418627,0.068552375,0.916663,-1.9256067
71,1.436659336090088,0.0,0.0,0.0,-0.3453342020511627,-0.3453342020511627,-0.3418808600306511,1.0,0,0.08528230339288712,0.1503008008003235,0.025584697723388672,0.0469759963452816,-0.0730583593249321,0.008115224540233612,1,0.0159421,-0.03721785,-0.006163598,0.01967091,-0.012408428,-0.058725152,-0.062001765,-0.0852823,-0.04749518,0.02675045,0.023305936,-0.047870986,-0.037653536,1.0172707,-1.941854,-0.06883864,0.9225234,-1.961137,0.0316533,0.98644924,-1.973508,0.045879427,0.91086084,-1.9346123,-0.032870904,1.0,-1.943703,-0.06293737,0.91880083,-1.9787546,0.013052769,0.96086454,-1.9877566,0.053904563,0.91785264,-1.9489735
72,1.4545910358428955,0.0,0.0,0.0,-0.35525795817375183,-0.35525795817375183,-0.3517053785920143,1.0,0,0.113841712474823,0.22978875041007996,0.03786361217498779,0.07482563704252243,-0.04880257695913315,-0.006515273824334145,1,0.11384171,-0.08076298,-0.065500356,0.025274457,-0.0029335727,-0.06038383,-0.0055495086,-0.083477214,-0.070005,0.10921023,-0.014713866,0.026325846,-0.01348725,1.0378636,-2.0095,-0.04877438,0.9183031,-1.9535558,0.0443898,0.98292637,-1.9663929,0.05779743,0.9073066,-1.8776119,0.020665266,1.0,-2.0291502,-0.041192044,0.917423,-1.971671,0.04272495,0.9578832,-1.9873943,0.090560496,0.9028925,-1.8697141
73,1.4782564640045166,0.0,0.0,0.0,-0.3456367552280426,-0.3456367552280426,-0.3421803876757622,1.0,0,0.19429074227809906,0.3650713264942169,0.05828722566366196,0.111477792263031,-0.02900463528931141,-0.02075599879026413,1,0.14881764,-0.08870558,-0.047021,0.051437594,-0.021604203,-0.12893698,0.095587894,-0.09196004,-0.0024836306,0.19429074,-0.07694777,0.14157578,-0.0051242188,1.0337719,-2.0312402,-0.043093525,0.915207,-1.9415758,0.03969284,0.9857112,-1.9494729,0.064014435,0.9129607,-1.8503556,0.039521076,1.0,-2.0453465,-0.027662247,0.90872574,-1.9802569,0.06836921,0.9581232,-1.950218,0.12230166,0.88987637,-1.8078829
74,1.4943451881408691,0.0,0.0,0.0,-0.339904248714447,-0.339904248714447,-0.33650520622730257,1.0,0,0.11167003214359283,0.1815839558839798,0.0335010290145874,0.05584700405597687,-0.0496940053999424,-0.01308437529951334,1,-0.013700467,-0.034415428,0.024506334,0.04716323,-0.03928269,-0.11167003,-0.011201462,-0.037913438,0.03137179,0.103624575,-0.00663068,0.037858225,-0.030633144,1.0160605,-1.9728525,-0.07151777,0.93112445,-1.9598974,0.021924362,0.9840552,-1.9622525,0.04169071,0.9202497,-1.9204886,-0.034743283,1.0,-1.9655006,-0.057368804,0.91933966,-1.9933984,0.018563922,0.97268116,-1.9528409,0.07277808,0.9182605,-1.9091312
75,1.5161278247833252,0.0,0.0,0.0,-0.33629563450813293,-0.33629563450813293,-0.3329326781630516,1.0,0,0.09059857577085495,0.137236550450325,0.027179479598999023,0.04117090627551079,-0.0837879553437233,0.010501056909561157,1,-0.04884246,-0.020272192,0.037231855,-0.0048128967,0.009442878,-0.090598576,-0.058613867,0.003657909,0.047283072,0.0097129345,-0.02271402,0.0059797224,-0.035072856,1.0015197,-1.9194281,-0.074941225,0.93020195,-1.9751375,0.03485112,0.97943676,-1.9809321,0.042948913,0.9272886,-1.953461,-0.049725592,0.99543804,-1.9082586,-0.076385096,0.93303484,-2.002317,0.017266959,0.98053414,-1.9667472,0.045862794,0.9204744,-1.9516672
76,1.5349507331848145,0.0,0.0,0.0,-0.35875195264816284,-0.35875195264816284,-0.3551644331216812,1.0,0,0.08364919573068619,0.16917583346366882,0.025094762444496155,0.05219678580760956,-0.05167180299758911,0.010519473813474178,1,0.064333215,-0.06613953,-0.058244012,0.026856018,-0.03403376,-0.034385454,-0.083649196,-0.04746144,-0.04599512,0.016199967,0.033089243,-0.03050134,-0.011220746,1.0232886,-1.9650391,-0.050347198,0.93098885,-1.9853878,0.06292458,0.9642447,-1.9576384,0.06616351,0.9086834,-1.9286662,0.00807922,1.0,-1.9825124,-0.042290393,0.9207787,-1.9957035,0.037829816,0.9500063,-1.971437,0.0710235,0.9186102,-1.9378166
77,1.555450677871704,0.0,0.0,0.0,-0.3549675941467285,-0.3549675941467285,-0.35141791820526125,1.0,0,0.14784084260463715,0.277861624956131,0.04435225576162338,0.08764773607254028,-0.01655742898583412,-0.007220074534416199,1,0.13009132,-0.07688672,-0.06581068,0.019638726,0.011525266,-0.08617582,0.035363708,-0.09167998,-0.07028955,0.14784084,-0.03613607,0.065854155,0.0074312836,1.0355743,-2.0301204,-0.056066483,0.9249246,-1.969829,0.051433027,0.95709574,-1.9416504,0.06614669,0.9127781,-1.8534418,0.046458684,1.0,-2.0498636,-0.050174866,0.9283822,-1.9956818,0.06204214,0.9295918,-1.9627372,0.11049894,0.90193725,-1.8336856
78,1.5791549682617188,0.0,0.0,0.0,-0.3334578275680542,-0.3334578275680542,-0.33012324929237363,1.0,0,0.1522340625524521,0.22440196573734283,0.04567021504044533,0.06981129944324493,-0.0527915358543396,-0.016993612051010132,1,0.043267895,-0.01717413,0.005894105,0.042582873,-0.011594697,-0.117251724,0.041172735,-0.062718265,0.010611104,0.15223406,-0.031851348,0.050275695,-0.003813021,1.0191859,-2.0222783,-0.092124596,0.9133046,-1.9427007,0.030423492,0.9679659,-1.9495243,0.039306264,0.90734315,-1.8792335,0.009167348,1.0,-2.02051,-0.079349734,0.9098262,-1.9778763,0.042775314,0.94915044,-1.9463409,0.08497648,0.89778775,-1.8641508
79,1.5924384593963623,0.0,0.0,0.0,-0.33511853218078613,-0.33511853218078613,-0.3317673468589783,1.0,0,0.11206284910440445,0.14381913840770721,0.033618807792663574,0.043145712465047836,-0.09076756238937378,-0.006676258984953165,1,-0.030474097,-0.012641953,0.018420702,0.018895252,-0.0068364344,-0.11206285,-0.008447691,-0.006131036,0.02685172,0.07226687,-0.009220556,0.012521911,-0.038861185,0.9875674,-1.907131,-0.097937934,0.9254263,-1.9419919,0.02010268,0.9804962,-1.9871424,0.04318202,0.9179225,-1.9375153,-0.048003413,0.98377484,-1.9016048,-0.09226936,0.92337537,-1.9756107,0.017568372,0.9786569,-1.9790869,0.06486208,0.9151563,-1.9337587
80,1.6160767078399658,0.0,0.0,0.0,-0.3502562940120697,-0.3502562940120697,-0.346753731071949,1.0,0,0.0833301991224289,0.170086070895195,0.024999061599373817,0.051025763154029846,-0.07896602898836136,0.011891444213688374,1,0.016946245,-0.03686251,-0.008222301,0.041334342,-0.042946506,-0.06455369,-0.0833302,-0.026473783,0.0073572635,-0.02746488,0.07460326,-0.074004434,-0.0252444,0.9848216,-1.9094739,-0.06523268,0.93965155,-1.9879277,0.045553997,0.98230004,-1.9985635,0.07019502,0.9409176,-1.9663926,-0.020160526,0.97376287,-1.9119406,-0.052832376,0.9267676,-2.0072937,0.020554936,0.9743579,-1.9963564,0.061955556,0.96329856,-1.9885939
81,1.6351051330566406,0.0,0.0,0.0,-0.3601396381855011,-0.3601396381855011,-0.35653824180364607,1.0,0,0.10942569375038147,0.18448543548583984,0.03490853309631348,0.062202613800764084,-0.015517794527113438,0.005106850061565638,1,0.109425694,-0.06770695,-0.07169454,-0.01939344,-0.013860761,-0.04837072,-0.0419851,-0.034184303,-0.066583976,0.034371857,0.028302846,0.0090215625,-0.0031031966,1.0349085,-2.007318,-0.035815768,0.94972706,-2.0074344,0.06676993,0.94469845,-1.9259747,0.10486383,0.93350005,-1.8742003,0.029724512,1.0,-2.0288265,-0.0416338,0.9455688,-2.0219455,0.054174397,0.9344432,-1.9459499,0.11517539,0.9419909,-1.8714938
82,1.656564712524414,0.0,0.0,0.0,-0.3472273647785187,-0.3472273647785187,-0.3437550911307335,1.0,0,0.17214126884937286,0.32825177907943726,0.051642388105392456,0.10037437081336975,-0.008562826551496983,-0.014420505613088608,1,0.15094382,-0.052843824,-0.067365825,0.091453254,0.036971796,-0.121583246,0.037085716,-0.113706745,-0.03411575,0.17214127,-0.06405291,0.06259084,-0.0054563805,1.0250778,-2.0345461,-0.059155308,0.9068442,-1.9643003,0.033470027,0.9539794,-1.9254506,0.07427338,0.9269564,-1.8476968,0.039826766,1.0,-2.054756,-0.03171933,0.9179357,-2.0007753,0.04459574,0.91986734,-1.9356853,0.12591577,0.90774053,-1.8289195
83,1.6763527393341064,0.0,0.0,0.0,-0.33834561705589294,-0.33834561705589294,-0.33496216088533404,1.0,0,0.11578845977783203,0.15803620219230652,0.03473654016852379,0.047410864382982254,-0.08189854025840759,-0.02025740034878254,1,-0.05255378,0.0030589022,0.0069701183,-0.0102637,-0.008679667,-0.0910099,-0.0108348895,-0.0009025549,0.0033684596,0.11578846,0.0032202567,0.012051022,-0.03781213,0.98858714,-1.9787068,-0.101216935,0.8906854,-1.9094398,0.006990701,0.97855026,-1.9638774,0.043918554,0.93143344,-1.9220003,-0.053578265,0.9895048,-1.9766158,-0.10429604,0.8880815,-1.9367428,0.003740234,0.9782795,-1.9628669,0.078655094,0.9323995,-1.918385
84,1.6962237358093262,0.0,0.0,0.0,-0.3354266285896301,-0.3354266285896301,-0.3320723623037338,1.0,0,0.1035846397280693,0.15214847028255463,0.03107539378106594,0.045644525438547134,-0.10606608539819717,-0.0004913672455586493,1,-0.015156571,-0.041297138,0.009474351,0.043876078,0.0015330657,-0.08009405,-0.10358464,0.013861829,0.025665699,0.013330697,-0.031421598,-0.006001646,-0.04660279,0.9821146,-1.902825,-0.091344334,0.91467893,-1.9503679,0.021888949,0.99036753,-1.996408,0.06027427,0.9427296,-1.9692014,-0.05114976,0.9697255,-1.8999827,-0.07818151,0.91513884,-1.9743961,-0.009186445,0.9945261,-1.9887083,0.06427348,0.9333031,-1.971002
85,1.716280221939087,0.0,0.0,0.0,-0.3509306311607361,-0.3509306311607361,-0.34742132484912874,1.0,0,0.09796622395515442,0.17481186985969543,0.02785448729991913,0.04594854265451431,-0.032109759747982025,0.01564324088394642,1,0.057483535,-0.039976694,-0.022279862,0.0042481297,-0.036177848,-0.022191316,-0.09284829,0.001403358,-0.02446433,-0.0369335,0.097966224,-0.05619807,-0.0318482,1.0109513,-1.9692805,-0.044914488,0.9510456,-2.0004845,0.0815544,0.9466777,-1.919781,0.12076629,0.9850098,-1.9423721,-0.014603138,0.9989583,-1.9759644,-0.043640047,0.9401922,-2.0071418,0.05369991,0.9470987,-1.9271203,0.10968624,1.0,-1.9592315
86,1.7361583709716797,0.0,0.0,0.0,-0.36041152477264404,-0.36041152477264404,-0.3568074095249176,1.0,0,0.11609125137329102,0.2293245792388916,0.034827377647161484,0.07319507747888565,0.009378408081829548,0.011025304906070232,1,0.11609125,-0.07786494,-0.08909191,-0.010333497,-0.0003734379,-0.10180769,0.0204025,-0.057573233,-0.019352915,0.077173755,-0.028485786,0.061382707,-0.0076182336,1.0342066,-2.0236373,-0.050497036,0.94201493,-2.0038981,0.057723545,0.9340819,-1.8811119,0.101953484,0.9441335,-1.8873857,0.027209144,1.0,-2.050365,-0.053597085,0.9419029,-2.0344405,0.06384429,0.9168099,-1.8869177,0.12510562,0.93558776,-1.8689709
87,1.7552299499511719,0.0,0.0,0.0,-0.3389812707901001,-0.3389812707901001,-0.3355914580821991,1.0,0,0.173375204205513,0.2208351492881775,0.05201256275177002,0.06625054776668549,-0.033515382558107376,-0.005013296380639076,1,0.031607684,-0.016858503,0.0071372013,0.021598956,-0.017866667,-0.0816627,0.03361826,-0.07719869,-0.0056736805,0.1733752,-0.030205335,0.043429237,-0.039851587,0.99052113,-1.9979413,-0.09216722,0.88724285,-1.9352754,0.01660207,0.9561807,-1.917988,0.07086578,0.9563206,-1.9167199,-0.030369282,0.98546356,-1.9958001,-0.08568753,0.88188285,-1.9597743,0.026687548,0.93302107,-1.91969,0.12287834,0.947259,-1.9036912
88,1.7772502899169922,0.0,0.0,0.0,-0.33598363399505615,-0.33598363399505615,-0.3326237976551056,1.0,0,0.062023866921663284,0.11889860033988953,0.018607139587402344,0.035669565200805664,-0.10758642107248306,-0.012558135204017162,1,-0.059715606,0.0018761368,-0.0025027632,-0.007326168,0.003916508,-0.062023867,-0.053014327,-0.003313508,-0.026872195,0.05093125,-0.02197092,-0.0049841767,-0.07603408,0.97025084,-1.927146,-0.099307664,0.8834183,-1.8612804,-0.00416822,0.98634356,-1.9671614,0.060665596,0.93529993,-1.9512515,-0.09394876,0.9708137,-1.9278967,-0.10150552,0.88459325,-1.8798876,-0.020072518,0.98534954,-1.9752231,0.075944975,0.9287087,-1.9527467
89,1.7947266101837158,0.0,0.0,0.0,-0.34738659858703613,-0.34738659858703613,-0.3439127326011658,1.0,0,0.07521651685237885,0.17221656441688538,0.022564947605133057,0.051664963364601135,-0.07537480443716049,-0.001719837193377316,1,0.042408627,-0.07521652,-0.027278878,0.049444303,-0.05180816,-0.06548215,-0.035240557,0.008396924,0.009266061,0.07281968,0.04019972,0.061030056,-0.05058559,0.9873131,-1.9428724,-0.06404514,0.9198082,-1.9513983,0.037174605,0.98453987,-1.963759,0.095341206,0.9853285,-1.9721098,-0.037863,0.96474814,-1.9510561,-0.04921185,0.90426576,-1.9710429,0.026602438,0.98705894,-1.9609791,0.11718711,0.9973884,-1.9538008
90,1.8183403015136719,0.0,0.0,0.0,-0.36287587881088257,-0.36287587881088257,-0.35924712002277376,1.0,0,0.08158109337091446,0.14807027578353882,0.024474382400512695,0.04685606434941292,0.009054461494088173,0.01428833045065403,1,0.056474574,-0.0390464,-0.01499976,-0.08100822,0.0027905114,-0.08158109,-0.017335989,-0.0096834935,0.014398401,-0.024666179,0.044292457,0.024256084,-0.030266099,1.0189598,-2.0023136,-0.0416872,0.9611187,-1.9822652,0.06062475,0.94012266,-1.8646866,0.14746055,0.97856814,-1.8977323,-0.013323726,1.0,-2.0068135,-0.065989666,0.96195585,-2.0067396,0.055423953,0.9372176,-1.8603671,0.1400607,0.99185586,-1.8904555
91,1.8348047733306885,0.0,0.0,0.0,-0.3449721336364746,-0.3449721336364746,-0.3415224123001099,1.0,0,0.12022755295038223,0.21140897274017334,0.03606826812028885,0.06342267245054245,-0.0038070797454565763,0.015426183119416237,1,0.066375725,-0.045460854,-0.00498627,0.06782672,-0.032777034,-0.083393715,0.04303754,-0.0719984,0.02766863,0.12022755,-0.029129028,0.04962298,-0.03640709,0.9929019,-1.9891751,-0.0749877,0.94541,-1.9726902,0.030972548,0.94558895,-1.8851018,0.07709832,0.94292283,-1.9249833,-0.016494373,0.97926366,-1.9906709,-0.054639686,0.9355769,-1.9977083,0.04388381,0.9239894,-1.8768013,0.113166586,0.93418413,-1.9100964
92,1.8554863929748535,0.0,0.0,0.0,-0.3292689025402069,-0.3292689025402069,-0.3259762135148048,1.0,0,0.08364716172218323,0.1480405181646347,0.025094151496887207,0.04441219940781593,-0.07093215733766556,0.0041400170885026455,1,-0.053214725,0.015628282,0.020466061,-0.05269527,0.007912936,-0.05893301,-0.032126114,-0.038058262,-0.039056778,0.08364716,-0.03311194,-0.0030628133,-0.07187527,0.9610459,-1.9279912,-0.09405006,0.90267134,-1.9124601,0.0082576275,0.96458656,-1.9413196,0.06835978,0.94844306,-1.9459602,-0.087839685,0.9657344,-1.9218513,-0.10985864,0.9050452,-1.93014,-0.001380207,0.95316905,-1.9530367,0.09345393,0.93850946,-1.946879
93,1.8752856254577637,0.0,0.0,0.0,-0.3512834310531616,-0.3512834310531616,-0.34777059674263,1.0,0,0.09465806931257248,0.16351816058158875,0.028397418558597565,0.04905545711517334,-0.08398142457008362,-0.004932666663080454,1,0.006312854,-0.06781092,-0.009948788,0.011960296,-0.035125062,-0.04041624,-0.042061612,-0.054929998,-0.03559022,0.09465807,-0.03410207,0.05305181,-0.088990204,0.97120035,-1.9074308,-0.08966892,0.8982207,-1.8693684,0.009610936,0.984255,-1.970008,0.076956086,0.93910277,-1.9448481,-0.08709635,0.95085704,-1.9104154,-0.086080834,0.8876832,-1.8814933,-0.003007548,0.967776,-1.9806851,0.105353504,0.92887217,-1.9289325
94,1.8966095447540283,0.0,0.0,0.0,-0.3550760746002197,-0.3550760746002197,-0.35152531385421754,1.0,0,0.09476834535598755,0.18842381238937378,0.028430504724383354,0.051934968680143356,-0.004493532236665487,-0.0022409013472497463,1,0.0780044,-0.047169667,-0.03313039,-0.0035774247,-0.044643395,-0.046868615,-0.094768345,-0.0062812692,-0.058169533,-0.02059477,0.08596929,-0.040923066,-0.048783448,0.99778885,-1.9826499,-0.043359682,0.94361174,-1.9412413,0.049717017,0.9689015,-1.9256368,0.13315792,0.9870737,-1.9056884,-0.025382128,0.9836379,-1.992589,-0.04443291,0.9302187,-1.9553019,0.021286512,0.9670171,-1.9430876,0.1269795,1.0,-1.9179653
95,1.9127004146575928,0.0,0.0,0.0,-0.3543809950351715,-0.3543809950351715,-0.3508371850848198,1.0,0,0.09635783731937408,0.14980168640613556,0.028907299041748047,0.044940490275621414,0.02576816827058792,0.010034964419901371,1,0.061788816,-0.047134485,-0.029002367,0.021067195,-0.03684844,-0.09635784,-0.01947317,-0.03172933,0.015997166,0.034282155,0.03878965,-0.012315002,-0.04971099,0.9973615,-1.9850969,-0.05679914,0.9682103,-1.9690021,0.041575134,0.9385027,-1.8526706,0.13525625,0.97493106,-1.8863819,-0.031174343,0.9832211,-1.9937977,-0.05047898,0.95715576,-1.9979094,0.035733182,0.9289839,-1.8478714,0.1455409,0.986568,-1.8900764
96,1.9329907894134521,0.0,0.0,0.0,-0.32909226417541504,-0.32909226417541504,-0.32580134153366086,1.0,0,0.1439850628376007,0.18154503405094147,0.043195486068725586,0.05446348711848259,-0.023360397666692734,0.01898537203669548,1,0.029748593,0.006385754,0.020090768,0.04556191,0.017854929,-0.14398506,0.03778915,-0.029226149,0.038922984,0.06570787,-0.018452235,0.006901124,-0.09195097,0.9595768,-1.8984429,-0.08329217,0.92604864,-1.9345616,0.020236284,0.9591338,-1.9172366,0.07301457,0.9464417,-1.9327885,-0.08302639,0.96149254,-1.8924156,-0.0696236,0.9314051,-1.9777571,0.031573027,0.95036596,-1.9055597,0.09272693,0.94090605,-1.9307182
97,1.9540996551513672,0.0,0.0,0.0,-0.3347254693508148,-0.3347254693508148,-0.33137821465730666,1.0,0,0.08418028801679611,0.18234819173812866,0.025254130363464355,0.054704487323760986,-0.07687753438949585,0.010586104355752468,1,-0.021584706,-0.0056644045,0.04335589,-0.056718886,-0.0011259279,-0.04772934,-0.03775178,-0.07815013,-0.08418029,0.078738,-0.06551797,0.01629468,-0.10541074,0.94682807,-1.83722,-0.099598505,0.8945758,-1.8865964,0.014352597,0.96791124,-1.9639121,0.0759445,0.93675673,-1.9327832,-0.11188615,0.94512874,-1.8242131,-0.11661417,0.894238,-1.9009153,0.0030270629,0.94446623,-1.9891663,0.0995659,0.9171013,-1.9278948
98,1.972785234451294,0.0,0.0,0.0,-0.3627505302429199,-0.3627505302429199,-0.3591230249404907,1.0,0,0.11713811010122299,0.18941986560821533,0.03514143452048302,0.05682595446705818,-0.038575612008571625,-0.004113624803721905,1,0.11713811,-0.061960716,-0.070543304,0.029466672,-0.011619215,-0.059927694,-0.047788914,-0.039982755,-0.061545555,0.025573807,0.019537302,-0.0065161916,-0.0492307,0.9982571,-1.9445635,-0.098182306,0.9421766,-1.9054229,0.046384603,0.96353525,-1.9742831,0.096292436,0.9408532,-1.8956066,-0.014089264,0.97966886,-1.9657265,-0.0893423,0.93869084,-1.9234012,0.032047927,0.9515404,-1.9927467,0.10396458,0.94671434,-1.8975616
99,1.9945764541625977,0.0,0.0,0.0,-0.3609844446182251,-0.3609844446182251,-0.35737460017204287,1.0,0,0.11302982270717621,0.19500286877155304,0.033908963203430176,0.05850088968873024,0.02612403966486454,-0.004245458636432886,1,0.106328875,-0.03609409,-0.059537344,-0.01632825,-0.006695872,-0.11302982,0.010397507,-0.04318088,-0.008819556,0.06499459,0.004886337,0.04986952,-0.028083742,1.0054405,-1.9726962,-0.08022366,0.976276,-1.9418774,0.06990312,0.92463684,-1.8893145,0.12675045,0.95363617,-1.8330506,0.0038149208,0.9946122,-1.9905574,-0.08512213,0.97426724,-1.9757863,0.07302237,0.9116826,-1.8919604,0.14624883,0.9551021,-1.8180897
100,2.0134098529815674,0.0,0.0,0.0,-0.3332890272140503,-0.3332890272140503,-0.3299561369419098,1.0,0,0.21727880835533142,0.3326692283153534,0.06518363952636719,0.09980077296495438,0.008629159070551395,0.00995036493986845,1,0.13127626,-0.007319732,-0.021140585,0.09966099,0.0033084005,-0.21727881,0.06917735,-0.028585596,0.112531155,0.10702444,-0.0559509,0.054137584,-0.06586631,0.99141186,-1.9429605,-0.09329302,0.97710943,-1.9780083,0.03409785,0.92385,-1.9008659,0.094423585,0.9709825,-1.890271,-0.026483424,0.98921597,-1.9493027,-0.06339472,0.97810197,-2.043192,0.054851055,0.9152743,-1.8671066,0.12653092,0.9541972,-1.8740296
101,2.0364978313446045,0.0,0.0,0.0,-0.329351007938385,-0.329351007938385,-0.3260574978590012,1.0,0,0.11037098616361618,0.14941005408763885,0.0331113338470459,0.04482302814722061,-0.06827845424413681,0.020275233313441277,1,-0.024848165,0.018782536,0.047235634,-0.030358847,0.041269317,-0.110370986,-0.028812315,-0.032457665,-0.026292915,0.0050418456,-0.04106835,0.0053271353,-0.08208754,0.9473819,-1.8147577,-0.12520511,0.93492985,-1.942323,0.047762334,0.9420604,-1.9670851,0.07226108,0.92840254,-1.9057804,-0.08954199,0.9530167,-1.800587,-0.13431276,0.9473106,-1.9754343,0.03911864,0.9323231,-1.974973,0.07377364,0.916082,-1.9041823
102,2.0553841590881348,0.0,0.0,0.0,-0.3381548821926117,-0.3381548821926117,-0.3347733333706856,1.0,0,0.09134167432785034,0.16892118752002716,0.027402520179748535,0.050676412880420685,-0.08145805448293686,0.012700013816356659,1,0.03833214,0.0002081096,0.011107688,0.0042375205,0.02602386,-0.06385367,-0.06658952,-0.091341674,-0.0894925,0.0025601166,-0.011995673,-0.03510382,-0.0323878,0.9865477,-1.8143182,-0.1227796,0.94627076,-1.9196187,0.050863594,0.9361791,-2.0064278,0.06013846,0.8957505,-1.9020104,-0.020888159,0.9866101,-1.8109859,-0.121508345,0.9540779,-1.9387748,0.030886738,0.9087766,-2.0332756,0.060906496,0.89215183,-1.9125416
103,2.0770328044891357,0.0,0.0,0.0,-0.36403053998947144,-0.36403053998947144,-0.3603902345895767,1.0,0,0.13696254789829254,0.19509147107601166,0.04108876734972,0.06566743552684784,-0.008750359527766705,-0.0021476733963936567,1,0.13696255,-0.022551706,-0.06301021,-0.0393092,0.01987051,-0.08285016,-0.013831595,-0.039934836,-0.04923453,-0.0062764566,0.031586275,0.027778558,0.00571315,1.0311122,-1.9282378,-0.116390735,0.99969846,-1.9612875,0.09722226,0.91547966,-1.9839009,0.080278575,0.887346,-1.8318342,0.046801917,1.0,-1.9471408,-0.1281835,1.0,-1.9861425,0.09307278,0.9034992,-1.9986713,0.078395635,0.8968219,-1.8235006
104,2.0946292877197266,0.0,0.0,0.0,-0.35342302918434143,-0.35342302918434143,-0.349888798892498,1.0,0,0.1552617996931076,0.25561949610710144,0.04657852649688721,0.07964719086885452,0.02044523134827614,-0.00419543357565999,1,0.12725616,-0.032847025,-0.06747562,0.06597598,-0.0004663466,-0.1552618,-0.009966459,-0.06592567,0.005590992,0.09384512,-0.027745375,0.03166292,-0.002659388,1.0177569,-1.9437946,-0.12659581,1.0156451,-1.978851,0.09034566,0.88523513,-1.8978512,0.10584639,0.92645353,-1.7985302,0.03551746,1.0,-1.9640373,-0.106803015,1.0,-2.0254295,0.08735572,0.8654574,-1.896174,0.13399993,0.9181299,-1.7890314
105,2.1173269748687744,0.0,0.0,0.0,-0.32494232058525085,-0.32494232058525085,-0.3216928973793983,1.0,0,0.20646816492080688,0.30676403641700745,0.06194043159484863,0.09202919900417328,-0.035465091466903687,0.011295465752482414,1,0.11976264,-0.004739649,-0.018478809,0.091192834,0.009138852,-0.20646816,0.05577206,-0.031231297,0.065362036,0.13153519,-0.04310447,0.0291683,-0.05614162,0.99941194,-1.8605903,-0.14225903,0.98789793,-1.9756446,0.042598695,0.90272164,-1.9731853,0.07335119,0.92553484,-1.8644224,-0.020212825,0.9979901,-1.8661339,-0.11490118,0.99063957,-2.037585,0.059330314,0.89335227,-1.9535767,0.112811744,0.9126035,-1.855672
106,2.134192705154419,0.0,0.0,0.0,-0.33518415689468384,-0.33518415689468384,-0.331832315325737,1.0,0,0.09715007245540619,0.15604820847511292,0.029145002365112305,0.046814464032649994,-0.08748326450586319,0.02091148868203163,1,-0.067978956,0.011887724,0.068381555,-0.04636349,0.025627092,-0.09715007,-0.027765134,-0.023359766,-0.015918879,-0.014809656,-0.029609695,-0.0014280713,-0.0812774,0.9608238,-1.7730334,-0.14233434,0.9552827,-1.9619666,0.081379205,0.9058894,-2.0103042,0.0702171,0.9080774,-1.8822621,-0.101671085,0.9643901,-1.7525189,-0.15624338,0.9629708,-1.9911116,0.073049664,0.89888144,-2.01508,0.0657742,0.89919454,-1.8826905
107,2.15535044670105,0.0,0.0,0.0,-0.3586087226867676,-0.3586087226867676,-0.3550226354598999,1.0,0,0.13906967639923096,0.21521085500717163,0.041720904409885406,0.06456328183412552,-0.06406993418931961,0.016052313148975372,1,0.044252485,-0.040770616,-0.024898138,0.048847467,-0.028903978,-0.009009534,-0.13906968,-0.03699833,-0.10634957,-0.037812587,0.053915255,-0.049157478,-0.01858019,0.9974375,-1.8180305,-0.14252718,0.9783572,-1.9646215,0.09720016,0.8912914,-2.0119977,0.07827791,0.8747057,-1.8649478,-0.0053044446,0.9852063,-1.8254999,-0.12787294,0.96968603,-1.9673244,0.05547926,0.88019186,-2.0439026,0.06693413,0.8908802,-1.879695
108,2.1771459579467773,0.5,0.0,0.0,-0.3625197112560272,-0.3625197112560272,-0.35889451414346696,1.0,0,0.14482922852039337,0.22445107996463776,0.08361876010894775,0.10801587998867035,0.005553689785301685,-0.0018611643463373184,1,0.14482923,-0.043564945,-0.07869579,-0.012904504,0.012672314,-0.116334066,0.00088276627,-0.04370264,-0.037821695,0.039202824,0.009767147,0.04977631,0.04716059,1.0836188,-2.0314622,-0.18865035,1.0180709,-1.8783288,0.1585121,0.89985985,-1.8955185,0.09574085,0.9359638,-1.7979108,0.09060936,1.0,-2.0550709,-0.1925217,1.0,-1.913229,0.15877692,0.886749,-1.906865,0.10750169,0.938894,-1.7829779
109,2.1963143348693848,0.5,0.0,0.0,-0.3392644226551056,-0.3392644226551056,-0.33587177842855453,1.0,0,0.17702214419841766,0.31613653898239136,0.05310666561126709,0.11446733772754669,0.003135818289592862,-0.0062373969703912735,1,0.1438486,-0.03147378,-0.043426227,0.113893524,0.013693968,-0.17702214,-0.024607427,-0.096371055,-0.008935763,0.14094657,-0.042715944,0.014629024,0.03811627,1.0456026,-2.05,-0.2268075,1.0461996,-1.8623241,0.1325918,0.91702974,-1.8664085,0.060599472,0.9395058,-1.8769684,0.08127085,1.0,-2.0630279,-0.19263944,1.0,-1.9154308,0.12520957,0.88811845,-1.8690892,0.10288344,0.92669106,-1.8725797
110,2.216733694076538,0.5,0.0,0.0,-0.3424122929573059,-0.3424122929573059,-0.33898817002773285,1.0,0,0.15093713998794556,0.18124090135097504,0.045281171798706055,0.057770270854234695,-0.0631294921040535,0.010073818266391754,1,-0.00850375,0.009068865,0.041682925,0.035749216,-0.0020214545,-0.15093714,0.01765974,-0.0054731197,0.049196832,0.06362966,0.006191485,0.0065504215,0.0026970059,0.9949171,-1.9481194,-0.25057867,1.01953,-1.8302045,0.117722854,0.9420776,-1.9182363,0.042285237,0.9565922,-1.9571908,0.00014588074,0.99763775,-1.9356145,-0.2398539,1.0,-1.8754857,0.123020776,0.94043565,-1.9034772,0.061374135,0.95844966,-1.9552256
111,2.234356641769409,0.5,0.0,0.0,-0.34873467683792114,-0.34873467683792114,-0.34524733006954195,1.0,0,0.1077682301402092,0.17543868720531464,0.03854775428771973,0.0651388168334961,-0.074222132563591,0.012709003873169422,1,0.036244113,-0.037331067,0.044725448,0.0038698139,-0.011994713,-0.10776823,-0.064525574,-0.057634868,-0.044721145,-0.0057561235,-0.05148178,0.046146177,0.01715289,0.96635395,-1.9682091,-0.26706472,1.0385478,-1.7931288,0.16463462,0.98050493,-1.9049642,0.06930886,0.94042325,-2.0171454,0.028026124,0.95515466,-1.9547915,-0.26590377,1.0,-1.8254594,0.14527693,0.96321446,-1.9183805,0.067582026,0.92497873,-2.0033016
112,2.2548670768737793,0.5,0.0,0.0,-0.3649060130119324,-0.3649060130119324,-0.36125695288181303,1.0,0,0.1516798883676529,0.22091226279735565,0.054900288581848145,0.08557776361703873,-0.023015087470412254,0.0075761619955301285,1,0.15167989,-0.057491034,-0.06390636,0.030944414,-0.030311016,-0.0830731,-0.043123845,-0.034670815,-0.017913412,0.009424077,0.0015451785,0.07845331,0.058650903,0.9939415,-2.05,-0.23018116,1.0549003,-1.7997501,0.1955951,0.9280864,-1.8684374,0.10329093,0.930728,-2.0018377,0.10415487,0.97669417,-2.069172,-0.22089784,1.0,-1.824672,0.18265794,0.91768515,-1.8738115,0.10611816,0.93119156,-1.9783018
113,2.2747511863708496,0.5,0.0,0.0,-0.33925509452819824,-0.33925509452819824,-0.3358625435829163,1.0,0,0.17276741564273834,0.34721487760543823,0.0518302246928215,0.11009401828050613,-0.0021843300200998783,0.008639835752546787,1,0.17276742,-0.021884756,-0.030063948,0.10352275,-0.00074556045,-0.16347522,0.108030014,-0.0825633,0.060826812,0.13369831,-0.0626027,0.08890288,0.033714466,1.016766,-2.046855,-0.2352548,1.0321327,-1.7950687,0.21652511,0.90349,-1.821101,0.09518962,0.9715334,-1.9821815,0.08554469,1.0,-2.055874,-0.20419797,1.0,-1.8441113,0.24893412,0.878721,-1.8028529,0.13529912,0.9527526,-1.9555107
114,2.2947158813476562,0.5,0.0,0.0,-0.33725935220718384,-0.33725935220718384,-0.333886758685112,1.0,0,0.17102782428264618,0.299635112285614,0.051308393478393555,0.08999665826559067,-0.027680689468979836,0.010926448740065098,1,0.13173203,-0.004247057,0.012665482,0.098502286,0.008755776,-0.17102782,0.07468522,-0.08448001,0.05249347,0.11458172,-0.05136068,0.044523418,0.004596412,0.9988711,-2.0160885,-0.2598638,1.0050974,-1.7819314,0.18725374,0.92939997,-1.850428,0.08629225,0.9828296,-1.9861915,0.044116024,0.997597,-2.0122888,-0.2303131,1.0,-1.8332398,0.20965931,0.90405595,-1.83468,0.12066677,0.96742135,-1.9728345
115,2.316410779953003,0.5,0.0,0.0,-0.34990692138671875,-0.34990692138671875,-0.3464078521728516,1.0,0,0.08415506780147552,0.1922958791255951,0.025246500968933105,0.05768873915076256,-0.03701629117131233,0.001707072020508349,1,0.027400283,-0.05700323,0.024974065,-0.0048439475,-0.034311574,-0.07790779,-0.07223284,-0.08415507,-0.07402155,0.04859308,-0.045731705,0.053403746,0.0058450177,0.9886552,-2.0498936,-0.2324363,0.98799896,-1.7855808,0.17164442,0.9411051,-1.8699858,0.11391601,0.9638679,-1.9740567,0.014065103,0.9715542,-2.0424013,-0.23388949,0.9777055,-1.808953,0.14997457,0.9158586,-1.8921922,0.12849393,0.9501484,-1.9580356
116,2.337286949157715,0.5,0.0,0.0,-0.35169634222984314,-0.35169634222984314,-0.3481793788075447,1.0,0,0.1004636287689209,0.2053724080324173,0.03013908863067627,0.06161172688007355,-0.025937195867300034,-0.004776754882186651,1,0.07749627,-0.06819732,-0.019474573,0.050533034,-0.041894414,-0.10046363,-0.055138968,-0.048786674,-0.028835349,0.073227115,-0.01982273,0.06879881,0.03269758,0.99286455,-2.048061,-0.21480851,0.99752885,-1.7803087,0.15679899,0.9370647,-1.8517607,0.14883317,0.9519119,-1.9450799,0.05594646,0.9724054,-2.0539033,-0.1996486,0.98496056,-1.8104478,0.1402573,0.9224287,-1.8604114,0.17080131,0.9459651,-1.9244403
117,2.3568382263183594,0.5,0.0,0.0,-0.33936458826065063,-0.33936458826065063,-0.33597094237804415,1.0,0,0.13447600603103638,0.2456406056880951,0.04034280776977539,0.0736921951174736,-0.023932388052344322,0.0008791682776063681,1,0.09603434,-0.053830102,0.0034507562,0.095799424,-0.038706653,-0.134476,0.028558267,-0.04508591,0.037420448,0.10793552,-0.02052468,0.0559254,0.012900569,0.99547946,-1.9907346,-0.22259502,1.0023688,-1.789956,0.15014243,0.9403763,-1.8335632,0.14557333,0.9672713,-1.9478807,0.041710872,0.9793304,-1.9896994,-0.1938552,0.9907568,-1.8302988,0.15870991,0.9268505,-1.822337,0.17795399,0.9611139,-1.9311031
118,2.376530170440674,0.5,0.0,0.0,-0.3402654528617859,-0.3402654528617859,-0.336862798333168,1.0,0,0.15779554843902588,0.20337419211864471,0.04733872413635254,0.06101230904459953,-0.04014066979289055,0.010457667522132397,1,0.04376206,-0.031029679,0.044103783,0.07307563,-0.019113516,-0.15779555,-0.0075503928,-0.03582153,0.039326057,0.04915849,-0.015469537,0.01976257,-0.028262846,0.98300135,-1.9507769,-0.2121948,0.98668385,-1.8220507,0.13426667,0.96614087,-1.8402796,0.13770944,0.9650579,-1.9380925,-0.015134227,0.9736924,-1.9375458,-0.19027211,0.9809498,-1.8693894,0.13200156,0.9553944,-1.8284818,0.15245698,0.96041703,-1.9321637
119,2.39458966255188,0.5,0.0,0.0,-0.35170087218284607,-0.35170087218284607,-0.3481838634610176,1.0,0,0.09149619191884995,0.15313118696212769,0.02744889259338379,0.0459393709897995,-0.04620545729994774,0.011118472553789616,1,0.009250404,-0.04559866,0.035474487,0.016471965,-0.028509455,-0.09149619,-0.07954597,-0.042011954,-0.025270281,0.025862748,-0.012957712,0.03165927,-0.03242033,0.96139127,-1.9094986,-0.20543304,0.9753368,-1.835115,0.11813065,0.95652604,-1.8603103,0.15462306,0.9466297,-1.8988365,-0.029645208,0.94771165,-1.8988563,-0.20049146,0.96678394,-1.8625638,0.094266854,0.94392246,-1.8678914,0.16238189,0.9427424,-1.8893387
120,2.4143455028533936,0.5,0.0,0.0,-0.3537065088748932,-0.3537065088748932,-0.35016944378614423,1.0,0,0.07571089267730713,0.15384379029273987,0.022713303565979004,0.04615315422415733,-0.04007653146982193,0.0071400487795472145,1,0.0350551,-0.04862682,0.0151935965,0.012969639,-0.042622324,-0.07571089,-0.06817183,-0.048035048,-0.0407144,0.03489166,-0.014428372,0.04570113,-0.030202225,0.96050143,-1.8853825,-0.1882063,0.974261,-1.8553283,0.10649502,0.9410684,-1.894508,0.18558165,0.9444432,-1.8536756,-0.019685693,0.9459134,-1.8808244,-0.18431541,0.9614743,-1.8780416,0.08604348,0.9266579,-1.9067223,0.19604915,0.94011474,-1.8399652
121,2.433074951171875,0.5,0.0,0.0,-0.35352328419685364,-0.35352328419685364,-0.3499880513548851,1.0,0,0.13940753042697906,0.2527753710746765,0.04182231426239014,0.07583265006542206,-0.03012373112142086,0.008790824562311172,1,0.13190155,-0.018293705,-0.017104907,0.05976136,-0.017225644,-0.13940753,0.0655328,-0.045052882,0.045919262,0.07690285,-0.025789615,0.086922295,-0.051645745,0.9991459,-1.827281,-0.17766249,0.96421725,-1.9000493,0.107988715,0.90635663,-1.9255008,0.1611374,0.9459825,-1.7967372,-0.012075279,0.9936578,-1.8324125,-0.15973409,0.9590495,-1.9418716,0.12764856,0.89284074,-1.9117249,0.18420826,0.93824565,-1.7706605
122,2.4548137187957764,0.5,0.0,0.0,-0.3506208062171936,-0.3506208062171936,-0.34711459815502166,1.0,0,0.16170325875282288,0.21285507082939148,0.04851102828979492,0.06455540657043457,-0.04286566376686096,0.0195020642131567,1,0.047873676,0.00706569,0.030994974,0.06728567,0.016288884,-0.16170326,-0.050085336,-0.045935478,0.0063539715,-0.036972918,0.023799667,-0.06687108,-0.07990229,1.0097073,-1.7966917,-0.16524062,0.96816784,-1.9621456,0.08021334,0.8934206,-1.9548122,0.16785476,0.9521863,-1.7624924,-0.06554019,1.0,-1.7873932,-0.1450549,0.9730545,-2.0106566,0.06518774,0.8796399,-1.952906,0.15676288,0.9593262,-1.7825538
123,2.474548816680908,0.5,0.0,0.0,-0.3403201103210449,-0.3403201103210449,-0.33691690921783446,1.0,0,0.10121741890907288,0.18281906843185425,0.0303652286529541,0.05677340179681778,-0.06807279586791992,0.02538992278277874,1,-0.022884166,-0.005476703,0.035151184,0.045254324,0.014743452,-0.10121742,-0.08020672,-0.040570248,-0.012360305,-0.053663634,0.031712353,-0.083701484,-0.10459503,1.0147601,-1.7598898,-0.15102232,0.95933104,-2.0017548,0.05323357,0.884636,-2.0296085,0.15799983,0.94910765,-1.7608331,-0.111460276,1.0,-1.7493445,-0.13744602,0.96375406,-2.03212,0.029171554,0.8724649,-2.0333166,0.14190073,0.9586214,-1.7859436
124,2.494272232055664,0.5,0.0,0.0,-0.36327269673347473,-0.36327269673347473,-0.35963996976614,1.0,0,0.06522583961486816,0.16061343252658844,0.022615909576416016,0.05154251307249069,-0.05602871626615524,0.020567303523421288,1,0.06522584,-0.04429091,-0.042917937,0.060988903,-0.01725465,-0.052553065,-0.061185576,-0.0395406,-0.026679164,0.008229049,0.056557793,-0.040914826,-0.10914312,1.0226159,-1.7766471,-0.14893201,0.9610547,-2.0247242,0.055518396,0.87657225,-2.0426142,0.17980698,0.96474105,-1.7298946,-0.08957537,1.0,-1.7895225,-0.13063534,0.95587826,-2.0404902,0.03716272,0.8647101,-2.050618,0.1822757,0.9817084,-1.7421691
125,2.513420581817627,0.5,0.0,0.0,-0.3698904514312744,-0.3698904514312744,-0.36619154691696165,1.0,0,0.09600476920604706,0.1935783475637436,0.03669929504394531,0.06568318605422974,-0.022748082876205444,0.009873839095234871,1,0.09600477,-0.06708962,-0.067063786,0.050830603,-0.03290618,-0.07814878,-0.008995217,-0.059818853,-0.028089846,0.06601226,0.025697717,-0.0041296734,-0.10001226,1.0366993,-1.819376,-0.15477052,0.96553475,-2.05,0.044447944,0.86905265,-2.0427399,0.21277219,0.98960847,-1.6794028,-0.071210824,1.0,-1.8394952,-0.13952135,0.9556629,-2.0734446,0.041749377,0.851107,-2.0511668,0.23257586,0.9973178,-1.6806418
126,2.53476881980896,0.5,0.0,0.0,-0.345817506313324,-0.345817506313324,-0.34235933125019075,1.0,0,0.13380302488803864,0.24043481051921844,0.04014086723327637,0.07532179355621338,-0.02976454608142376,0.0055969092063605785,1,0.07621002,-0.03582883,-0.047849096,0.12377989,-0.010653842,-0.13380302,-0.023135047,-0.057794668,0.028847653,0.08970771,0.02797023,-0.03939569,-0.13403308,1.025621,-1.809097,-0.13918833,0.94369346,-2.05,0.020776212,0.86336666,-2.05,0.18965189,0.99971974,-1.7034477,-0.111170076,1.0,-1.8234518,-0.102054365,0.9404973,-2.0901408,0.013835698,0.84602827,-2.0413456,0.21656421,1.0,-1.7152665
127,2.5546875,0.5,0.0,0.0,-0.33959561586380005,-0.33959561586380005,-0.336199659705162,1.0,0,0.12455270439386368,0.20547205209732056,0.03736591339111328,0.06540624797344208,-0.0522252656519413,0.013044079765677452,1,-0.007411071,-0.029099595,-0.0059363586,0.089507125,-0.0033661325,-0.124552704,-0.07119227,-0.036367554,0.03253144,-0.015715547,0.03750728,-0.09296545,-0.16396691,1.0254341,-1.7736464,-0.119975515,0.9350762,-2.05,0.017299801,0.8523809,-2.05,0.1702916,1.0058489,-1.733878,-0.16619024,1.0,-1.7754272,-0.09312338,0.93406636,-2.0873659,-0.0040578805,0.8414706,-2.0402405,0.16557693,1.0,-1.7617676
128,2.574303150177002,0.5,0.0,0.0,-0.3498767614364624,-0.3498767614364624,-0.3463779938220978,1.0,0,0.08947887271642685,0.17860321700572968,0.04980123043060303,0.07261054962873459,-0.056850615888834,0.01852335035800934,1,-0.009236284,-0.035369765,0.006032651,0.0704742,-0.01630388,-0.071882695,-0.08947887,-0.03467829,-0.0027627328,-0.035074558,0.043456834,-0.088269085,-0.15084013,1.0498012,-1.7589017,-0.114816345,0.9373919,-2.05,0.037566476,0.83579427,-2.05,0.16718179,1.0142748,-1.7244328,-0.15361102,1.0,-1.7570919,-0.093674086,0.9325007,-2.0715647,0.010722812,0.82539076,-2.0508287,0.15665942,1.0,-1.7509135
129,2.5971286296844482,0.5,0.0,0.0,-0.36249369382858276,-0.36249369382858276,-0.35886875689029696,1.0,0,0.08026289939880371,0.15945997834205627,0.06420886516571045,0.07827633619308472,-0.03350551426410675,0.014785008504986763,1,0.0802629,-0.05035983,-0.04874431,0.045357395,-0.02184335,-0.07416528,-0.0142867295,-0.05357633,-0.018882817,0.037773058,0.02542076,-0.023112882,-0.1208411,1.0642089,-1.7717364,-0.12575099,0.93050164,-2.05,0.037141375,0.8338168,-2.05,0.16818294,1.0015291,-1.6922108,-0.09676223,1.0,-1.7863597,-0.11214377,0.92394865,-2.0722497,0.032855354,0.8177439,-2.0556648,0.17951486,1.0,-1.6991446
130,2.6145691871643066,0.5,0.0,0.0,-0.35974597930908203,-0.35974597930908203,-0.3561485195159912,1.0,0,0.10872004926204681,0.21959638595581055,0.06278741359710693,0.08985860645771027,-0.02653876505792141,0.008792061358690262,1,0.108448274,-0.048778582,-0.057231314,0.075340904,-0.014066925,-0.10872005,0.0028039808,-0.07472619,-0.012013805,0.08541088,-0.008948488,0.0011388342,-0.12293659,1.0627874,-1.777873,-0.12571767,0.913042,-2.05,0.022062995,0.8402343,-2.05,0.15282054,1.0036927,-1.6882398,-0.09040211,1.0,-1.7950424,-0.103115395,0.90882194,-2.0826159,0.02290419,0.81781644,-2.0536041,0.1784438,1.0,-1.6878982
131,2.636941432952881,0.5,0.0,0.0,-0.35178911685943604,-0.35178911685943604,-0.3482712256908417,1.0,0,0.12018389254808426,0.19887688755989075,0.06422197818756104,0.08729102462530136,-0.03914166986942291,0.009706231765449047,1,0.056818217,-0.023708254,-0.026534831,0.09733285,-0.008418167,-0.12018389,-0.05642566,-0.055982098,0.008387278,0.029794756,0.020038588,-0.05823524,-0.13948256,1.064222,-1.7600452,-0.10933935,0.8942549,-2.0442507,0.018404685,0.8418976,-2.05,0.115282536,1.0047233,-1.706572,-0.12243709,1.0,-1.7680056,-0.080139495,0.8917295,-2.0803058,0.0014769863,0.825103,-2.0474837,0.12422096,1.0,-1.7240427
132,2.654245615005493,0.5,0.0,0.0,-0.3536503314971924,-0.3536503314971924,-0.3501138281822205,1.0,0,0.09764204919338226,0.18353012204170227,0.08072304725646973,0.09883864223957062,-0.0451415553689003,0.014017554000020027,1,0.014026105,-0.02457785,8.1941485e-05,0.073229045,-0.01758655,-0.09764205,-0.07967038,-0.040115286,0.001552696,-0.03534761,0.032343794,-0.08615196,-0.13768107,1.080723,-1.7335436,-0.10208081,0.88613194,-2.0315614,0.04897228,0.8289635,-2.05,0.10741638,1.0192324,-1.7189832,-0.13347323,1.0,-1.7335191,-0.08011209,0.880856,-2.060854,0.025071165,0.8169289,-2.049534,0.09681209,1.0,-1.7448288
133,2.674443483352661,0.5,0.0,0.0,-0.3610117435455322,-0.3610117435455322,-0.3574016261100769,1.0,0,0.07610871642827988,0.15474630892276764,0.09818911552429199,0.10865122824907303,-0.03841254115104675,0.015194508247077465,1,0.053884186,-0.035016757,-0.02734099,0.068494014,-0.014643957,-0.07610872,-0.0458269,-0.04780936,-0.0077447654,0.0018931238,0.03516685,-0.05181397,-0.13226399,1.0981891,-1.7418957,-0.10232904,0.8697932,-2.0051837,0.076790676,0.8179479,-2.0373666,0.0984961,1.0151812,-1.7164642,-0.11609873,1.0,-1.750098,-0.081780836,0.8654,-2.0280163,0.0630426,0.80360514,-2.03969,0.09906404,1.0,-1.7320083
134,2.694425106048584,0.5,0.0,0.0,-0.3632315397262573,-0.3632315397262573,-0.35959922432899477,1.0,0,0.09387729316949844,0.20114870369434357,0.10986459255218506,0.1260635405778885,-0.031037038192152977,0.00927601009607315,1,0.09387729,-0.052845474,-0.053667717,0.07465689,-0.024631118,-0.086543605,-0.020620188,-0.07475164,-0.019306011,0.07437006,0.008457636,-0.017795688,-0.123570085,1.1098646,-1.7818323,-0.12066631,0.8414835,-1.9601817,0.07332028,0.8287478,-1.9921196,0.09393233,1.0209308,-1.7107538,-0.0954069,1.0,-1.7979326,-0.09826924,0.83409417,-1.9861448,0.067134224,0.80632234,-1.9979113,0.11624335,1.0,-1.7160925
135,2.715794563293457,0.5,0.0,0.0,-0.3611083924770355,-0.3611083924770355,-0.3574973085522652,1.0,0,0.11752451211214066,0.24114787578582764,0.1172710657119751,0.1423841267824173,-0.034159526228904724,0.004883453715592623,1,0.08501115,-0.054818165,-0.049012244,0.11752451,-0.0316183,-0.11710626,-0.058808994,-0.06846758,-0.00483582,0.08928172,0.007833294,-0.028112022,-0.123818144,1.1172711,-1.8096759,-0.11507299,0.82084167,-1.9123157,0.06404908,0.84643275,-1.9590714,0.064697064,1.0395348,-1.7386738,-0.0983148,1.0,-1.8243796,-0.07981563,0.8113562,-1.9474477,0.04640638,0.82589245,-1.9605222,0.09148158,1.0,-1.7471074
136,2.7352447509765625,0.5,0.0,0.0,-0.35818547010421753,-0.35818547010421753,-0.35460361540317537,1.0,0,0.10897893458604813,0.2097906917333603,0.13042843341827393,0.15784548223018646,-0.037834834307432175,0.00836686510592699,1,0.030599795,-0.05310423,-0.020617248,0.09560208,-0.039140504,-0.108978935,-0.08701995,-0.049762674,0.01218397,0.020842418,0.033936642,-0.07415635,-0.1165607,1.1304284,-1.8298409,-0.11138959,0.8193008,-1.8647075,0.07882339,0.8534783,-1.924712,0.049198285,1.0655743,-1.7668651,-0.10738076,1.0,-1.8360261,-0.08270897,0.8075586,-1.8974011,0.052717403,0.8385495,-1.9210567,0.05545101,1.0,-1.7891121
137,2.7569355964660645,0.5,0.0,0.0,-0.36093252897262573,-0.36093252897262573,-0.3573232036828995,1.0,0,0.10325685888528824,0.19886519014835358,0.13159561157226562,0.1593749076128006,-0.03933250531554222,0.015509718097746372,1,0.020073527,-0.061344292,-0.010101538,0.08231628,-0.04548286,-0.077256724,-0.10325686,-0.052370243,-0.011253022,0.010787512,0.041927494,-0.07113687,-0.09662901,1.1315956,-1.8663018,-0.1302597,0.84100944,-1.807138,0.11368912,0.8601604,-1.8768437,0.042104457,1.0708561,-1.8061968,-0.09060695,1.0,-1.8693322,-0.10556481,0.82736456,-1.830315,0.082712054,0.84444934,-1.8802196,0.04534071,1.0,-1.8275379
138,2.776618003845215,0.5,0.0,0.0,-0.36327385902404785,-0.36327385902404785,-0.35964112043380736,1.0,0,0.09608390927314758,0.1974160075187683,0.12156939506530762,0.1497635841369629,-0.03893514722585678,0.020418234169483185,1,0.043767426,-0.051092893,-0.016603487,0.08831237,-0.032808516,-0.09608391,-0.08347979,-0.06318564,0.0021557154,0.035383053,0.030320998,-0.05409686,-0.07215543,1.1215694,-1.9323832,-0.15853727,0.8595027,-1.7595184,0.11627404,0.8848453,-1.8441813,0.0371069,1.0667841,-1.858527,-0.059025202,1.0,-1.9373642,-0.13204356,0.8496601,-1.7883435,0.091230094,0.8658896,-1.8435346,0.047721818,1.0,-1.874756
139,2.7951972484588623,0.5,0.0,0.0,-0.3592669367790222,-0.3592669367790222,-0.355674267411232,1.0,0,0.10332970321178436,0.20089136064052582,0.10694360733032227,0.13673298060894012,-0.041044678539037704,0.026635797694325447,1,0.014143031,-0.03610995,-0.011573794,0.08952823,-0.02861112,-0.09112186,-0.1033297,-0.063963644,0.005793428,0.005524976,0.044627193,-0.068980336,-0.043902848,1.1069436,-1.9832258,-0.17340776,0.8805898,-1.7216716,0.118066736,0.91951406,-1.8096769,0.037644234,1.0626371,-1.89028,-0.03965994,1.0,-1.9866979,-0.14654928,0.8720065,-1.7490082,0.08706783,0.90032494,-1.8079388,0.039301727,1.0,-1.9109741
140,2.8162171840667725,0.5,0.0,0.0,-0.3477080464363098,-0.3477080464363098,-0.3442309659719467,1.0,0,0.10351738333702087,0.19763585925102234,0.10065007209777832,0.12694312632083893,-0.046663347631692886,0.03176145255565643,1,0.07013071,-0.024210341,-0.003162789,0.079683855,-0.025206288,-0.10351738,-0.00469623,-0.05822453,0.034700613,0.08401377,-0.03057219,0.0568814,-0.022454679,1.1006501,-2.0142229,-0.18055922,0.8970747,-1.7118181,0.117892876,0.9389712,-1.813671,0.032568842,1.0510451,-1.931413,-0.001415465,1.0,-2.0151718,-0.15665406,0.88951284,-1.7428733,0.11648401,0.92150384,-1.8032608,0.05777297,1.0,-1.9143486
141,2.83292555809021,0.5,0.0,0.0,-0.34222546219825745,-0.34222546219825745,-0.33880320757627486,1.0,0,0.11108434200286865,0.20941975712776184,0.10573434829711914,0.12361948937177658,-0.04976963251829147,0.03231499344110489,1,0.044314895,-0.04467643,0.019755624,0.06865951,-0.04424558,-0.08572388,0.011454701,-0.07966386,-0.001058821,0.11108434,-0.041968815,0.0700457,-0.013200566,1.1057343,-2.05,-0.18896484,0.9033148,-1.7109399,0.11189091,0.94622326,-1.8186783,0.0587895,1.0222057,-1.9636505,9.390246e-05,1.0,-2.0440733,-0.168367,0.8900412,-1.736657,0.11532732,0.9223241,-1.818996,0.092114806,1.0,-1.9426367
142,2.8542532920837402,0.5,0.0,0.0,-0.3404780626296997,-0.3404780626296997,-0.3370732820034027,1.0,0,0.13623715937137604,0.24549561738967896,0.10192084312438965,0.12494980543851852,-0.052933238446712494,0.02915579453110695,1,0.068868555,-0.047085043,0.014443981,0.070801206,-0.031597417,-0.085310586,0.051981427,-0.09044116,-0.0007664723,0.13623716,-0.055326615,0.08547881,-0.015014306,1.1019208,-2.0482936,-0.18455651,0.89150995,-1.7038096,0.11265001,0.92905986,-1.8141192,0.06903558,0.9905423,-1.9642531,0.0056462623,1.0,-2.0439603,-0.16331615,0.8820307,-1.7294028,0.12824443,0.90192753,-1.8143492,0.10990673,0.9739443,-1.9386095
143,2.8759186267852783,0.5,0.0,0.0,-0.3448176980018616,-0.3448176980018616,-0.341369521021843,1.0,0,0.10633371025323868,0.23849384486675262,0.057318687438964844,0.09040403366088867,-0.04759100079536438,0.02445104718208313,1,0.10633371,-0.050737355,-0.011428378,0.051062256,-0.02354757,-0.10188412,0.04004057,-0.08894775,-0.0012356278,0.10091858,-0.0530022,0.082553476,0.010785691,1.0573187,-2.05,-0.18103302,0.88302505,-1.7141432,0.12410419,0.9266487,-1.8083876,0.08462126,0.99072754,-1.9664218,0.042685807,1.0,-2.0534284,-0.16571434,0.87596077,-1.7447084,0.13611636,0.89996433,-1.8087584,0.114896834,0.9748269,-1.9416558
144,2.894479751586914,0.5,0.0,0.0,-0.34848034381866455,-0.34848034381866455,-0.3449955403804779,1.0,0,0.12023931741714478,0.2123793512582779,0.03607177734375,0.06371380388736725,-0.049736473709344864,0.023725144565105438,1,0.08334198,-0.034172762,0.00834182,0.038880117,-0.019362858,-0.12023932,0.025603548,-0.076273814,0.005819948,0.08586208,-0.039707467,0.07156519,0.018316373,1.0087401,-2.05,-0.18750253,0.8988963,-1.7183878,0.13660803,0.9327185,-1.8057436,0.0895275,0.9966229,-1.9758322,0.04331897,0.99848825,-2.0474975,-0.1758385,0.89308745,-1.7544596,0.1442891,0.90983635,-1.8039976,0.11528613,0.9847107,-1.9543626
145,2.914280891418457,0.5,0.0,0.0,-0.3489847183227539,-0.3489847183227539,-0.34549487113952637,1.0,0,0.10820826143026352,0.19023965299129486,0.032462477684020996,0.05707189813256264,-0.05405976250767708,0.02351570688188076,1,0.0590248,-0.039897196,0.015613335,0.044684738,-0.021971088,-0.10820826,0.0028875698,-0.068658195,0.0033008275,0.080724865,-0.031838533,0.06648139,0.0117259845,0.9927029,-2.0414813,-0.18881042,0.9008818,-1.7200751,0.12638365,0.947332,-1.8051822,0.09727612,0.9946539,-1.9736457,0.029433426,0.98073375,-2.0367973,-0.175405,0.8942905,-1.7525376,0.12724991,0.92673457,-1.804192,0.12149358,0.9851023,-1.9537013
146,2.9346086978912354,0.5,0.0,0.0,-0.3491789698600769,-0.3491789698600769,-0.34568718016147615,1.0,0,0.08520640432834625,0.17545147240161896,0.025561928749084473,0.05263542756438255,-0.05102362111210823,0.021418720483779907,1,0.039372228,-0.058713555,0.0155450655,0.035843015,-0.03424559,-0.085206404,-0.022745602,-0.059924312,-0.013619834,0.077524416,-0.026196387,0.06954447,0.0062855333,1.0046836,-2.0298107,-0.1835089,0.90367305,-1.7275997,0.11786733,0.95071465,-1.8010448,0.124321006,0.97669256,-1.9541646,0.018097203,0.98706955,-2.0251472,-0.172756,0.89339936,-1.7531617,0.11104365,0.93273735,-1.8051307,0.14757833,0.9688336,-1.9333013
147,2.9529943466186523,0.5,0.0,0.0,-0.34672027826309204,-0.34672027826309204,-0.34325307548046113,1.0,0,0.089717797935009,0.17328153550624847,0.026915311813354492,0.051984451711177826,-0.04640336334705353,0.021867485716938972,1,0.039515115,-0.056053326,0.015845817,0.04824123,-0.03374679,-0.0897178,-0.009448563,-0.05326772,0.0024826806,0.079001576,-0.020882767,0.06282043,0.0039309636,1.006902,-2.0034842,-0.17817238,0.9120827,-1.7409152,0.105036914,0.95559156,-1.7939618,0.13431546,0.96959966,-1.9444807,0.015785499,0.99008596,-1.9987305,-0.16370001,0.90195864,-1.7678305,0.10220235,0.93961126,-1.793217,0.15801594,0.96333486,-1.9256345
148,2.974428653717041,0.5,0.0,0.0,-0.3464530110359192,-0.3464530110359192,-0.34298848092556,1.0,0,0.10271213948726654,0.16092440485954285,0.03081369400024414,0.04827733710408211,-0.04964710399508476,0.025132957845926285,1,0.039670784,-0.039688006,0.030548207,0.047874935,-0.021151785,-0.10271214,-0.004301282,-0.05153877,0.015460203,0.057918254,-0.020940395,0.042644855,-0.00013902783,0.9910475,-1.9701209,-0.1787958,0.91337836,-1.7566515,0.08950267,0.9618784,-1.8001262,0.13263442,0.97151583,-1.9310876,0.011762208,0.9791411,-1.9609565,-0.16443332,0.90703285,-1.7874652,0.08821228,0.9464168,-1.7954881,0.1500099,0.96523374,-1.9182942
149,2.9947643280029297,0.5,0.0,0.0,-0.3503844141960144,-0.3503844141960144,-0.34688057005405426,1.0,0,0.08962169289588928,0.14609748125076294,0.026886463165283203,0.04382920637726784,-0.05634200945496559,0.0274434145539999,1,0.014888577,-0.039657567,0.038814582,0.026957126,-0.024424894,-0.08962169,-0.03650272,-0.051789716,-0.005839835,0.050998434,-0.01951598,0.04071563,-0.016758345,0.9722891,-1.9166647,-0.17833722,0.90987253,-1.775367,0.07068885,0.9671745,-1.8159523,0.13937701,0.9615774,-1.9030806,-0.012291772,0.9603918,-1.9050204,-0.17025007,0.90254503,-1.8022535,0.059738036,0.95163757,-1.8177042,0.15467654,0.95572263,-1.8908659
150,3.014451503753662,0.5,0.0,0.0,-0.3520998954772949,-0.3520998954772949,-0.348578896522522,1.0,0,0.0804186537861824,0.13105948269367218,0.02412557601928711,0.03931780532002449,-0.05603257939219475,0.03052537888288498,1,0.0068676476,-0.03735981,0.042165536,0.015159578,-0.02586215,-0.080418654,-0.039601598,-0.040206768,-0.0063557746,0.03486859,-0.012081737,0.044753313,-0.0370026,0.9660328,-1.8748811,-0.1639685,0.9141017,-1.8107193,0.05624921,0.9665418,-1.8465666,0.15934181,0.9486904,-1.8617415,-0.034942307,0.95482486,-1.8622315,-0.15942062,0.9063431,-1.8348448,0.04436873,0.9544798,-1.8484733,0.1698024,0.9450659,-1.8483156
151,3.034069061279297,0.5,0.0,0.0,-0.35388699173927307,-0.35388699173927307,-0.35034812182188035,1.0,0,0.09264492243528366,0.1755027025938034,0.027793526649475098,0.05265086516737938,-0.04756007343530655,0.03287102282047272,1,0.081895925,-0.028407436,0.0022220763,0.037400857,-0.01585302,-0.09264492,0.020434815,-0.04603109,0.015993368,0.06215338,-0.023260375,0.07650356,-0.061735272,0.97362727,-1.8268318,-0.14576519,0.91287124,-1.8659197,0.0475028,0.9504208,-1.8750178,0.16558443,0.9393909,-1.814217,-0.03716649,0.96510506,-1.8261652,-0.13454492,0.9081153,-1.8937132,0.053633247,0.9366115,-1.8702197,0.18423045,0.9324128,-1.7912658
152,3.0546457767486572,0.5,0.0,0.0,-0.35610562562942505,-0.35610562562942505,-0.3525445693731308,1.0,0,0.10431674122810364,0.16599850356578827,0.031295061111450195,0.049799565225839615,-0.041737738996744156,0.03050871007144451,1,0.07872604,-0.02040165,-0.010953939,0.048949182,0.010120976,-0.10431674,-0.0097200135,-0.07244921,-0.016141443,0.026683884,0.023594746,-0.023841253,-0.07235065,0.98711884,-1.8237522,-0.13214932,0.91092664,-1.9153169,0.028923705,0.9376768,-1.9200162,0.16864842,0.9491965,-1.7698507,-0.04873284,0.98099834,-1.8270383,-0.11746457,0.91396296,-1.946612,0.0260077,0.915942,-1.9248586,0.1766536,0.9562749,-1.777003
153,3.0733537673950195,0.5,0.0,0.0,-0.3497413098812103,-0.3497413098812103,-0.3462438967823982,1.0,0,0.08213401585817337,0.15745122730731964,0.024640202522277832,0.047235388308763504,-0.05929148197174072,0.02735704369843006,1,0.0060555954,-0.01694263,0.011470511,0.06293231,0.0065583778,-0.082134016,-0.075530864,-0.05665541,-0.021472642,0.002363515,0.034432206,-0.05494657,-0.12450208,0.97051454,-1.7762226,-0.12084791,0.9093421,-1.9323694,0.0033206865,0.93435067,-1.9768784,0.17913648,0.93268585,-1.7394124,-0.1226854,0.96543175,-1.7727815,-0.101968214,0.9113096,-1.9570096,-0.019338574,0.91735405,-1.9833202,0.17984554,0.9430155,-1.7558964
154,3.096773862838745,0.5,0.0,0.0,-0.3636077642440796,-0.3636077642440796,-0.3599716866016388,1.0,0,0.07847337424755096,0.15796157717704773,0.02354201301932335,0.04738850146532059,-0.057985901832580566,0.02189137600362301,1,0.04526201,-0.038515884,-0.027543172,0.059025906,-0.01712625,-0.053958464,-0.078473374,-0.05580764,-0.030195633,0.008078349,0.041230746,-0.04497397,-0.14149652,0.988094,-1.7780719,-0.11854367,0.91185015,-1.9699013,0.005249843,0.92718846,-2.0254471,0.1725995,0.9581406,-1.736633,-0.12791792,0.9765392,-1.7863349,-0.1008359,0.9067123,-1.9860889,-0.01829217,0.91044617,-2.0345058,0.175023,0.9705098,-1.7501252
155,3.113107204437256,0.5,0.0,0.0,-0.3684273362159729,-0.3684273362159729,-0.3647430628538132,1.0,0,0.06325262784957886,0.15936100482940674,0.01897573471069336,0.047957468777894974,-0.03993957117199898,0.019199028611183167,1,0.0564195,-0.054142322,-0.032362483,0.06251,-0.030431781,-0.06325263,-0.05245335,-0.044580434,-0.017541597,0.024542382,0.049239192,-0.036417857,-0.12897618,1.017021,-1.787306,-0.13183719,0.9284095,-2.0171084,0.023042396,0.90162504,-2.038487,0.20388886,0.9856263,-1.697486,-0.11205033,1.0,-1.7970147,-0.11308419,0.91928,-2.0360842,0.0073063895,0.8882509,-2.0437493,0.21125157,1.0,-1.7084115
156,3.133707046508789,0.5,0.0,0.0,-0.3572213649749756,-0.3572213649749756,-0.35364915132522584,1.0,0,0.12217714637517929,0.2129259705543518,0.03665304183959961,0.06667464226484299,-0.028240492567420006,0.01808011345565319,1,0.083669364,-0.027775573,-0.047661882,0.11102961,0.001234961,-0.12217715,-0.019921996,-0.04667731,0.035600245,0.0488522,0.027851244,-0.032127038,-0.1398205,1.0217574,-1.7860476,-0.13070406,0.9253731,-2.027849,0.019837908,0.88258606,-2.0498013,0.19937101,0.9944315,-1.6977308,-0.11471969,1.0,-1.8003461,-0.097395174,0.9257436,-2.064502,0.01386131,0.86858284,-2.0391214,0.21402667,1.0,-1.7073689
157,3.15496826171875,0.5,0.0,0.0,-0.34973984956741333,-0.34973984956741333,-0.3462424510717392,1.0,0,0.12389733642339706,0.20137570798397064,0.03716921806335449,0.06818661093711853,-0.03972054645419121,0.019483037292957306,1,0.059424575,-0.025378246,-0.03287885,0.08894373,-0.0011825241,-0.12389734,-0.033664897,-0.066411994,0.025274986,0.03997271,0.022660168,-0.061146397,-0.15907656,1.0324935,-1.7782031,-0.11751539,0.9144852,-2.044543,0.007604614,0.8676145,-2.05,0.16833305,1.0069332,-1.7224501,-0.14124918,1.0,-1.7880667,-0.09083227,0.91413045,-2.0817122,-0.0024948558,0.8476909,-2.0424175,0.18032487,1.0,-1.7407941
158,3.176811933517456,0.5,0.0,0.0,-0.351584255695343,-0.351584255695343,-0.3480684131383896,1.0,0,0.10324042290449142,0.1828792244195938,0.050389885902404785,0.07423269003629684,-0.04307137802243233,0.024214526638388634,1,0.026472958,-0.028394662,-0.013821537,0.07763044,-0.017854115,-0.10324042,-0.06960699,-0.0540447,0.0124722915,-0.015263105,0.02683246,-0.07660548,-0.15293239,1.0503899,-1.7587792,-0.11298839,0.9122669,-2.05,0.019313455,0.8559807,-2.05,0.15323679,1.0099334,-1.7267036,-0.1449905,1.0,-1.7629256,-0.08969925,0.90691066,-2.0809722,-0.0015686434,0.8397673,-2.0462582,0.14865786,1.0,-1.7496853
159,3.197159767150879,0.5,0.0,0.0,-0.3577224612236023,-0.3577224612236023,-0.35414523661136627,1.0,0,0.08423738926649094,0.16276226937770844,0.06985533237457275,0.08538734167814255,-0.0354912243783474,0.025351068004965782,1,0.048942316,-0.029759211,-0.02603564,0.06725726,-0.021926904,-0.08423739,-0.054897584,-0.05260925,0.0011266599,-0.014571057,0.028149424,-0.060374025,-0.14026007,1.0698553,-1.7603171,-0.11065572,0.91645545,-2.05,0.035752393,0.8399556,-2.05,0.15051928,1.0133421,-1.7019634,-0.12557738,1.0,-1.7681278,-0.09047854,0.90987736,-2.0752711,0.019283118,0.82417285,-2.0496619,0.14614797,1.0,-1.7200756
160,3.215427875518799,0.5,0.0,0.0,-0.36025846004486084,-0.36025846004486084,-0.35665587544441224,1.0,0,0.08809242397546768,0.17683714628219604,0.07327795028686523,0.08981067687273026,-0.028334815055131912,0.02144678682088852,1,0.088092424,-0.037727766,-0.050037567,0.06414618,-0.013314124,-0.08565705,-0.019910939,-0.07129236,-0.015789352,0.040572442,0.005386524,-0.023480648,-0.1406031,1.073278,-1.7653387,-0.11667059,0.9043763,-2.05,0.03680154,0.8334888,-2.05,0.13983339,1.0035474,-1.7021662,-0.114175364,1.0,-1.78035,-0.09742674,0.9003821,-2.0756972,0.030828258,0.8121011,-2.0547369,0.15200512,1.0,-1.7092104
161,3.2350075244903564,0.5,0.0,0.0,-0.3564107418060303,-0.3564107418060303,-0.35284663438797,1.0,0,0.09710308164358139,0.18642625212669373,0.07914197444915771,0.09706427156925201,-0.0338716022670269,0.017364516854286194,1,0.07118823,-0.02905868,-0.03645492,0.08665698,-0.012789416,-0.09710308,-0.046578497,-0.06779275,-0.00793034,0.039945405,0.013595485,-0.04245977,-0.14465405,1.079142,-1.7658399,-0.11456914,0.8855996,-2.038468,0.03293696,0.83528966,-2.05,0.12117946,1.011078,-1.7047473,-0.12329758,1.0,-1.7767764,-0.08857205,0.8817628,-2.0675988,0.018963411,0.81495184,-2.0523791,0.13316308,1.0,-1.7174853
162,3.25483775138855,0.5,0.0,0.0,-0.3541426658630371,-0.3541426658630371,-0.3506012392044067,1.0,0,0.09483255445957184,0.17884831130504608,0.08136951923370361,0.09920304268598557,-0.04033447057008743,0.017526093870401382,1,0.040075935,-0.02651966,-0.02740003,0.08159822,-0.019629627,-0.094832554,-0.066369615,-0.055058077,0.003051921,-0.00048702938,0.028436223,-0.06808294,-0.15857229,1.0813695,-1.7474142,-0.10149066,0.8654286,-2.0152159,0.04506337,0.8291116,-2.05,0.10264243,1.0218521,-1.7163954,-0.14654951,1.0,-1.7556342,-0.0770112,0.85953975,-2.0436656,0.025152484,0.8125942,-2.0490844,0.102496326,1.0,-1.7368202
163,3.2746362686157227,0.5,0.0,0.0,-0.3572029173374176,-0.3572029173374176,-0.3536308881640434,1.0,0,0.0847829133272171,0.17842383682727814,0.09916818141937256,0.11533015966415405,-0.04372693970799446,0.01801864244043827,1,0.024996316,-0.03419504,-0.018984664,0.08297062,-0.023404114,-0.07462621,-0.08478291,-0.046616927,-0.0106545165,-0.0125034,0.03628807,-0.0757075,-0.15841545,1.0991682,-1.7495817,-0.09861291,0.85075337,-1.9842145,0.06801197,0.8210781,-2.0381598,0.0924517,1.0287284,-1.7223063,-0.15091656,1.0,-1.755277,-0.07372172,0.8437321,-2.0066023,0.042577095,0.807093,-2.041356,0.08870068,1.0,-1.7450185
164,3.294261932373047,0.5,0.0,0.0,-0.36214789748191833,-0.36214789748191833,-0.35852641850709915,1.0,0,0.0808357298374176,0.17695996165275574,0.11018526554107666,0.1250559687614441,-0.04059019684791565,0.015015016309916973,1,0.056704868,-0.048087616,-0.043175045,0.08083573,-0.029249055,-0.0705257,-0.05944486,-0.05936143,-0.018486358,0.032261103,0.030584808,-0.04672965,-0.15799245,1.1101853,-1.7719845,-0.10799579,0.82697546,-1.9399858,0.078782305,0.82178694,-2.0031235,0.08488442,1.0311797,-1.7321761,-0.14098099,1.0,-1.784937,-0.08374508,0.81820077,-1.9611435,0.06094885,0.8039785,-2.0086694,0.094562754,1.0,-1.746195
165,3.3166487216949463,0.5,0.0,0.0,-0.36271411180496216,-0.36271411180496216,-0.35908697068691253,1.0,0,0.09702344238758087,0.20842638611793518,0.12968409061431885,0.14956635236740112,-0.03740416839718819,0.009316299110651016,1,0.068670675,-0.060220804,-0.048109643,0.09702344,-0.03721622,-0.08633506,-0.0541673,-0.06986188,-0.017292488,0.07002685,0.01990461,-0.03344718,-0.14736924,1.1296841,-1.8194695,-0.113478065,0.8085056,-1.8882033,0.07696469,0.8360132,-1.9591379,0.071021885,1.044771,-1.7438439,-0.12676804,1.0,-1.8339024,-0.08437103,0.79734075,-1.9141037,0.0607145,0.81505466,-1.9643257,0.092029944,1.0,-1.7538781
166,3.336649179458618,0.5,0.0,0.0,-0.3601730465888977,-0.3601730465888977,-0.35657131612300874,1.0,0,0.1078530102968216,0.2157900184392929,0.13604998588562012,0.1615760773420334,-0.042942266911268234,0.007256891578435898,1,0.047998626,-0.057706114,-0.038860425,0.10785301,-0.039456584,-0.096271,-0.07747142,-0.06277583,-0.0047357976,0.058199,0.029029572,-0.052623574,-0.13571364,1.13605,-1.8618855,-0.11522182,0.8117702,-1.8274972,0.07753164,0.84941715,-1.9167603,0.043969367,1.0614971,-1.77397,-0.12131405,1.0,-1.8735436,-0.082865916,0.7999332,-1.8563786,0.054290216,0.8305844,-1.9181811,0.06142907,1.0,-1.7897571
167,3.35677433013916,0.5,0.0,0.0,-0.3571452498435974,-0.3571452498435974,-0.3535737973451614,1.0,0,0.1000853180885315,0.2049347460269928,0.1309971809387207,0.16003189980983734,-0.04964954033493996,0.009443704970180988,1,0.016304923,-0.06543902,-0.014914884,0.08513077,-0.044210058,-0.086286455,-0.10008532,-0.061972655,-0.0135986265,0.024568424,0.032484815,-0.069850385,-0.11314058,1.1309972,-1.9033041,-0.13027991,0.8258896,-1.772175,0.095098644,0.8650978,-1.8769745,0.031161949,1.0717669,-1.8178104,-0.108249106,1.0,-1.9077786,-0.10474068,0.81262654,-1.7980609,0.06507305,0.846506,-1.881054,0.038532477,1.0,-1.8387655
168,3.3749125003814697,0.5,0.0,0.0,-0.36041414737701416,-0.36041414737701416,-0.356810005903244,1.0,0,0.10232292860746384,0.21568399667739868,0.11915123462677002,0.15036728978157043,-0.051127225160598755,0.018910031765699387,1,0.01836512,-0.04083267,-0.0041017206,0.09840605,-0.027156182,-0.10232293,-0.09709468,-0.04605138,0.028074685,-0.021053525,0.049754836,-0.09138874,-0.08246217,1.1191512,-1.9496946,-0.15788473,0.86138695,-1.7221653,0.11723256,0.8857772,-1.844975,0.03127826,1.0678189,-1.860189,-0.076952636,1.0,-1.9509251,-0.12836292,0.8532401,-1.7528622,0.08810416,0.8719618,-1.8365526,0.024962202,1.0,-1.8876055
169,3.397719144821167,0.5,0.0,0.0,-0.36036229133605957,-0.36036229133605957,-0.356758668422699,1.0,0,0.1186322420835495,0.24017935991287231,0.09861314296722412,0.14000782370567322,-0.05313337966799736,0.03624561056494713,1,0.02686878,-0.021639887,-0.013381384,0.10955688,-0.029718852,-0.11422604,-0.11863224,-0.04508062,0.037249397,-0.037069395,0.048271216,-0.09584203,-0.061385855,1.0986131,-1.972319,-0.16403937,0.8891158,-1.710982,0.11100485,0.92382413,-1.8090485,0.0416062,1.0702691,-1.9143149,-0.05332522,1.0,-1.9763334,-0.1311723,0.88020015,-1.7452497,0.07541518,0.91029996,-1.7978737,0.03048538,1.0,-1.9430674
170,3.41695237159729,0.5,0.0,0.0,-0.3501999080181122,-0.3501999080181122,-0.34669790893793107,1.0,0,0.09707281738519669,0.1562911719083786,0.10183072090148926,0.12366292625665665,-0.06363480538129807,0.0435028038918972,1,0.02300464,-0.02783003,0.009619583,0.05056027,-0.028505139,-0.09707282,-0.05204293,-0.048076514,0.022735108,0.049357142,-0.020641763,0.0428922,-0.043444622,1.1018307,-2.024735,-0.17589936,0.8837935,-1.7011361,0.1015837,0.9454849,-1.7926582,0.046062436,1.0532227,-1.9487092,-0.03654323,1.0,-2.0218492,-0.16073127,0.87524194,-1.730258,0.08597082,0.9310619,-1.7858377,0.06086958,1.0,-1.9358416
171,3.436281204223633,0.5,0.0,0.0,-0.3485567271709442,-0.3485567271709442,-0.34507115989923476,1.0,0,0.08092876523733139,0.1729656159877777,0.08734536170959473,0.1039738729596138,-0.07637398689985275,0.0411287397146225,1,0.034704536,-0.031195035,0.0011634657,0.05775946,-0.024201103,-0.080928765,-0.04671412,-0.07431634,-0.00783929,0.06938889,-0.035618868,0.058453385,-0.032390065,1.0873454,-2.0446029,-0.18596189,0.8858482,-1.682945,0.08970663,0.9460928,-1.8011246,0.05398225,1.0262789,-1.9843694,-0.021978704,1.0,-2.0442538,-0.16863404,0.8785879,-1.7072237,0.07569239,0.9237979,-1.8034763,0.07479892,1.0,-1.9668334
172,3.4566192626953125,0.5,0.0,0.0,-0.3442028760910034,-0.3442028760910034,-0.3407608473300934,1.0,0,0.10323283821344376,0.19946211576461792,0.10270059108734131,0.11850720643997192,-0.08149263262748718,0.038973696529865265,1,0.047111887,-0.030571278,0.016299328,0.05956067,-0.023448555,-0.08648242,0.02221222,-0.08640861,0.0025319166,0.10323284,-0.040422264,0.06731715,-0.026582204,1.1027006,-2.05,-0.17183125,0.86730367,-1.6845552,0.09949775,0.92877454,-1.8100111,0.051089805,1.0105127,-1.9901749,-0.012448637,1.0,-2.0451102,-0.15396304,0.8602691,-1.7104999,0.106161416,0.90285194,-1.8092515,0.08205966,0.998386,-1.9699798
173,3.4762208461761475,0.5,0.0,0.0,-0.3421321511268616,-0.3421321511268616,-0.33871082961559296,1.0,0,0.14054563641548157,0.28343671560287476,0.10374593734741211,0.13289816677570343,-0.06954431533813477,0.03569278493523598,1,0.10049378,-0.06069745,-0.006123177,0.0827234,-0.025129562,-0.10940858,0.07405341,-0.083578825,0.010798934,0.14054564,-0.06106567,0.10489411,-0.023644805,1.1037459,-2.05,-0.16144554,0.85740495,-1.6948441,0.11629996,0.9152211,-1.8095101,0.06602724,1.0019376,-1.9652531,0.0065033305,1.0,-2.051837,-0.13662852,0.8498661,-1.7276667,0.13851598,0.89014745,-1.8062705,0.10819093,0.9836179,-1.9337848
174,3.4963274002075195,0.5,0.0,0.0,-0.346630334854126,-0.346630334854126,-0.3431640315055847,1.0,0,0.1262846291065216,0.2729087471961975,0.06578421592712402,0.10395413637161255,-0.0587066113948822,0.02915012463927269,1,0.12628463,-0.04991388,-0.019447763,0.05960674,-0.015235772,-0.11809598,0.06406671,-0.09320093,0.01175049,0.11458401,-0.059066508,0.09155671,0.002351284,1.0657842,-2.05,-0.17458218,0.86036,-1.7061679,0.12282078,0.9088506,-1.7938772,0.08449579,0.99160373,-1.9547197,0.040236674,1.0,-2.0558343,-0.15670016,0.8557893,-1.7415967,0.14204079,0.8808903,-1.7903521,0.11887099,0.9738838,-1.9272527
175,3.515073299407959,0.5,0.0,0.0,-0.349787175655365,-0.349787175655365,-0.34628930389881135,1.0,0,0.11386359483003616,0.2194327712059021,0.034159064292907715,0.06728318333625793,-0.06186520308256149,0.025992393493652344,1,0.08420088,-0.033386666,0.012125037,0.053597108,-0.012150939,-0.113863595,0.029542178,-0.08555527,0.002621977,0.089564465,-0.045163695,0.07451964,0.012123406,1.01714,-2.05,-0.18484235,0.86081284,-1.698813,0.12136531,0.91125363,-1.7915307,0.08563064,0.99118483,-1.9492428,0.03738367,1.0,-2.0463624,-0.16876322,0.85716754,-1.732972,0.13022797,0.88558704,-1.7907442,0.11249998,0.97763574,-1.9268869
176,3.534229278564453,0.5,0.0,0.0,-0.34983259439468384,-0.34983259439468384,-0.346334268450737,1.0,0,0.09119311720132828,0.1733010858297348,0.027357935905456543,0.0519903190433979,-0.0630049780011177,0.025453966110944748,1,0.046615716,-0.046991933,0.01546167,0.037344273,-0.0241906,-0.09119312,-0.006082218,-0.06461677,-0.009192634,0.074472606,-0.025553556,0.06797791,0.011562377,0.99799,-2.0195823,-0.18715477,0.8672157,-1.7053505,0.11262429,0.93090564,-1.7928461,0.10392105,0.9877373,-1.936611,0.025547093,0.98389244,-2.0149438,-0.17595148,0.8599585,-1.7327085,0.110799626,0.9115206,-1.7956039,0.12626283,0.98007125,-1.9162177
177,3.554771900177002,0.5,0.0,0.0,-0.34906744956970215,-0.34906744956970215,-0.34557677507400514,1.0,0,0.08273626863956451,0.15506893396377563,0.024820923805236816,0.04652070626616478,-0.05622322857379913,0.026913616806268692,1,0.028782252,-0.05514062,0.020529287,0.041934628,-0.02855167,-0.08273627,-0.026571486,-0.04483078,-0.0051699597,0.057366148,-0.0139057,0.06411084,0.008029081,1.0055314,-1.9940361,-0.18302123,0.8758304,-1.7178538,0.09562176,0.93886,-1.7874006,0.12935334,0.9695854,-1.9188827,0.016663756,0.98898923,-1.9878772,-0.17044084,0.8672649,-1.7426747,0.087650314,0.92541075,-1.7889516,0.14656319,0.9654137,-1.8996495
178,3.578096389770508,0.5,0.0,0.0,-0.35001224279403687,-0.35001224279403687,-0.3465121203660965,1.0,0,0.08825693279504776,0.14739367365837097,0.02647709846496582,0.044218115508556366,-0.05552735552191734,0.029509158805012703,1,0.0343409,-0.041657396,0.029023275,0.03210404,-0.020567449,-0.08825693,-0.010046647,-0.048775926,0.005045615,0.0553899,-0.016426878,0.05368021,0.0010936782,0.99960184,-1.9576789,-0.18651156,0.8829703,-1.7367251,0.076689,0.94006664,-1.7852157,0.13885352,0.95784456,-1.9044837,0.011395948,0.9871046,-1.948972,-0.17688034,0.87680006,-1.7632022,0.07367501,0.9254339,-1.783702,0.15547049,0.9529165,-1.8883796
179,3.5931642055511475,0.5,0.0,0.0,-0.34973105788230896,-0.34973105788230896,-0.3462337473034859,1.0,0,0.07908689230680466,0.14182567596435547,0.02372610569000244,0.04254770278930664,-0.05941091477870941,0.03182423114776611,1,0.017715516,-0.037319742,0.040300883,0.038395237,-0.022551911,-0.07908689,-0.02215138,-0.04953131,0.0010930878,0.056026787,-0.017737193,0.046340086,-0.011628009,0.98093164,-1.9024346,-0.18605478,0.8761422,-1.7566295,0.0593592,0.93980354,-1.7987249,0.1372851,0.95274496,-1.875973,-0.0063133547,0.96973574,-1.8903444,-0.17453621,0.86937666,-1.7803556,0.052713785,0.92494416,-1.798397,0.15409313,0.9474238,-1.8620709
180,3.6145243644714355,0.5,0.0,0.0,-0.35223639011383057,-0.35223639011383057,-0.34871402621269226,1.0,0,0.0832568109035492,0.12807992100715637,0.02497708797454834,0.03842402622103691,-0.06154005229473114,0.03598213195800781,1,0.023087611,-0.032425076,0.039761584,0.015125427,-0.01598221,-0.08325681,-0.024372416,-0.042018663,-0.0014561896,0.032684114,-0.014826793,0.046619374,-0.02413097,0.9750813,-1.8604206,-0.17181401,0.87050456,-1.7912573,0.04481612,0.9411123,-1.8351297,0.1427097,0.9500392,-1.8437707,-0.017204687,0.9653538,-1.8484921,-0.16727638,0.8657099,-1.8162344,0.037504397,0.9285067,-1.8355666,0.15251493,0.94559115,-1.8297849
181,3.6332831382751465,0.5,0.0,0.0,-0.3574218153953552,-0.3574218153953552,-0.3538475972414017,1.0,0,0.07515476644039154,0.14597412943840027,0.02254641056060791,0.043792203068733215,-0.05158894509077072,0.035875413566827774,1,0.053253777,-0.0343268,-0.003288922,0.050875943,-0.0046643526,-0.07515477,-0.03773522,-0.06428289,-0.030057043,0.024248904,0.03698874,-0.02468082,-0.05518477,0.9751201,-1.8104476,-0.15385382,0.86573935,-1.8458687,0.0389565,0.9270257,-1.858955,0.1549034,0.94003165,-1.7862726,-0.039208636,0.9648221,-1.8114343,-0.13859104,0.86434007,-1.8684151,0.027635934,0.90774083,-1.8679721,0.16217807,0.95112824,-1.7936769
182,3.6549644470214844,0.5,0.0,0.0,-0.36184459924697876,-0.36184459924697876,-0.35822615325450896,1.0,0,0.07799927145242691,0.15631155669689178,0.023399770259857178,0.04689349979162216,-0.03817324340343475,0.029039286077022552,1,0.07612876,-0.045706145,-0.026317706,0.031955034,0.0030540891,-0.06829487,-0.02211023,-0.07799927,-0.035608508,0.03503277,0.02862053,-0.016560715,-0.06503165,0.9911751,-1.8161056,-0.13882017,0.86682117,-1.8904511,0.024904698,0.91662014,-1.9148831,0.16743809,0.94353116,-1.7391928,-0.042193018,0.97746325,-1.824001,-0.12923366,0.8677374,-1.9109396,0.018271629,0.89322037,-1.9255657,0.17794792,0.9521173,-1.744161
183,3.674487829208374,0.5,0.0,0.0,-0.3580092191696167,-0.3580092191696167,-0.3544291269779205,1.0,0,0.08786468207836151,0.16669638454914093,0.0263594388961792,0.050008948892354965,-0.041215769946575165,0.02500206232070923,1,0.06081167,-0.029485457,-0.0123195145,0.07250808,0.0007417942,-0.08786468,-0.03674516,-0.07162369,-0.014347569,0.0446599,0.02738773,-0.025684275,-0.118358806,0.9723184,-1.7843602,-0.12371933,0.87746155,-1.937332,-0.00065508485,0.9134006,-1.9513178,0.18372646,0.9461817,-1.7152207,-0.10011531,0.9634728,-1.788056,-0.1019669,0.8776841,-1.9636915,-0.011678633,0.8919135,-1.9556221,0.19712444,0.95439804,-1.722926
184,3.6945083141326904,0.5,0.0,0.0,-0.35509634017944336,-0.35509634017944336,-0.3515453767776489,1.0,0,0.08769182860851288,0.1667030304670334,0.02630758285522461,0.05001094937324524,-0.05199674144387245,0.026537220925092697,1,0.022251504,-0.020884424,-0.0006556507,0.076366596,0.0034254775,-0.08769183,-0.061932113,-0.055506684,0.008292495,0.00029462573,0.047326878,-0.064027116,-0.14147183,0.97946894,-1.7676575,-0.12243961,0.8787145,-1.98194,-0.0022108257,0.9141281,-1.9910575,0.17993465,0.9666803,-1.7208014,-0.13479638,0.9732036,-1.7678542,-0.099529624,0.87974215,-2.0082476,-0.02079046,0.89747614,-1.9885697,0.18002304,0.98087835,-1.7400095
185,3.713940143585205,0.5,0.0,0.0,-0.36462777853012085,-0.36462777853012085,-0.36098150074481966,1.0,0,0.07824689894914627,0.16596682369709015,0.02347397804260254,0.04882919415831566,-0.0380050390958786,0.032042574137449265,1,0.04334739,-0.034769922,-0.014435287,0.07806959,-0.0096616335,-0.0782469,-0.05757902,-0.039666757,0.020461334,-0.006721598,0.054279156,-0.06032424,-0.13093223,1.0140477,-1.7668322,-0.13635153,0.9098749,-2.0368497,0.016852312,0.89000726,-2.0190554,0.19563535,0.99095166,-1.7035297,-0.11792801,1.0,-1.7711629,-0.11293065,0.9069764,-2.0603237,-0.00042139366,0.87810725,-2.012917,0.19361886,1.0,-1.721627
186,3.7344844341278076,0.5,0.0,0.0,-0.36650124192237854,-0.36650124192237854,-0.36283622950315475,1.0,0,0.1023860052227974,0.1857747584581375,0.038424015045166016,0.06691180169582367,-0.011048240587115288,0.03616975247859955,1,0.09801744,-0.037056737,-0.055374417,0.06770581,-0.0064221662,-0.102386005,-0.0111761205,-0.044686142,0.039970856,0.025986275,0.022039717,-0.021832084,-0.11227764,1.038424,-1.7784679,-0.14624655,0.9242987,-2.05,0.021420695,0.8619836,-2.0153959,0.21141692,1.0078735,-1.6742977,-0.082872406,1.0,-1.7950802,-0.12593481,0.92237204,-2.0807157,0.01806786,0.84857774,-2.0034046,0.2192128,1.0,-1.6808473
187,3.7568933963775635,0.5,0.0,0.0,-0.3549153208732605,-0.3549153208732605,-0.3513661676645279,1.0,0,0.13659021258354187,0.23094722628593445,0.04526627063751221,0.0831739753484726,-0.0017981043783947825,0.04134945198893547,1,0.10869389,-0.020441279,-0.058872513,0.08685005,0.0013523068,-0.13659021,-0.009168476,-0.06796954,0.051777963,0.056432918,-0.0071692322,-0.028562982,-0.123001546,1.0452663,-1.7789558,-0.13742815,0.92443365,-2.05,0.014133833,0.8508528,-2.0287094,0.1957128,1.0105268,-1.687179,-0.09039338,1.0,-1.7966176,-0.111373134,0.9248393,-2.090977,0.01138329,0.8304619,-2.013176,0.21264268,1.0,-1.6957479
188,3.7748606204986572,0.5,0.0,0.0,-0.3559812307357788,-0.3559812307357788,-0.352421418428421,1.0,0,0.12242895364761353,0.19353370368480682,0.0593794584274292,0.08482677489519119,-0.0022773456294089556,0.05135714262723923,1,0.0616489,-0.011734387,-0.012355926,0.07872412,-0.013659996,-0.12242895,-0.040128466,-0.051924806,0.057232823,-0.0056069824,0.012536944,-0.06496709,-0.12639992,1.0593795,-1.7601055,-0.12714705,0.9306922,-2.05,0.008398585,0.84002525,-2.045787,0.17700869,1.018034,-1.7042928,-0.10790525,1.0,-1.7638123,-0.10352981,0.9265942,-2.0867286,-0.003639955,0.8244478,-2.0286171,0.1753266,1.0,-1.7237829
189,3.7968974113464355,0.5,0.0,0.0,-0.3593086898326874,-0.3593086898326874,-0.3557156029343605,1.0,0,0.08024457097053528,0.16413645446300507,0.07306432723999023,0.0896281972527504,0.009782087057828903,0.06488315761089325,1,0.049619224,-0.018841194,-0.010491649,0.071263336,-0.033754222,-0.08024457,-0.056099597,-0.040881105,0.035366178,-0.031601332,0.02450463,-0.060731586,-0.11619776,1.0730643,-1.7494599,-0.12562294,0.94258916,-2.05,0.0364402,0.82718897,-2.0165195,0.17404419,1.0188717,-1.6971653,-0.10131199,1.0,-1.7526073,-0.10424394,0.9324629,-2.0740733,0.019610321,0.81492466,-2.0059097,0.16456379,1.0,-1.7153847
190,3.8151259422302246,0.5,0.0,0.0,-0.3613061010837555,-0.3613061010837555,-0.3576930400729179,1.0,0,0.0839327946305275,0.15291622281074524,0.08716094493865967,0.09929755330085754,0.022855812683701515,0.06894198805093765,1,0.083932795,-0.025885634,-0.030485544,0.061837405,-0.018499406,-0.078097895,-0.008048184,-0.055537496,0.023465103,0.016790094,0.007944467,-0.020713039,-0.1044312,1.087161,-1.7628244,-0.1277635,0.94679904,-2.05,0.048111536,0.81648594,-2.0079715,0.17065099,1.0149819,-1.6794245,-0.07925136,1.0,-1.77197,-0.10921227,0.9412492,-2.0734293,0.04569708,0.7998247,-2.000932,0.17568801,1.0,-1.6856384
191,3.8369388580322266,0.5,0.0,0.0,-0.35598069429397583,-0.35598069429397583,-0.35242088735103605,1.0,0,0.11572635173797607,0.21530720591545105,0.09472477436065674,0.11626149713993073,0.03126112371683121,0.07004012912511826,1,0.11572635,-0.026711548,-0.048128515,0.08207584,-0.009798025,-0.10926659,-0.001828477,-0.074058294,0.02148254,0.067816705,-0.024682218,0.002307391,-0.09945687,1.0947248,-1.7701731,-0.13066235,0.9408655,-2.05,0.03987153,0.81630653,-2.0062487,0.16436756,1.0221552,-1.67578,-0.06473896,1.0,-1.7846116,-0.1060396,0.9379261,-2.08278,0.039322987,0.794089,-1.9998039,0.18471257,1.0,-1.6750878
192,3.855069637298584,0.5,0.0,0.0,-0.35635626316070557,-0.35635626316070557,-0.3527927005290985,1.0,0,0.09530910104513168,0.1686483919620514,0.08763456344604492,0.10493019968271255,0.026540938764810562,0.07428531348705292,1,0.05781015,-0.010683103,-0.007339144,0.09004804,-0.011340998,-0.0953091,-0.03939531,-0.053607035,0.037090436,0.00910551,0.0084521985,-0.04068699,-0.10545887,1.0876346,-1.7509818,-0.11615984,0.9275387,-2.05,0.04021793,0.82151043,-1.9852773,0.14588948,1.028061,-1.6875559,-0.088115826,1.0,-1.7531836,-0.08914543,0.9241364,-2.0785928,0.028399335,0.8054283,-1.9741502,0.14862113,1.0,-1.699762
193,3.877084255218506,0.5,0.0,0.0,-0.35614416003227234,-0.35614416003227234,-0.3525827184319496,1.0,0,0.09890145063400269,0.17154723405838013,0.09589517116546631,0.11888624727725983,0.02149006724357605,0.08349066972732544,1,0.038466852,-0.024020137,-0.0024198997,0.09890145,-0.02014109,-0.082700856,-0.07332055,-0.04479217,0.03201959,0.01141201,0.007306406,-0.041811828,-0.11210628,1.0958952,-1.7514511,-0.10972927,0.9156418,-2.0318956,0.05862291,0.82847625,-1.9684123,0.14944822,1.0484378,-1.7064128,-0.10056622,1.0,-1.7521771,-0.08005883,0.9095995,-2.056706,0.036626745,0.8150386,-1.9588064,0.15287182,1.0,-1.7189564
194,3.8960671424865723,0.5,0.0,0.0,-0.3613350987434387,-0.3613350987434387,-0.35772174775600435,1.0,0,0.08834833651781082,0.1648944765329361,0.11778843402862549,0.13696427643299103,0.030488772317767143,0.085209921002388,1,0.07848433,-0.033303026,-0.025381858,0.08834834,-0.019435503,-0.06257188,-0.040822674,-0.058585975,0.016586058,0.03969485,0.0031005938,-0.01481416,-0.08116676,1.1177884,-1.7657182,-0.11114332,0.903778,-2.001668,0.06775651,0.8471834,-1.9318988,0.14359114,1.0503851,-1.706478,-0.05762146,1.0,-1.7733328,-0.08463882,0.8979474,-2.0204396,0.05550971,0.8296076,-1.926923,0.15549959,1.0,-1.7109222
195,3.915673017501831,0.5,0.0,0.0,-0.36107373237609863,-0.36107373237609863,-0.35746299505233764,1.0,0,0.09699463844299316,0.19538281857967377,0.13133907318115234,0.1546861082315445,0.04108762368559837,0.08254223316907883,1,0.09699464,-0.04354486,-0.031491738,0.08155648,-0.023307571,-0.0662142,-0.013575512,-0.07740069,-0.0012850062,0.08736165,-0.0152819455,0.016036574,-0.062138505,1.1313391,-1.7984535,-0.124641046,0.8793233,-1.9531453,0.07500669,0.86808205,-1.9086353,0.14330125,1.0585988,-1.698121,-0.033040114,1.0,-1.807901,-0.1001741,0.872331,-1.9730095,0.07093404,0.84486187,-1.9090208,0.16950974,1.0,-1.69331
196,3.934675931930542,0.5,0.0,0.0,-0.35635340213775635,-0.35635340213775635,-0.3527898681163788,1.0,0,0.09740908443927765,0.1929851919412613,0.13386106491088867,0.1611306518316269,0.03477982431650162,0.07851290702819824,1,0.07230552,-0.026462778,-0.0063368566,0.097409084,-0.02190995,-0.077853546,-0.050421454,-0.07903707,-0.007275254,0.07888246,-0.012960622,-0.003533051,-0.055982143,1.1338611,-1.8224629,-0.120179296,0.86160254,-1.9025164,0.08162989,0.89225906,-1.9049385,0.11838032,1.0690691,-1.7201086,-0.034290485,1.0,-1.824364,-0.09095657,0.8550296,-1.9258724,0.06650345,0.8685479,-1.9071211,0.14204507,1.0,-1.7211685
197,3.9542956352233887,0.5,0.0,0.0,-0.3536094129085541,-0.3536094129085541,-0.3500733187794685,1.0,0,0.06438952684402466,0.15783940255641937,0.11405885219573975,0.14510421454906464,0.018675198778510094,0.07873626798391342,1,0.0030286538,-0.009301841,0.052339192,0.035461605,-0.050901864,-0.051774465,-0.058522463,-0.05423554,-0.004073157,0.050784048,-0.06438953,0.04940725,-0.05847845,1.1140589,-1.8304205,-0.116621956,0.84330195,-1.8335702,0.08890775,0.91826516,-1.9007459,0.09476946,1.0786419,-1.768211,-0.057569854,1.0,-1.8147187,-0.10598347,0.8280314,-1.8491026,0.07135101,0.9019945,-1.9019678,0.11000468,1.0,-1.7533889
198,3.9740984439849854,0.5,0.0,0.0,-0.3552836775779724,-0.3552836775779724,-0.3517308408021927,1.0,0,0.08582455664873123,0.18390201032161713,0.10882842540740967,0.14384937286376953,0.01147507131099701,0.0803317278623581,1,0.02609223,-0.025056547,0.021276597,0.07100733,-0.061298277,-0.040066596,-0.08582456,-0.054671478,-0.017229335,0.04700529,-0.055011187,0.0759366,-0.042113263,1.1088284,-1.8641474,-0.13113195,0.84677386,-1.7796056,0.11261873,0.9349722,-1.8892303,0.07941891,1.0783204,-1.8125721,-0.034285594,1.0,-1.8577645,-0.109829746,0.8283844,-1.7916256,0.08687136,0.91857076,-1.894399,0.0935205,1.0,-1.7897911
199,3.993912696838379,0.5,0.0,0.0,-0.35322514176368713,-0.35322514176368713,-0.3496928903460503,1.0,0,0.09339167922735214,0.18618856370449066,0.10415935516357422,0.1313571035861969,0.015327359549701214,0.07733188569545746,1,0.058993112,-0.014455282,0.022007111,0.04823975,-0.05866007,-0.04783599,-0.040675152,-0.06618789,-0.015071731,0.06711567,-0.054289848,0.09339168,-0.014851928,1.1041594,-1.9323947,-0.15278925,0.8579721,-1.743169,0.13248356,0.93798095,-1.8726723,0.08332117,1.0597464,-1.8456259,0.0028460063,1.0,-1.9257926,-0.13831733,0.84037405,-1.7575197,0.12028101,0.91812456,-1.8771938,0.10345587,1.0,-1.8176084
200,4.013196706771851,0.5,0.0,0.0,-0.34731894731521606,-0.34731894731521606,-0.3438457578420639,1.0,0,0.0996640995144844,0.22024384140968323,0.08585512638092041,0.10958268493413925,0.006743748672306538,0.06898292154073715,1,0.087759025,0.003929206,0.028079987,0.040791262,-0.021758212,-0.06497393,-0.0023637686,-0.09952589,-0.023288121,0.08682892,-0.07561278,0.0996641,6.249547e-05,1.0858551,-1.9813992,-0.20522255,0.87555826,-1.6848572,0.14762884,0.9243633,-1.8567225,0.07738884,1.0280633,-1.8481842,0.026390204,1.0,-1.9729751,-0.19298516,0.8690308,-1.7043494,0.14691971,0.89450556,-1.8637089,0.10343751,1.0,-1.818285
201,4.034402370452881,0.5,0.0,0.0,-0.3387424945831299,-0.3387424945831299,-0.3353550696372986,1.0,0,0.10518797487020493,0.20311672985553741,0.0765613317489624,0.09784524887800217,-0.008983837440609932,0.06574840098619461,1,0.049272295,0.0033641546,0.05512369,0.035680883,-0.022586137,-0.07107979,0.02679853,-0.105187975,-0.019540705,0.07378406,-0.0787224,0.07167493,0.016220406,1.0765613,-1.9769883,-0.23282331,0.91040176,-1.6588377,0.16813894,0.93076694,-1.856083,0.06631305,1.011456,-1.8829256,0.031002095,1.0,-1.9604512,-0.22211905,0.9036259,-1.6801616,0.1761785,0.8992106,-1.8619453,0.08844827,0.9878393,-1.8614231
202,4.055446624755859,0.5,0.0,0.0,-0.3410600423812866,-0.3410600423812866,-0.33764944195747376,1.0,0,0.07981745153665543,0.1637260913848877,0.0610346794128418,0.0780925452709198,-0.010490139946341515,0.06742513924837112,1,0.044684485,-0.020909803,0.047572315,0.027963953,-0.03165185,-0.061362643,0.0077800034,-0.07981745,-0.017178103,0.04301087,-0.056357756,0.06933553,0.025383256,1.0610347,-2.010786,-0.22660902,0.9227659,-1.6721836,0.17160006,0.9369891,-1.857186,0.078972824,0.9887999,-1.9131165,0.0387886,1.0,-1.9965143,-0.21821983,0.91327035,-1.6905924,0.17393406,0.9130439,-1.8623394,0.09187609,0.9718926,-1.8923157
203,4.076635122299194,0.5,0.0,0.0,-0.3475870192050934,-0.3475870192050934,-0.34411114901304246,1.0,0,0.08004376292228699,0.1521597057580948,0.024013161659240723,0.04564796760678291,-0.013867358677089214,0.07086585462093353,1,0.041741904,-0.018489778,0.034789644,0.036112323,-0.022062615,-0.08004376,-0.014446399,-0.0574232,0.007638452,0.043972295,-0.03412876,0.07069181,0.023358643,0.9899461,-2.0173075,-0.22278216,0.9329457,-1.6767323,0.15844503,0.95287985,-1.8378199,0.103837855,0.97705615,-1.9471662,0.035881214,0.9843992,-2.0068705,-0.21194847,0.92632693,-1.7007455,0.15411112,0.9356529,-1.8355284,0.11702955,0.9668175,-1.9259586
204,4.093466281890869,0.5,0.0,0.0,-0.34708458185195923,-0.34708458185195923,-0.34361373603343964,1.0,0,0.10139788687229156,0.16427679359912872,0.030419349670410156,0.04928305000066757,-0.02264179103076458,0.07434432208538055,1,0.018550133,-0.025010409,0.034199797,0.060590915,-0.01774681,-0.10139789,-0.043127052,-0.04214381,0.02529818,0.045656938,-0.026914677,0.059117448,0.0006039366,0.9485465,-2.0052547,-0.20485997,0.9271349,-1.6860524,0.13764325,0.9879065,-1.8276534,0.11185675,0.9904931,-1.9740769,0.006168977,0.9410434,-1.9949948,-0.1866827,0.9218108,-1.7164718,0.12470513,0.97526336,-1.820064,0.12555383,0.9824187,-1.9563416
205,4.114752769470215,0.5,0.0,0.0,-0.3475409150123596,-0.3475409150123596,-0.344065505862236,1.0,0,0.07867579907178879,0.1582878679037094,0.023602724075317383,0.04748636856675148,-0.03722703456878662,0.07530113309621811,1,0.006399506,-0.04186275,0.031625655,0.04522772,-0.02168236,-0.0786758,-0.06273621,-0.052543666,0.007158103,0.05441684,-0.027758785,0.05546368,-0.008780569,0.95914984,-1.9934138,-0.18905285,0.91367745,-1.6955507,0.11277801,1.0113724,-1.8323551,0.118181966,0.9946013,-1.9925221,-0.006860717,0.946591,-1.983926,-0.17548454,0.90717274,-1.7191534,0.09395714,0.99560934,-1.8302077,0.13450702,0.98627365,-1.975883
206,4.136262655258179,0.5,0.0,0.0,-0.34804195165634155,-0.34804195165634155,-0.34456153213977814,1.0,0,0.06871236115694046,0.16953903436660767,0.020613715052604675,0.05086169019341469,-0.0416858047246933,0.07017138600349426,1,0.005290162,-0.060134206,0.02376386,0.03631793,-0.041591052,-0.05705372,-0.060464323,-0.0672462,-0.016717786,0.06871236,-0.03307193,0.06291351,-0.005920358,0.98037213,-1.9930087,-0.1747505,0.90136397,-1.6940538,0.0923149,1.0023475,-1.8231792,0.12709948,0.9816376,-1.9895258,-0.0043333094,0.9623319,-1.9858795,-0.16385514,0.88888663,-1.7111698,0.0741756,0.9821736,-1.8281946,0.1477132,0.97171605,-1.9706517
207,4.154287815093994,0.5,0.0,0.0,-0.34605348110198975,-0.34605348110198975,-0.34259294629096987,1.0,0,0.07420288026332855,0.1623259335756302,0.02226090431213379,0.04869779944419861,-0.04529862105846405,0.06633355468511581,1,0.012139363,-0.04846466,0.028844986,0.042706545,-0.03662612,-0.07420288,-0.039364845,-0.063336104,-0.0053342306,0.07003886,-0.028170569,0.055331454,-0.006518252,0.96826345,-1.9750319,-0.1778245,0.9017493,-1.6960485,0.08598713,0.99141306,-1.8129177,0.13347776,0.97603315,-1.9796451,-0.002876443,0.953724,-1.9663783,-0.16501254,0.8907615,-1.7183094,0.074177675,0.9724122,-1.814518,0.15448943,0.967582,-1.9630457
208,4.176789045333862,0.5,0.0,0.0,-0.34874939918518066,-0.34874939918518066,-0.34526190519332883,1.0,0,0.11474529653787613,0.16130414605140686,0.0344235897064209,0.04839124158024788,-0.05506821349263191,0.06978579610586166,1,0.015287103,-0.0232766,0.048365735,0.042861715,-0.015225597,-0.1147453,-0.029307425,-0.04231658,0.021618303,0.037048735,-0.024845334,0.0506161,-0.038425997,0.9349946,-1.9245328,-0.17642322,0.91349083,-1.7138951,0.072764024,0.9994543,-1.8118962,0.1362038,0.96912956,-1.9586438,-0.033839867,0.9280116,-1.9100231,-0.16356471,0.90892315,-1.7483187,0.063971795,0.98675936,-1.8054107,0.14731842,0.96167594,-1.9434589
209,4.194798469543457,0.5,0.0,0.0,-0.35159337520599365,-0.35159337520599365,-0.3480774414539337,1.0,0,0.09596766531467438,0.1474800705909729,0.02879035472869873,0.044244080781936646,-0.06272658705711365,0.07659110426902771,1,-0.008041582,-0.01920738,0.0699642,0.017273046,-0.010856531,-0.095967665,-0.048311587,-0.035120495,0.011886305,0.012520556,-0.02262331,0.049177803,-0.062224016,0.91564614,-1.8602777,-0.16721828,0.92604715,-1.7571295,0.054933906,1.0021465,-1.8292327,0.14563921,0.950077,-1.9196763,-0.06463649,0.9098839,-1.8392884,-0.16203637,0.92279017,-1.7859199,0.04044043,0.99161035,-1.8256668,0.14939538,0.94329,-1.904923
210,4.216997861862183,0.5,0.0,0.0,-0.3533167541027069,-0.3533167541027069,-0.34978358656167985,1.0,0,0.09792021661996841,0.16907192766666412,0.029376065358519554,0.05072159692645073,-0.062141552567481995,0.0782371535897255,1,0.012705034,-0.01589573,0.027861018,0.044563506,0.0014318263,-0.08337415,-0.09792022,-0.055485215,-0.034672588,-0.039098118,0.03048259,-0.04613857,-0.073639855,0.93338746,-1.8174208,-0.14751184,0.92437977,-1.7914301,0.028811663,0.98937917,-1.8615377,0.16631167,0.92421657,-1.8670642,-0.06982835,0.9286187,-1.8090625,-0.13414279,0.92480934,-1.8164424,-0.00056440197,0.9727336,-1.8719394,0.15458223,0.93336135,-1.8809059
211,4.2321953773498535,0.5,0.0,0.0,-0.35411638021469116,-0.35411638021469116,-0.35057521641254424,1.0,0,0.07917249947786331,0.16277897357940674,0.02375173568725586,0.04883367195725441,-0.060062188655138016,0.07102193683385849,1,0.042749293,-0.033041444,0.003005841,0.044505693,-0.0007007788,-0.0791725,-0.07263216,-0.07790533,-0.055923466,0.023869269,0.012893732,-0.010540153,-0.092797734,0.9527701,-1.8220859,-0.13071339,0.922027,-1.817035,0.015789866,0.9688199,-1.9122734,0.16438606,0.9148823,-1.807735,-0.079972945,0.9428577,-1.8211842,-0.11736168,0.92181677,-1.8407867,-0.005999781,0.94544834,-1.9290504,0.17154685,0.9187504,-1.810897
212,4.254685878753662,0.5,0.0,0.0,-0.35098129510879517,-0.35098129510879517,-0.34747148215770723,1.0,0,0.08767331391572952,0.17425216734409332,0.026301980018615723,0.05227561667561531,-0.062131546437740326,0.05565771088004112,1,0.08294749,0.0004259049,-0.017018817,0.05197921,0.01302548,-0.08486037,-0.035526983,-0.087673314,-0.04851834,0.04224075,0.0048276545,0.0032450547,-0.10683972,0.96046174,-1.8189417,-0.12956916,0.91584444,-1.8373756,0.0037304834,0.95749646,-1.9489082,0.15665528,0.9122582,-1.7701926,-0.08195547,0.9605895,-1.8240473,-0.11397539,0.91975206,-1.8628337,-0.0069276122,0.9311945,-1.9634637,0.16932751,0.9137065,-1.7692192
213,4.274549245834351,0.5,0.0,0.0,-0.35095247626304626,-0.35095247626304626,-0.3474429515004158,1.0,0,0.0903538167476654,0.16585201025009155,0.027106165885925293,0.04975559562444687,-0.06729740649461746,0.043777380138635635,1,0.073066644,0.012733625,0.0009259124,0.029631972,0.0126052825,-0.09035382,-0.04240523,-0.0887888,-0.05008008,0.013893872,0.012873948,-0.015998384,-0.113043785,0.9836271,-1.8101996,-0.13955574,0.922419,-1.886157,-0.004686244,0.94516355,-2.011351,0.13860518,0.91087204,-1.7318501,-0.09112379,0.98744714,-1.8099219,-0.13066615,0.92620057,-1.9132632,-0.017407812,0.9185269,-2.026375,0.14277335,0.91473424,-1.7366496
214,4.294683933258057,0.5,0.0,0.0,-0.35372209548950195,-0.35372209548950195,-0.35018487453460695,1.0,0,0.09880664199590683,0.17930933833122253,0.02964199334383011,0.05371258780360222,-0.07687562704086304,0.037809040397405624,1,0.019347064,0.014731672,0.0233262,0.03070083,0.0017703697,-0.08009562,-0.09880664,-0.05575076,-0.046927903,-0.06660978,0.03488337,-0.05411628,-0.113097996,0.996697,-1.7981375,-0.15219344,0.9407544,-1.9086156,0.015693106,0.9251123,-2.05,0.13870099,0.89479923,-1.7009825,-0.107293874,1.0,-1.7911397,-0.1429832,0.94128555,-1.9326442,-0.013948888,0.90838706,-2.0640783,0.11871806,0.90526426,-1.7172173
215,4.3143150806427,0.5,0.0,0.0,-0.35062992572784424,-0.35062992572784424,-0.34712362647056577,1.0,0,0.09766103327274323,0.16579502820968628,0.02929830551147461,0.05182996392250061,-0.0844782143831253,0.03710947558283806,1,0.041257907,0.030313108,0.010193887,0.04872341,0.0207679,-0.09766103,-0.051933255,-0.045062806,-0.012579833,-0.05877739,0.04100286,-0.04896972,-0.12875317,1.0171793,-1.7625562,-0.1531163,0.96043193,-1.933664,0.023283713,0.8887361,-2.05,0.12494838,0.89744246,-1.6982169,-0.1163758,1.0,-1.759498,-0.13849927,0.9666623,-1.9629623,0.0077037355,0.87521726,-2.0537739,0.10731517,0.9097433,-1.7129078
216,4.334149599075317,0.5,0.0,0.0,-0.35946524143218994,-0.35946524143218994,-0.35587058901786806,1.0,0,0.09745947271585464,0.16844530403614044,0.032482147216796875,0.05954185873270035,-0.08035383373498917,0.03293459117412567,1,0.076902516,-0.026562842,-0.030393602,0.06879418,0.0017265683,-0.09745947,-0.022231333,-0.059162755,-0.014013932,0.021851858,0.03527023,-0.026156249,-0.14221862,1.0324821,-1.7768656,-0.15393396,0.96637166,-1.974846,0.02798824,0.86523265,-2.05,0.13343626,0.9183129,-1.7083422,-0.11914787,1.0,-1.7859837,-0.1332957,0.9668896,-2.0040839,0.02131884,0.8474838,-2.0542042,0.13999182,0.928894,-1.716189
217,4.354242563247681,0.5,0.0,0.0,-0.35782474279403687,-0.35782474279403687,-0.3542464953660965,1.0,0,0.10932080447673798,0.21529890596866608,0.03627657890319824,0.0726119726896286,-0.07051066309213638,0.02199302427470684,1,0.08481488,-0.048912358,-0.06420953,0.109320804,-0.0030955577,-0.10566165,-0.03618806,-0.061221085,-0.0012978212,0.05799758,0.020560846,-0.025961835,-0.15776604,1.0362766,-1.7959912,-0.13611928,0.9490184,-1.9857287,0.019749694,0.8522264,-2.05,0.15205131,0.9548921,-1.6928747,-0.13232158,1.0,-1.8152541,-0.103323035,0.9480898,-2.0174272,0.008893276,0.83386004,-2.0503893,0.1694506,0.96106035,-1.7006632
218,4.37476372718811,0.5,0.0,0.0,-0.3563997149467468,-0.3563997149467468,-0.35283571779727935,1.0,0,0.10328735411167145,0.20404694974422455,0.030986204743385315,0.06299196183681488,-0.0732390284538269,0.015093863010406494,1,0.045381982,-0.049596563,-0.049006768,0.103287354,-0.02094211,-0.098268636,-0.05692012,-0.058992404,0.009183853,0.04643477,0.03777142,-0.059693884,-0.18629722,1.0210285,-1.7859839,-0.119079635,0.9153789,-1.9901879,0.0127647,0.8490267,-2.05,0.15619382,0.9791783,-1.6954772,-0.17268263,1.0,-1.800686,-0.08809343,0.9090963,-2.0196686,-0.004311336,0.831329,-2.0472448,0.17012425,0.99050975,-1.7133855
219,4.394955635070801,0.5,0.0,0.0,-0.35274413228034973,-0.35274413228034973,-0.3492166909575462,1.0,0,0.09718974679708481,0.20081573724746704,0.029156923294067383,0.061860859394073486,-0.0822351723909378,0.013500932604074478,1,-0.0005282758,-0.04026926,-0.027675774,0.09718975,-0.02671129,-0.07665615,-0.08948153,-0.03467387,0.012015905,-0.016661672,0.059084695,-0.09370912,-0.21107277,1.0248337,-1.7681152,-0.1077061,0.9016455,-1.9929044,0.033495612,0.84001434,-2.05,0.15573832,0.99361575,-1.6993822,-0.21123126,1.0,-1.7764179,-0.07854918,0.8936321,-2.0159013,0.006651152,0.8296122,-2.046395,0.15073982,1.0,-1.727495
220,4.415240049362183,0.5,0.0,0.0,-0.35914623737335205,-0.35914623737335205,-0.3555547749996185,1.0,0,0.08398669958114624,0.17771558463573456,0.028465986251831055,0.05706542730331421,-0.08385831862688065,0.010267723351716995,1,0.011971883,-0.045100823,-0.03381044,0.0839867,-0.023341523,-0.05691779,-0.08149013,-0.037891142,-0.010325684,0.00038772816,0.05616248,-0.07801712,-0.2268621,1.028466,-1.7567412,-0.09551444,0.8849283,-1.9634373,0.06035729,0.8234766,-2.05,0.14667419,0.99159515,-1.7065183,-0.22327054,1.0,-1.7668843,-0.07031843,0.8779258,-1.9805126,0.03591025,0.8121093,-2.0530977,0.1467905,1.0,-1.7299235
221,4.436427593231201,0.5,0.0,0.0,-0.3635448217391968,-0.3635448217391968,-0.3599093735218048,1.0,0,0.08637795597314835,0.1890152096748352,0.043434977531433105,0.06888479739427567,-0.08232730627059937,0.002339419675990939,1,0.0525493,-0.0491974,-0.055683408,0.086377956,-0.03164337,-0.071263045,-0.06414042,-0.05877066,-0.02054276,0.035044514,0.039681897,-0.055773273,-0.22538182,1.043435,-1.7726523,-0.09054393,0.8612829,-1.9302294,0.05822567,0.8243204,-2.05,0.14382255,1.0016329,-1.705712,-0.20961703,1.0,-1.7893573,-0.064630546,0.8517899,-1.9516083,0.038983542,0.8066892,-2.0561628,0.1543359,1.0,-1.7224439
222,4.454164981842041,0.5,0.0,0.0,-0.36300939321517944,-0.36300939321517944,-0.35937929928302764,1.0,0,0.10698232054710388,0.20412763953208923,0.05212759971618652,0.0785825252532959,-0.08690740913152695,-0.005866148043423891,1,0.055258032,-0.04374331,-0.050616376,0.10698232,-0.024741795,-0.083636746,-0.0627919,-0.06409902,-0.015893612,0.049216695,0.036837943,-0.054801837,-0.22618723,1.0521276,-1.7842698,-0.082361475,0.8258002,-1.8953573,0.053870097,0.82895756,-2.0298688,0.105826825,0.9985358,-1.7268136,-0.20960982,1.0,-1.7994547,-0.050266776,0.8183776,-1.9204483,0.035032526,0.80972785,-2.034637,0.120591834,1.0,-1.7432541
223,4.473252773284912,0.5,0.0,0.0,-0.35975635051727295,-0.35975635051727295,-0.35615878701210024,1.0,0,0.09058574587106705,0.19718903303146362,0.07299613952636719,0.09267521649599075,-0.09570757299661636,-0.011585530824959278,1,0.029181805,-0.04082902,-0.034320112,0.090585746,-0.02527989,-0.07862568,-0.085029654,-0.06277226,-0.02154686,0.01435389,0.045134947,-0.07926125,-0.21688631,1.0729961,-1.7953713,-0.08137417,0.80460715,-1.8565075,0.06469239,0.82943064,-2.005595,0.08042012,1.0097017,-1.7375891,-0.20813178,1.0,-1.8056673,-0.054198444,0.7970232,-1.8800952,0.039183497,0.81059897,-2.012059,0.08472629,1.0,-1.7613674
224,4.4939422607421875,0.5,0.0,0.0,-0.35942405462265015,-0.35942405462265015,-0.35582981407642367,1.0,0,0.09203853458166122,0.19176672399044037,0.09884238243103027,0.11426372826099396,-0.09117037057876587,-0.010911284945905209,1,0.053069063,-0.039414864,-0.04153644,0.07088642,-0.021894518,-0.092038535,-0.064101055,-0.061970543,-0.0038097436,-0.015958162,0.048242193,-0.07847431,-0.2003865,1.0988424,-1.8165523,-0.08892088,0.80399376,-1.8106251,0.09222314,0.82276386,-1.967474,0.060647607,1.0180541,-1.7511342,-0.18446578,1.0,-1.8290132,-0.06765495,0.7974254,-1.8382367,0.07299282,0.8041727,-1.968617,0.055860158,1.0,-1.7746764
225,4.51415753364563,0.5,0.0,0.0,-0.36315596103668213,-0.36315596103668213,-0.3595244014263153,1.0,0,0.11201497912406921,0.2088489681482315,0.13155198097229004,0.1466902643442154,-0.08150709420442581,-0.006158050615340471,1,0.07730708,-0.031668976,-0.031348586,0.08376363,-0.025732903,-0.11201498,-0.06841407,-0.05967947,-0.007614292,-0.02442542,0.03331438,-0.0736438,-0.15904745,1.131552,-1.8629313,-0.110540554,0.8470999,-1.7857329,0.113734916,0.81621027,-1.9182343,0.039562937,1.0218322,-1.772975,-0.13585533,1.0,-1.8723358,-0.08541147,0.83938,-1.8193374,0.0932107,0.7983064,-1.9205186,0.03223531,1.0,-1.7950681
226,4.53701376914978,0.5,0.0,0.0,-0.3621698319911957,-0.3621698319911957,-0.35854813367128374,1.0,0,0.13780008256435394,0.22115707397460938,0.12825894355773926,0.1450483798980713,-0.07787769287824631,0.005339555907994509,1,0.079815805,-0.014723722,-0.010156471,0.08155014,-0.01300114,-0.13780008,-0.06352756,-0.068701625,0.011184026,-0.025513375,0.015101965,-0.08155907,-0.11882693,1.128259,-1.9038227,-0.15441006,0.88672656,-1.7555134,0.116154954,0.8228615,-1.871304,0.020087443,1.015059,-1.8028836,-0.09488219,1.0,-1.9068696,-0.12994502,0.8828262,-1.7968534,0.09709668,0.802251,-1.8679488,0.01243343,1.0,-1.8273513
227,4.554847240447998,0.5,0.0,0.0,-0.3448752164840698,-0.3448752164840698,-0.34142646431922913,1.0,0,0.12922640144824982,0.2103319764137268,0.10791671276092529,0.12571851909160614,-0.0796765387058258,0.013879508711397648,1,0.11608,-0.014585201,-0.008635214,0.061824393,-0.020649105,-0.1292264,-0.006478562,-0.055810124,0.03450258,0.03531998,-0.044913247,0.04379166,-0.0937332,1.1079167,-1.930766,-0.18489963,0.91640776,-1.7239499,0.12812741,0.840366,-1.8352065,0.014163539,1.019449,-1.8314235,-0.058909196,1.0,-1.9333565,-0.1663523,0.91021305,-1.7627178,0.12618384,0.82362294,-1.8248557,0.024759533,1.0,-1.8182861
228,4.5764641761779785,0.5,0.0,0.0,-0.3445867896080017,-0.3445867896080017,-0.3411409217119217,1.0,0,0.11409863829612732,0.18336278200149536,0.08591938018798828,0.10211560875177383,-0.08610745519399643,0.021931247785687447,1,0.06369583,-0.025507193,0.004538933,0.07972125,-0.0327859,-0.11409864,-0.059963215,-0.043001626,0.016082544,0.024980918,-0.026323576,0.037739728,-0.0871434,1.0859194,-1.976766,-0.19258836,0.9295408,-1.6954161,0.13911727,0.8677009,-1.8064063,0.037406884,1.0118492,-1.8755174,-0.06803465,1.0,-1.9754043,-0.16867198,0.91970503,-1.7296457,0.121128306,0.8548004,-1.8015815,0.04490116,1.0,-1.8641955
229,4.5967326164245605,0.5,0.0,0.0,-0.34934669733047485,-0.34934669733047485,-0.3458532303571701,1.0,0,0.0819268748164177,0.14240522682666779,0.056293487548828125,0.07126972824335098,-0.0994124487042427,0.024867460131645203,1,0.028450778,-0.022311226,0.0017995607,0.05681705,-0.02581666,-0.081926875,-0.05325634,-0.044281967,0.01608713,0.04790356,-0.007754449,0.030842679,-0.08392494,1.0562935,-2.0087764,-0.1931201,0.9105821,-1.6750144,0.13300657,0.90239364,-1.77179,0.048483163,1.0116403,-1.9170828,-0.075389706,1.0,-2.0082366,-0.176075,0.9028371,-1.6995925,0.11702967,0.8891091,-1.7669638,0.06285423,1.0,-1.90783
230,4.616189241409302,0.5,0.0,0.0,-0.34679877758026123,-0.34679877758026123,-0.34333078980445864,1.0,0,0.11013670265674591,0.23225758969783783,0.06932473182678223,0.09816129505634308,-0.09433542937040329,0.027171216905117035,1,0.0755762,-0.04420867,-0.025707014,0.1101367,-0.036300387,-0.10716819,0.0054926816,-0.05160522,0.039539073,0.109545976,-0.015487245,0.06470664,-0.06801683,1.0693247,-2.05,-0.1670486,0.8936927,-1.6864522,0.12593576,0.92001027,-1.7713224,0.053295236,1.0131254,-1.934578,-0.045343965,1.0,-2.057712,-0.13400759,0.88280255,-1.7186027,0.12758356,0.9045287,-1.7594607,0.086159036,1.0,-1.9151659
231,4.636800765991211,0.5,0.0,0.0,-0.3478092551231384,-0.3478092551231384,-0.34433116257190705,1.0,0,0.15541693568229675,0.33093389868736267,0.08695828914642334,0.1306348294019699,-0.07570285350084305,0.023762153461575508,1,0.14926705,-0.062612906,-0.046281382,0.092601456,-0.024727091,-0.130318,0.09190596,-0.07969032,0.036898594,0.15541694,-0.05721543,0.10685608,-0.049816143,1.0869583,-2.05,-0.1395129,0.8714415,-1.7167742,0.14610872,0.9115974,-1.7760158,0.066965796,1.0113034,-1.9198896,-0.0050360262,1.0,-2.0638843,-0.11173246,0.8640233,-1.7558696,0.1736805,0.88769025,-1.7649462,0.11359088,0.9941388,-1.8878328
232,4.65722131729126,0.5,0.0,0.0,-0.3436761200428009,-0.3436761200428009,-0.3402393588423729,1.0,0,0.1734844595193863,0.3416869342327118,0.08140802383422852,0.13025686144828796,-0.0653354600071907,0.014053985476493835,1,0.17348446,-0.043193266,-0.026563928,0.09345378,-0.004069961,-0.14296179,0.08873477,-0.10190808,0.027021138,0.1411068,-0.07894198,0.09879951,-0.020822227,1.081408,-2.05,-0.15010089,0.8680357,-1.7220975,0.15455836,0.88918287,-1.7863444,0.07198298,1.000055,-1.907992,0.031223115,1.0,-2.057969,-0.122064754,0.8668147,-1.764986,0.1811788,0.85861045,-1.778238,0.11431502,0.97637236,-1.8783522
233,4.676771640777588,0.5,0.0,0.0,-0.34848105907440186,-0.34848105907440186,-0.34499624848365784,1.0,0,0.1528751105070114,0.28741058707237244,0.05853152275085449,0.10337428003549576,-0.05604860931634903,0.002021240536123514,1,0.15287511,-0.043986514,-0.01684792,0.05522986,-0.013374832,-0.12086049,0.069042504,-0.10983285,-0.008580234,0.10318887,-0.065590195,0.08558704,0.0030721799,1.0585315,-2.05,-0.1553132,0.8683729,-1.724441,0.17294426,0.8756187,-1.7958004,0.07282172,0.9874863,-1.881929,0.048934713,1.0,-2.0550544,-0.13874424,0.86436045,-1.7606992,0.19365701,0.84266883,-1.7983745,0.103778385,0.96780926,-1.8562529
234,4.696816921234131,0.5,0.0,0.0,-0.3453843295574188,-0.3453843295574188,-0.34193048626184464,1.0,0,0.1186739057302475,0.24750755727291107,0.04229271411895752,0.08423976600170135,-0.04875321686267853,-0.004761482123285532,1,0.118673906,-0.047811616,-0.0025688184,0.034485552,-0.030895956,-0.11759467,0.034597334,-0.08225847,-0.021913808,0.09562506,-0.05119877,0.09328727,0.0119522065,1.0422927,-2.05,-0.15772444,0.8828514,-1.7234752,0.17998174,0.8804824,-1.7986091,0.09855122,0.97500443,-1.8633058,0.04755438,1.0,-2.0507705,-0.14737877,0.87358266,-1.7587537,0.19036093,0.85580486,-1.8051833,0.12723874,0.9596448,-1.8353196
235,4.717028856277466,0.5,0.0,0.0,-0.3437258303165436,-0.3437258303165436,-0.34028857201337814,1.0,0,0.11585857719182968,0.19566887617111206,0.03475761413574219,0.06185484305024147,-0.04718506336212158,-0.0026434350293129683,1,0.07140597,-0.03679158,0.01495602,0.06501946,-0.027017226,-0.11585858,0.007621481,-0.05261866,0.008508685,0.074561365,-0.02613479,0.06393662,0.015078396,1.022407,-2.05,-0.17444187,0.90478075,-1.7168337,0.1716826,0.8926507,-1.78148,0.112888284,0.970954,-1.8654102,0.036500186,1.0,-2.0455132,-0.15493603,0.8966756,-1.7515913,0.17396905,0.87686515,-1.7789273,0.1352567,0.96311355,-1.8462292
236,4.736419439315796,0.5,0.0,0.0,-0.3445608615875244,-0.3445608615875244,-0.3411152529716492,1.0,0,0.10095413774251938,0.164543017745018,0.030286192893981934,0.04936288669705391,-0.049393896013498306,0.0025269624311476946,1,0.046833068,-0.04383443,0.019767331,0.056594756,-0.027988879,-0.10095414,-0.029178135,-0.03953839,0.0057571745,0.061253205,-0.014590419,0.044476453,0.016064383,1.00483,-2.0202157,-0.18653241,0.90631527,-1.7233857,0.16235068,0.9030071,-1.7690976,0.12101419,0.9708895,-1.8658743,0.030114304,0.99167967,-2.0142856,-0.16955398,0.8979186,-1.7536719,0.15359724,0.8911456,-1.7673705,0.13939016,0.9665124,-1.8525313
237,4.757093191146851,0.5,0.0,0.0,-0.3465943932533264,-0.3465943932533264,-0.34312844932079317,1.0,0,0.08647342771291733,0.15905919671058655,0.025942087173461914,0.047717805951833725,-0.051533401012420654,0.004213384352624416,1,0.031095585,-0.050056357,0.020698797,0.051310886,-0.030103136,-0.08647343,-0.048148032,-0.044859767,-0.0117029175,0.06110572,-0.015488407,0.04405409,0.013725825,0.99909145,-1.99073,-0.17959934,0.89951426,-1.7218972,0.13994442,0.9207359,-1.7724423,0.13175079,0.9675987,-1.8609288,0.0230545,0.98407453,-1.9845204,-0.16420607,0.8904833,-1.7478393,0.12550001,0.90727794,-1.7759532,0.15008251,0.96295214,-1.8477125
238,4.77329421043396,0.5,0.0,0.0,-0.34852826595306396,-0.34852826595306396,-0.34504298329353333,1.0,0,0.08626615256071091,0.16232416033744812,0.025879859924316406,0.04869726672768593,-0.05121486261487007,0.004457860719412565,1,0.0505203,-0.05042601,0.009834854,0.046598077,-0.030374875,-0.08626615,-0.036307894,-0.04670135,-0.0066219275,0.069690555,-0.011581368,0.045688394,0.006112367,0.9978148,-1.966101,-0.17203522,0.8935787,-1.7244489,0.122847915,0.921555,-1.7825108,0.14059523,0.9638685,-1.8419806,0.021268457,0.982687,-1.9631506,-0.1580558,0.88446623,-1.7503288,0.111955546,0.90754455,-1.7844974,0.16150239,0.9603941,-1.828274
239,4.796551704406738,0.5,0.0,0.0,-0.34785139560699463,-0.34785139560699463,-0.34437288165092467,1.0,0,0.09350056946277618,0.15864646434783936,0.02805018424987793,0.04759392514824867,-0.04948017746210098,0.0075680045410990715,1,0.050821222,-0.042343784,0.015661212,0.04995208,-0.031642333,-0.09350057,-0.01462149,-0.043560684,0.0042953775,0.06362672,-0.010510931,0.04494686,-0.010987289,0.9936702,-1.9333185,-0.16437791,0.88955224,-1.7469624,0.11846639,0.9219825,-1.7949008,0.1428464,0.9638818,-1.8169649,0.004259078,0.9809671,-1.9286201,-0.14939229,0.88005954,-1.7750126,0.114079945,0.9089143,-1.7936121,0.16193442,0.9607285,-1.8034809
240,4.814562797546387,0.5,0.0,0.0,-0.34864160418510437,-0.34864160418510437,-0.3451551881432533,1.0,0,0.10068991780281067,0.1494123637676239,0.030206918716430664,0.04482366889715195,-0.053089600056409836,0.01201083417981863,1,0.050033774,-0.025802707,0.027901659,0.041269694,-0.018977148,-0.10068992,-0.021244394,-0.03937757,0.0059573553,0.045192603,-0.017384686,0.042339228,-0.034971155,0.97325855,-1.8690186,-0.16893876,0.89303976,-1.7811977,0.1107354,0.9180101,-1.812726,0.14903295,0.9568656,-1.7831514,-0.019961022,0.96551776,-1.860648,-0.15655784,0.8873466,-1.8114046,0.104362085,0.90619683,-1.8109388,0.16259073,0.9516502,-1.7704496
241,4.836009740829468,0.5,0.0,0.0,-0.35130250453948975,-0.35130250453948975,-0.34778947949409483,1.0,0,0.09577419608831406,0.1330709606409073,0.0287322998046875,0.03992127999663353,-0.05864064395427704,0.01844114437699318,1,0.042528573,-0.016758302,0.038139172,0.016247585,-0.007418267,-0.095774196,-0.033322807,-0.03975018,-0.0042179157,0.0081115095,-0.023112347,0.03692964,-0.046510488,0.97501534,-1.8247999,-0.15745717,0.89157915,-1.8345848,0.09701919,0.91175175,-1.8654135,0.14778937,0.95330536,-1.7554529,-0.033751916,0.96998787,-1.8133582,-0.1525829,0.8893537,-1.8633171,0.08702235,0.8998267,-1.866679,0.15022282,0.9463717,-1.744374
242,4.854703426361084,0.5,0.0,0.0,-0.3533700108528137,-0.3533700108528137,-0.34983631074428556,1.0,0,0.0869017168879509,0.1327337771654129,0.026070475578308105,0.039820101112127304,-0.062115415930747986,0.02430749125778675,1,0.05336711,-0.0035674265,0.030153342,0.021533677,-0.0046842475,-0.08690172,-0.00972774,-0.037224013,0.008767,0.029457184,-0.017538792,0.05548202,-0.06125218,0.97934985,-1.7765038,-0.14406136,0.88452584,-1.8840042,0.08321029,0.8871682,-1.9162182,0.14873356,0.9458656,-1.7238045,-0.04524205,0.97827965,-1.7674578,-0.13760126,0.88312054,-1.9100747,0.080291964,0.876001,-1.913588,0.1575707,0.9406039,-1.7071599
243,4.8789708614349365,0.5,0.0,0.0,-0.36249274015426636,-0.36249274015426636,-0.35886781275272367,1.0,0,0.07234413176774979,0.1596042364835739,0.021703243255615234,0.04788128659129143,-0.05538365989923477,0.025957390666007996,1,0.05733246,-0.024362033,-0.00885683,0.057230268,-0.002772273,-0.07234413,-0.067921475,-0.052577067,-0.018888216,-0.01786532,0.04710907,-0.052201662,-0.09080658,0.988862,-1.7521944,-0.12996946,0.8787332,-1.9310225,0.073307395,0.8719466,-1.9583046,0.16474997,0.956699,-1.6740316,-0.07360684,0.9815534,-1.7548515,-0.11280038,0.87790155,-1.9527258,0.05293095,0.85617346,-1.9639711,0.15939038,0.97083175,-1.6896921
244,4.89480447769165,0.5,0.0,0.0,-0.35949644446372986,-0.35949644446372986,-0.35590148001909255,1.0,0,0.08153757452964783,0.1613483726978302,0.02446138858795166,0.04840456321835518,-0.05703165382146835,0.026309410110116005,1,0.042212967,-0.036874134,-0.0038735687,0.0652862,-0.00997519,-0.081537575,-0.062368594,-0.06388131,-0.012564479,0.019117538,0.035246063,-0.046154037,-0.11938664,0.9945272,-1.7500933,-0.12645149,0.885017,-1.9782532,0.056629047,0.86816806,-2.0063386,0.17310148,0.96576875,-1.6679523,-0.10672275,0.98346496,-1.7512554,-0.10686563,0.8820244,-2.0027146,0.037918467,0.8490037,-2.010108,0.17883675,0.97634256,-1.6817985
245,4.918957233428955,0.5,0.0,0.0,-0.35995784401893616,-0.35995784401893616,-0.3563582655787468,1.0,0,0.07267137616872787,0.1609504371881485,0.021801412105560303,0.0482851006090641,-0.055227093398571014,0.02458774857223034,1,0.040977914,-0.027543379,-0.035582833,0.072671376,-0.008433756,-0.06560434,-0.06411166,-0.04533636,0.008395349,0.0034042073,0.055109423,-0.057097126,-0.13834317,0.9853862,-1.7435005,-0.12246869,0.8902226,-1.9932573,0.052762635,0.86245793,-2.0299778,0.17887446,0.972463,-1.6652805,-0.1260498,0.9771232,-1.7541753,-0.100667275,0.8876925,-2.0129385,0.033529136,0.84885705,-2.0274591,0.17989573,0.98899585,-1.6824096
246,4.936407566070557,0.5,0.0,0.0,-0.35860833525657654,-0.35860833525657654,-0.35502225190401077,1.0,0,0.07764692604541779,0.1627243608236313,0.02329397201538086,0.048817262053489685,-0.05456583946943283,0.022570595145225525,1,0.047252174,-0.035102136,-0.037633475,0.07267855,-0.012245434,-0.077646926,-0.045573555,-0.049962357,0.008694398,0.022592349,0.047847494,-0.051848516,-0.149717,1.0061635,-1.7626979,-0.12522653,0.9001629,-2.017176,0.05481387,0.8528706,-2.05,0.171538,0.984915,-1.6741005,-0.13554135,0.9956328,-1.773988,-0.10342296,0.89648926,-2.04047,0.0411418,0.83788186,-2.0473917,0.1783157,0.99926925,-1.6896551
247,4.956775665283203,0.5,0.0,0.0,-0.3581613004207611,-0.3581613004207611,-0.3545796874165535,1.0,0,0.07606470584869385,0.15805554389953613,0.02281951904296875,0.047889456152915955,-0.05648587644100189,0.018769681453704834,1,0.04639592,-0.039780643,-0.031074714,0.06559261,-0.013971527,-0.076064706,-0.048201147,-0.05813716,-0.0061015473,0.023381572,0.03469243,-0.05006625,-0.15508339,1.0154052,-1.7561313,-0.11845241,0.89405364,-2.0358565,0.04275164,0.8394112,-2.05,0.16136366,0.9923527,-1.6770967,-0.14116462,1.0,-1.7654537,-0.09877463,0.8898622,-2.058676,0.028291296,0.82197005,-2.0518305,0.16837813,1.0,-1.6921166
248,4.976419448852539,0.5,0.0,0.0,-0.35701417922973633,-0.35701417922973633,-0.35344403743743896,1.0,0,0.08012042194604874,0.16343086957931519,0.025816917419433594,0.05350687354803085,-0.059002939611673355,0.014751865528523922,1,0.04764914,-0.03642265,-0.034334112,0.07428542,-0.007788587,-0.08012042,-0.050314505,-0.05758155,-0.004315165,0.020735493,0.03131605,-0.051565874,-0.1598914,1.0258169,-1.7524107,-0.10708734,0.88477665,-2.0363398,0.038597018,0.8307207,-2.05,0.14219818,1.0005082,-1.6815404,-0.14559665,1.0,-1.7627109,-0.08480171,0.8824401,-2.060376,0.023502667,0.8134463,-2.0512946,0.14841883,1.0,-1.6970102
249,4.994944095611572,0.5,0.0,0.0,-0.3561866283416748,-0.3561866283416748,-0.35262476205825805,1.0,0,0.0828927531838417,0.1617877036333084,0.0453791618347168,0.06547446548938751,-0.060624491423368454,0.01251742709428072,1,0.043451652,-0.028897768,-0.029823177,0.06879792,-0.008281763,-0.08289275,-0.057815727,-0.05352329,-0.0070662564,-0.0018505072,0.031804085,-0.06014568,-0.15399289,1.0453792,-1.7485837,-0.10646568,0.87972456,-2.0425148,0.045514345,0.8255606,-2.05,0.12893912,1.0061691,-1.6819532,-0.1409574,1.0,-1.7575306,-0.08582631,0.87724006,-2.0673826,0.028169626,0.8095036,-2.0521197,0.12838396,1.0,-1.699997
250,5.016056060791016,0.5,0.0,0.0,-0.35569044947624207,-0.35569044947624207,-0.35213354498147964,1.0,0,0.08393560349941254,0.15654797852039337,0.05276668071746826,0.06974060833454132,-0.06651496142148972,0.00979624129831791,1,0.049171492,-0.020671172,-0.029612921,0.061545838,-0.0041006855,-0.0839356,-0.047795985,-0.056698937,-0.009290967,0.0011744477,0.031248953,-0.058068026,-0.15693992,1.0527667,-1.7361166,-0.1036399,0.8685528,-2.032263,0.05086609,0.823292,-2.05,0.106500186,0.99965,-1.6874373,-0.14218847,1.0,-1.7450005,-0.08517615,0.8673226,-2.0574436,0.036527295,0.80628234,-2.0527873,0.106852524,1.0,-1.7048577
251,5.03505802154541,0.5,0.0,0.0,-0.35793107748031616,-0.35793107748031616,-0.354351766705513,1.0,0,0.07775654643774033,0.16366544365882874,0.062364816665649414,0.078636035323143,-0.06903491914272308,0.0057749818079173565,1,0.056098238,-0.027083863,-0.038562704,0.0665838,-0.006416214,-0.07775655,-0.056289013,-0.058822304,-0.017580789,0.0049126954,0.028746884,-0.055767175,-0.15835713,1.0623648,-1.7363076,-0.102198005,0.84918773,-2.006312,0.05717209,0.81738484,-2.05,0.089066885,1.0048865,-1.6892407,-0.14152765,1.0,-1.7478764,-0.082222864,0.84726286,-2.0296388,0.040285386,0.79973817,-2.0552742,0.09054069,1.0,-1.7059709
252,5.0546791553497314,0.5,0.0,0.0,-0.36012038588523865,-0.36012038588523865,-0.35651918202638627,1.0,0,0.07531307637691498,0.1746009737253189,0.07365894317626953,0.0903957262635231,-0.06981716305017471,-1.0015774932981003e-05,1,0.060720414,-0.03617451,-0.048792828,0.07531308,-0.015847225,-0.073478505,-0.06129108,-0.059669215,-0.022131067,0.019519687,0.03052703,-0.05164493,-0.16367781,1.073659,-1.7438098,-0.09843524,0.83041865,-1.9770659,0.06284794,0.8144566,-2.05,0.07776438,1.0142722,-1.6933737,-0.14546168,1.0,-1.7584476,-0.075841315,0.82566446,-1.9991095,0.044460617,0.7965558,-2.0566392,0.08362028,1.0,-1.7088672
253,5.0731377601623535,0.5,0.0,0.0,-0.36046311259269714,-0.36046311259269714,-0.3568584814667702,1.0,0,0.07589629292488098,0.1778557151556015,0.08498525619506836,0.10121187567710876,-0.0712202787399292,-0.004319316707551479,1,0.054366894,-0.037742626,-0.04569048,0.07589629,-0.022850277,-0.07204516,-0.06518453,-0.062045444,-0.019835744,0.01620324,0.03624505,-0.060195643,-0.16796772,1.0849853,-1.7555219,-0.09540741,0.80872,-1.9362644,0.07205975,0.81348014,-2.0240686,0.05782101,1.0205146,-1.7058525,-0.15165766,1.0,-1.769229,-0.07263853,0.8018649,-1.957878,0.05250439,0.7948665,-2.0300193,0.06268198,1.0,-1.7239112
254,5.096641540527344,0.5,0.0,0.0,-0.3604263663291931,-0.3604263663291931,-0.3568221026659012,1.0,0,0.08191101998090744,0.1872568577528,0.09947800636291504,0.1167873740196228,-0.07520875334739685,-0.008491745218634605,1,0.04633371,-0.045363214,-0.044608448,0.08191102,-0.030263385,-0.0752259,-0.073687196,-0.058984514,-0.019649334,0.021114035,0.04190766,-0.06394709,-0.16951907,1.099478,-1.7756315,-0.09652598,0.7974092,-1.8896508,0.0850432,0.8148724,-1.9886165,0.039472695,1.0305094,-1.7242671,-0.15561895,1.0,-1.7890141,-0.07195267,0.78833014,-1.9122186,0.062937036,0.797177,-1.9945112,0.045806907,1.0,-1.7434512
255,5.11516547203064,0.5,0.0,0.0,-0.36011701822280884,-0.36011701822280884,-0.35651584804058073,1.0,0,0.08836327493190765,0.19473443925380707,0.12064540386199951,0.14067409932613373,-0.07888640463352203,-0.01208655908703804,1,0.040834438,-0.05310411,-0.046991847,0.088363275,-0.029400628,-0.074119814,-0.080048665,-0.061104473,-0.015580318,0.024044998,0.041876055,-0.06590525,-0.16085266,1.1206454,-1.8150264,-0.10221284,0.7924705,-1.8233984,0.09316515,0.8170285,-1.9430149,0.020744644,1.0472502,-1.747041,-0.14860232,1.0,-1.829124,-0.07570386,0.78365034,-1.8456343,0.06915055,0.7986972,-1.9476889,0.027958144,1.0,-1.7668126
256,5.136470079421997,0.5,0.0,0.0,-0.35846686363220215,-0.35846686363220215,-0.35488219499588014,1.0,0,0.08902476727962494,0.202678844332695,0.12654221057891846,0.14944490790367126,-0.08051887154579163,-0.012280252762138844,1,0.043580215,-0.05142449,-0.04517283,0.08695856,-0.031559203,-0.08902477,-0.08090053,-0.06562107,-0.0048869667,0.016654855,0.043691594,-0.07035615,-0.13217962,1.1265422,-1.883693,-0.1258235,0.8110526,-1.7629625,0.09718004,0.83518255,-1.897184,0.005087808,1.0550779,-1.7925158,-0.119105555,1.0,-1.8972448,-0.09973593,0.80158484,-1.7896699,0.07290988,0.8154962,-1.89865,0.010084264,1.0,-1.8136226
257,5.154216766357422,0.5,0.0,0.0,-0.3556252121925354,-0.3556252121925354,-0.35206896007061006,1.0,0,0.12183279544115067,0.22103217244148254,0.12448549270629883,0.15335020422935486,-0.07880450785160065,-0.003478592960163951,1,0.046030205,-0.028690794,-0.029774623,0.098207705,-0.023241626,-0.121832795,-0.08349614,-0.05354438,0.019078795,-0.010283182,0.04874372,-0.08552368,-0.09242825,1.1244855,-1.9282153,-0.15490124,0.8634975,-1.7307724,0.12103289,0.8473943,-1.853429,-0.005461745,1.0625348,-1.8299631,-0.07861919,1.0,-1.9371476,-0.12543893,0.856525,-1.7673222,0.09598405,0.83133096,-1.8477054,-0.0085467,1.0,-1.8556201
258,5.175971269607544,0.5,0.0,0.0,-0.33956485986709595,-0.33956485986709595,-0.336169211268425,1.0,0,0.13603611290454865,0.22689971327781677,0.11140048503875732,0.13886968791484833,-0.07740794867277145,0.01437935046851635,1,0.09553995,-0.029327603,-0.0068236375,0.10562083,-0.023838472,-0.13603611,-0.0032435798,-0.027361374,0.07572421,0.059464812,-0.020903666,0.02743579,-0.07242659,1.1114005,-1.9542153,-0.17656974,0.8906432,-1.7212963,0.12118587,0.86584914,-1.824835,0.01301863,1.0485587,-1.8714918,-0.0437646,1.0,-1.9562624,-0.1448835,0.88349164,-1.7621071,0.12021279,0.85764074,-1.8021177,0.030858075,1.0,-1.8632611
259,5.194173097610474,0.5,0.0,0.0,-0.3456689417362213,-0.3456689417362213,-0.3422122523188591,1.0,0,0.12121592462062836,0.2055380493402481,0.0894094705581665,0.11376982927322388,-0.07884833216667175,0.028102807700634003,1,0.04294606,-0.029894684,0.0061914437,0.10971064,-0.03321703,-0.121215925,-0.029910143,-0.023874175,0.058811594,0.06776609,-0.013060265,0.04416102,-0.06755381,1.0894095,-1.9859437,-0.1794427,0.8887296,-1.7068282,0.11185391,0.9006687,-1.7864782,0.03718864,1.0352587,-1.918758,-0.05466999,1.0,-1.9840863,-0.14652951,0.87876445,-1.743193,0.102880865,0.8935064,-1.7688347,0.05751847,1.0,-1.9055097
260,5.2162065505981445,0.5,0.0,0.0,-0.3518313467502594,-0.3518313467502594,-0.3483130332827568,1.0,0,0.07357702404260635,0.143964022397995,0.041322946548461914,0.05916517227888107,-0.09856045991182327,0.03142271935939789,1,0.009674772,-0.029549962,0.0067941085,0.051382344,-0.020634793,-0.073577024,-0.06444001,-0.056131914,-0.0017417244,0.048954833,-0.013447558,0.036734294,-0.052591052,1.041323,-2.0150492,-0.1900596,0.8772715,-1.6762253,0.09853393,0.9377154,-1.7657071,0.046890236,1.0047419,-1.9626267,-0.04968862,1.0,-2.013011,-0.1746449,0.87108105,-1.6982985,0.07920192,0.92087585,-1.7662296,0.061576687,1.0,-1.9516064
261,5.236562490463257,0.5,0.0,0.0,-0.3529430329799652,-0.3529430329799652,-0.3494136026501656,1.0,0,0.07198769599199295,0.15900249779224396,0.04076504707336426,0.06240216642618179,-0.10111749172210693,0.029477711766958237,1,0.028572198,-0.041400053,-0.01043864,0.057694703,-0.02952693,-0.071987696,-0.047488313,-0.063640244,-0.004296316,0.06128984,-0.012989675,0.05487162,-0.022621624,1.040765,-2.05,-0.19214283,0.85748655,-1.6741018,0.08960087,0.9375446,-1.7698784,0.059192162,1.0112393,-1.9800212,-0.014049964,1.0,-2.0531316,-0.17483442,0.84862846,-1.6956981,0.075354375,0.9184525,-1.7711673,0.07757911,1.0,-1.9635597
262,5.254262685775757,0.5,0.0,0.0,-0.34856873750686646,-0.34856873750686646,-0.3450830501317978,1.0,0,0.10868094116449356,0.23471064865589142,0.05787086486816406,0.0911787897348404,-0.08506451547145844,0.02886761538684368,1,0.10008709,-0.05434357,-0.039014027,0.07857163,-0.02888433,-0.10868094,0.023532728,-0.064299636,0.016547287,0.09522295,-0.026397873,0.08396834,-0.008178361,1.0578709,-2.05,-0.17625818,0.8640767,-1.6986943,0.122340225,0.923869,-1.7792138,0.07174531,1.0183035,-1.977462,0.021847768,1.0,-2.0617042,-0.15268669,0.85541135,-1.7312987,0.12940004,0.9045791,-1.7742496,0.1003122,1.0,-1.9522716
263,5.278249740600586,0.5,0.0,0.0,-0.34670060873031616,-0.34670060873031616,-0.343233602643013,1.0,0,0.1407657414674759,0.29566919803619385,0.05704975128173828,0.10506346076726913,-0.07384885847568512,0.024665413424372673,1,0.14076574,-0.03058179,-0.0018431013,0.06812033,0.0016407648,-0.12117842,0.08938867,-0.10094019,0.020835565,0.12922838,-0.06520667,0.08817079,-0.006835155,1.0570498,-2.05,-0.18255195,0.86169094,-1.7094274,0.13371831,0.9074898,-1.7809399,0.077194,1.0099027,-1.9617126,0.035394568,1.0,-2.0505528,-0.16211584,0.86218315,-1.745781,0.16053492,0.8772077,-1.7746893,0.11596251,0.9903407,-1.9352614
264,5.294414520263672,0.5,0.0,0.0,-0.3503299951553345,-0.3503299951553345,-0.3468266952037811,1.0,0,0.11046499013900757,0.2406197041273117,0.033780574798583984,0.0789312794804573,-0.07154648005962372,0.017668526619672775,1,0.11046499,-0.036786247,0.008797512,0.033351045,-0.008886016,-0.10149034,0.046954922,-0.10757371,-0.020280896,0.090994924,-0.05797601,0.083328776,0.00934647,1.0337806,-2.05,-0.19689703,0.857669,-1.7007542,0.13553083,0.8980175,-1.7898407,0.08229606,0.9941272,-1.9422617,0.042485967,1.0,-2.0473607,-0.18689172,0.8550032,-1.7312013,0.14961731,0.8657454,-1.795925,0.10959454,0.9767344,-1.917263
265,5.317113399505615,0.5,0.0,0.0,-0.34987378120422363,-0.34987378120422363,-0.3463750433921814,1.0,0,0.09889121353626251,0.20073235034942627,0.029667377471923828,0.06292828917503357,-0.06544547528028488,0.011060789227485657,1,0.08001785,-0.039539635,0.011006187,0.026253399,-0.018378919,-0.09889121,0.01143346,-0.08638523,-0.030988658,0.0665483,-0.042460516,0.08133019,0.022658095,1.0217775,-2.05,-0.20624995,0.86446553,-1.7002016,0.13922003,0.8919724,-1.7943686,0.09377751,0.97920585,-1.9235202,0.04666345,1.0,-2.046698,-0.19837393,0.85895187,-1.729869,0.14265007,0.86605686,-1.8036653,0.113742,0.9664677,-1.8991212
266,5.336511135101318,0.5,0.0,0.0,-0.3463106155395508,-0.3463106155395508,-0.34284750938415526,1.0,0,0.10117367655038834,0.1964852660894394,0.030352115631103516,0.0593528114259243,-0.05833736062049866,0.010335855185985565,1,0.07871857,-0.0437093,0.009449116,0.04400837,-0.024603546,-0.10117368,0.0095682405,-0.06610175,-0.011020037,0.07813744,-0.030768273,0.07744216,0.027638294,1.0148363,-2.0208418,-0.21226344,0.87292206,-1.7041523,0.1295616,0.89857006,-1.7811077,0.11710167,0.9726099,-1.9082519,0.051253866,1.0,-2.018007,-0.19906092,0.865541,-1.7345045,0.13243207,0.87873954,-1.7844137,0.14054291,0.9633794,-1.8850192
267,5.356709241867065,0.5,0.0,0.0,-0.34753328561782837,-0.34753328561782837,-0.3440579527616501,1.0,0,0.09437285363674164,0.16201664507389069,0.028311848640441895,0.04860499128699303,-0.05907900258898735,0.012477819807827473,1,0.03981711,-0.04239562,0.030751185,0.04488707,-0.022761578,-0.09437285,-0.011482339,-0.053434763,-0.001923615,0.065629095,-0.015367063,0.054292273,0.018847294,1.0050377,-1.9869765,-0.2139308,0.87839234,-1.7151968,0.11118561,0.9143623,-1.778776,0.12554973,0.9634675,-1.8964424,0.030792426,0.992319,-1.9777511,-0.20046468,0.87156385,-1.7435087,0.10774091,0.8983319,-1.7793531,0.14523846,0.95885736,-1.8801547
268,5.376666069030762,0.5,0.0,0.0,-0.35069704055786133,-0.35069704055786133,-0.3471900701522827,1.0,0,0.08243422210216522,0.1410519927740097,0.024730324745178223,0.04231562837958336,-0.06477509438991547,0.015812845900654793,1,0.017042663,-0.039315224,0.039112676,0.038244806,-0.018235689,-0.08243422,-0.033201564,-0.04811226,-0.004217029,0.05217424,-0.008322439,0.041385833,0.0056880787,0.9848053,-1.9447526,-0.21342167,0.87597793,-1.7282374,0.08579902,0.9319585,-1.7848814,0.13284479,0.95392954,-1.8844547,0.010800878,0.9730107,-1.9330188,-0.20194823,0.87050724,-1.7529677,0.07583855,0.9175248,-1.7861465,0.14849706,0.9514328,-1.872039
269,5.396819829940796,0.5,0.0,0.0,-0.35216522216796875,-0.35216522216796875,-0.34864356994628903,1.0,0,0.06700702011585236,0.1334155946969986,0.02010214328765869,0.040024738758802414,-0.05973724648356438,0.018383009359240532,1,0.020414159,-0.04854809,0.023840902,0.03637719,-0.025095709,-0.06700702,-0.049336944,-0.041235235,-0.008934437,0.04513733,-0.00014235823,0.041987382,-0.0017280653,0.98176783,-1.9087169,-0.19653894,0.86722666,-1.7536376,0.07225214,0.93708044,-1.7979478,0.14521128,0.9513311,-1.8579262,0.0043961825,0.9672034,-1.9015646,-0.18562578,0.85969794,-1.7737397,0.057451054,0.92470986,-1.8006281,0.15875249,0.95128834,-1.84533
270,5.415286064147949,0.5,0.0,0.0,-0.3531506061553955,-0.3531506061553955,-0.34961910009384156,1.0,0,0.07754332572221756,0.14374588429927826,0.023262977600097656,0.043123770505189896,-0.054019633680582047,0.019955236464738846,1,0.056162357,-0.04014679,0.010430104,0.03864376,-0.019809488,-0.077543326,-0.017226052,-0.0444797,0.001584219,0.05434289,-0.00596907,0.0512145,-0.014880344,0.97980833,-1.8700109,-0.18195498,0.86253047,-1.7849675,0.06265584,0.9317243,-1.8159336,0.15267932,0.94722617,-1.8179666,0.0019683633,0.9677643,-1.8668818,-0.17036185,0.85658765,-1.8082305,0.05748802,0.9183804,-1.8154583,0.1689822,0.94543546,-1.8026022
271,5.438508033752441,0.5,0.0,0.0,-0.3532204031944275,-0.3532204031944275,-0.3496881991624832,1.0,0,0.09494602680206299,0.16486796736717224,0.028483867645263672,0.04946042597293854,-0.051264774054288864,0.024795280769467354,1,0.07249891,-0.022063758,0.016351156,0.044674307,-0.013800498,-0.09494603,0.012130163,-0.04323398,0.021017715,0.061805032,-0.012158441,0.059535164,-0.043748684,0.9766855,-1.8219817,-0.16683152,0.8510271,-1.8333299,0.04573588,0.92533493,-1.8460234,0.15670153,0.941888,-1.775658,-0.02199901,0.97006637,-1.8170763,-0.15342923,0.84688693,-1.8618138,0.04937493,0.9123647,-1.8397181,0.17524305,0.93824047,-1.7577975
272,5.45612645149231,0.5,0.0,0.0,-0.3532506227493286,-0.3532506227493286,-0.3497181165218353,1.0,0,0.08127016574144363,0.1389324963092804,0.024381041526794434,0.04167971387505531,-0.05495058372616768,0.029007941484451294,1,0.03492979,-0.022134224,0.040448252,0.03988413,-0.020588025,-0.081270166,-0.02570358,-0.045383345,0.0014855072,0.04234035,-0.016927402,0.05034822,-0.07912176,0.97914445,-1.7759258,-0.1521923,0.8560666,-1.9053439,0.034385234,0.92214584,-1.8985701,0.1643095,0.94594806,-1.7395481,-0.068642825,0.9725042,-1.7637913,-0.14022705,0.8498902,-1.9297249,0.02667416,0.90853083,-1.8981245,0.17701161,0.94086987,-1.7244437
273,5.476747989654541,0.5,0.0,0.0,-0.3580303490161896,-0.3580303490161896,-0.35445004552602766,1.0,0,0.08520131558179855,0.16680210828781128,0.025560379028320312,0.05004062131047249,-0.05981991067528725,0.0321219339966774,1,0.026884606,-0.017649436,0.015510499,0.06693752,0.009799001,-0.085201316,-0.07475098,-0.05295788,-0.016667658,-0.021382457,0.0443581,-0.060143627,-0.09524623,0.97914046,-1.7635086,-0.14500336,0.8585427,-1.9548242,0.026252247,0.9093838,-1.9420573,0.17250541,0.95555574,-1.727014,-0.08718085,0.9738456,-1.7588555,-0.124922104,0.8614824,-1.9803846,0.0038269516,0.8934964,-1.9470576,0.16609067,0.9688632,-1.745057
274,5.49386739730835,0.5,0.0,0.0,-0.36621585488319397,-0.36621585488319397,-0.362553696334362,1.0,0,0.06312739849090576,0.15017637610435486,0.01893824338912964,0.04505292698740959,-0.050840865820646286,0.03133256733417511,1,0.051063802,-0.03689974,-0.023830138,0.0560798,-0.0057337154,-0.05489152,-0.057459038,-0.0631274,-0.010256278,0.001542176,0.04782423,-0.046300456,-0.115789294,0.98523474,-1.7579238,-0.13689366,0.86480224,-1.990687,0.02104745,0.8999832,-1.9742808,0.18938763,0.96139956,-1.6938459,-0.100470155,0.97416484,-1.765073,-0.12006972,0.8630821,-2.0071545,0.003809739,0.881045,-1.9773577,0.18985029,0.9757468,-1.707736
275,5.514106750488281,0.5,0.0,0.0,-0.3659759759902954,-0.3659759759902954,-0.36231621623039245,1.0,0,0.08321530371904373,0.16591793298721313,0.0249645933508873,0.049775317311286926,-0.033449262380599976,0.030146226286888123,1,0.0832153,-0.039538186,-0.05429996,0.0581596,-0.007944116,-0.07351904,-0.022459585,-0.058729928,0.0070547513,0.027264377,0.039128065,-0.031044485,-0.118653364,0.99486136,-1.7628657,-0.14106752,0.8837848,-2.0292792,0.021177359,0.8895381,-1.992236,0.20886165,0.98181725,-1.6709213,-0.09368877,0.9829999,-1.7791556,-0.12361964,0.88140154,-2.0513349,0.014439483,0.87191916,-1.9901196,0.21704096,0.99355567,-1.6802347
276,5.53595495223999,0.5,0.0,0.0,-0.3585813045501709,-0.3585813045501709,-0.3549954915046692,1.0,0,0.10708252340555191,0.18444593250751495,0.03212475776672363,0.05573388561606407,-0.025149263441562653,0.03408330678939819,1,0.07541361,-0.023282874,-0.034755815,0.08528887,-0.0014688629,-0.10708252,-0.019608572,-0.05289091,0.03501939,0.02449291,0.02877453,-0.044764254,-0.12753454,1.0096552,-1.7653408,-0.14455898,0.90297794,-2.05,0.022014946,0.88152903,-2.0227215,0.20499882,0.98995316,-1.669755,-0.104910456,1.0,-1.7757676,-0.11897232,0.9025373,-2.0821247,0.016132373,0.86566174,-2.0122156,0.21234669,0.9985855,-1.6831843
277,5.553100109100342,0.5,0.0,0.0,-0.3574376106262207,-0.3574376106262207,-0.3538632345199585,1.0,0,0.11375195533037186,0.18217964470386505,0.034125566482543945,0.05846906825900078,-0.025988096371293068,0.04011255130171776,1,0.06537404,-0.014903927,-0.021886436,0.076464385,-0.005150069,-0.113751955,-0.03404848,-0.051142793,0.038706463,0.0016742584,0.023696396,-0.059701648,-0.13667803,1.0219146,-1.7428658,-0.13204832,0.9157072,-2.05,0.017919108,0.8576568,-2.0475576,0.18440291,0.9953241,-1.6855983,-0.11706582,1.0,-1.7494317,-0.10910901,0.91416216,-2.0841255,0.0077045644,0.84231395,-2.0359457,0.18490519,1.0,-1.7035087
278,5.574105978012085,0.5,0.0,0.0,-0.3626766800880432,-0.3626766800880432,-0.3590499132871628,1.0,0,0.07598084956407547,0.15669678151607513,0.0417478084564209,0.06199268996715546,-0.018230348825454712,0.047812819480895996,1,0.05790471,-0.023177512,-0.022076562,0.06239507,-0.020538256,-0.07598085,-0.04690635,-0.053344853,0.02333903,-0.011872176,0.028614989,-0.059480637,-0.12770592,1.0417478,-1.7344904,-0.12694052,0.9203421,-2.05,0.028420292,0.8348308,-2.0496416,0.17605558,1.0035226,-1.6816071,-0.1103345,1.0,-1.7411133,-0.10822199,0.91418064,-2.0727942,0.014348387,0.8188274,-2.04264,0.17249393,1.0,-1.6994513
279,5.593261480331421,0.5,0.0,0.0,-0.3605879545211792,-0.3605879545211792,-0.3569820749759674,1.0,0,0.08107845485210419,0.15621615946292877,0.05876922607421875,0.07493704557418823,-0.008299041539430618,0.05051750689744949,1,0.074510664,-0.024942717,-0.031666618,0.055538315,-0.025582962,-0.081078455,-0.029477935,-0.06474941,0.009015969,0.0059242756,0.013519293,-0.039413698,-0.120606035,1.0587692,-1.7412968,-0.12382153,0.9221723,-2.05,0.035257526,0.8284068,-2.0489767,0.17040402,1.0061538,-1.6699203,-0.09825283,1.0,-1.7507968,-0.10716003,0.91449744,-2.0743234,0.026414145,0.808982,-2.0462718,0.1721813,1.0,-1.6817445
280,5.614168167114258,0.5,0.0,0.0,-0.3568539619445801,-0.3568539619445801,-0.35328542232513427,1.0,0,0.09710454195737839,0.1718515157699585,0.06646072864532471,0.08390366286039352,-0.004402271471917629,0.05125731602311134,1,0.08299362,-0.023144115,-0.03355327,0.070624016,-0.01528912,-0.09710454,-0.019005517,-0.0650893,0.014708394,0.024295138,0.005292002,-0.030005157,-0.119264826,1.0664607,-1.742639,-0.12879685,0.9180594,-2.05,0.036943756,0.8261138,-2.05,0.15371296,1.0039444,-1.6720159,-0.09436674,1.0,-1.752705,-0.107609645,0.91347265,-2.0791314,0.0312421,0.80658704,-2.0455875,0.1610015,1.0,-1.6810174
281,5.6345319747924805,0.5,0.0,0.0,-0.35617244243621826,-0.35617244243621826,-0.35261071801185606,1.0,0,0.10137393325567245,0.17153500020503998,0.06800544261932373,0.08574725687503815,-0.006407578010112047,0.053240932524204254,1,0.06593449,-0.016655717,-0.023569003,0.079118066,-0.012115617,-0.10137393,-0.043487657,-0.057710845,0.01930356,0.0021708473,0.009119319,-0.043343235,-0.12589525,1.0680054,-1.729128,-0.12072798,0.9076821,-2.05,0.040815644,0.8177808,-2.0472674,0.13846159,1.0105886,-1.6790196,-0.1061149,1.0,-1.7361987,-0.09699256,0.9040474,-2.0804121,0.027769346,0.80046755,-2.0414762,0.13911285,1.0,-1.6920226
282,5.655751943588257,0.5,0.0,0.0,-0.3593856692314148,-0.3593856692314148,-0.35579181253910064,1.0,0,0.08747324347496033,0.16254445910453796,0.08382689952850342,0.09917710721492767,-0.005675820168107748,0.05693934112787247,1,0.055331655,-0.022948552,-0.017895889,0.083526425,-0.015064753,-0.08747324,-0.05493072,-0.0473076,0.013376385,-0.0006633695,0.015939703,-0.044364367,-0.12143611,1.0838269,-1.724935,-0.11607119,0.90060705,-2.0429628,0.055507265,0.8079273,-2.0257452,0.1340699,1.0223953,-1.6805319,-0.10483661,1.0,-1.7303038,-0.09101326,0.89608765,-2.0692048,0.03902805,0.793735,-2.0217323,0.1338709,1.0,-1.6938412
283,5.674010276794434,0.5,0.0,0.0,-0.36138230562210083,-0.36138230562210083,-0.35776848256587984,1.0,0,0.0858660414814949,0.16395992040634155,0.09996938705444336,0.11547955125570297,-0.0011762314243242145,0.058720145374536514,1,0.06638028,-0.028156621,-0.028114406,0.08586604,-0.016531654,-0.080978565,-0.044617493,-0.05075253,0.018611507,0.00847762,0.015701279,-0.038185954,-0.119098306,1.0999694,-1.7317921,-0.11429943,0.8852495,-2.0200288,0.06764147,0.80603236,-2.0042799,0.13083966,1.0318705,-1.6800741,-0.09918422,1.0,-1.7402264,-0.088539615,0.88029,-2.0443225,0.05425622,0.7908066,-1.9986964,0.13338295,1.0,-1.6915299
284,5.692870855331421,0.5,0.0,0.0,-0.36210301518440247,-0.36210301518440247,-0.35848198503255846,1.0,0,0.08795442432165146,0.18317992985248566,0.11348772048950195,0.13390754163265228,0.003975843079388142,0.05981035903096199,1,0.0799645,-0.039110586,-0.037049152,0.087954424,-0.023299815,-0.08724183,-0.038459543,-0.059926484,0.016847778,0.048099827,0.004921762,-0.026005823,-0.115985386,1.1134877,-1.7440658,-0.11733654,0.8628082,-1.9866657,0.071986824,0.8125386,-1.9734831,0.12871975,1.0466012,-1.6836451,-0.09199604,1.0,-1.7551805,-0.09095021,0.8558183,-2.0128384,0.06044896,0.7945607,-1.9684287,0.14314969,1.0,-1.6914469
285,5.714526176452637,0.5,0.0,0.0,-0.3631300926208496,-0.3631300926208496,-0.3594987916946411,1.0,0,0.10264242440462112,0.1966221034526825,0.1256728172302246,0.15149353444576263,0.00659147510305047,0.06315843015909195,1,0.07182897,-0.03979983,-0.027321575,0.102642424,-0.028969234,-0.099707514,-0.05595973,-0.05115594,0.024339076,0.049154356,0.0070741,-0.032358553,-0.11535357,1.1256728,-1.7579505,-0.11192767,0.8431446,-1.9484363,0.07681361,0.82337034,-1.9404545,0.11822821,1.0618408,-1.6961102,-0.09380488,1.0,-1.766147,-0.081134945,0.8344538,-1.9783485,0.06002569,0.8080236,-1.9331528,0.13297452,1.0,-1.7058178
286,5.734022855758667,0.5,0.0,0.0,-0.36629241704940796,-0.36629241704940796,-0.3626294928789139,1.0,0,0.10144609212875366,0.18332944810390472,0.1391010284423828,0.16834549605846405,0.009518585167825222,0.0692005306482315,1,0.051031098,-0.039791036,-0.013132114,0.10144609,-0.033253364,-0.08435635,-0.07322526,-0.0397369,0.025632638,0.03148108,0.019252457,-0.0421537,-0.11039508,1.139101,-1.7709099,-0.10491508,0.8255242,-1.8922007,0.0976306,0.83067155,-1.8920212,0.09658802,1.0783715,-1.7186782,-0.095085755,1.0,-1.7748495,-0.07448126,0.8155482,-1.9175076,0.075663015,0.8187505,-1.8843313,0.10603235,1.0,-1.7313243
287,5.752857208251953,0.5,0.0,0.0,-0.3642534017562866,-0.3642534017562866,-0.36061086773872375,1.0,0,0.08399426192045212,0.16213692724704742,0.14844512939453125,0.17696687579154968,0.00675599928945303,0.07165303081274033,1,0.02912692,-0.0395298,-0.0010096716,0.08399426,-0.030471157,-0.057455134,-0.08280364,-0.051794723,0.0021332968,0.030785758,0.020313952,-0.04108109,-0.10070509,1.1484451,-1.823623,-0.11995587,0.82348406,-1.8316938,0.11582432,0.8582284,-1.8677976,0.076516494,1.0842208,-1.7623243,-0.09196701,1.0,-1.8239259,-0.09475759,0.81434274,-1.8489304,0.09098323,0.84269,-1.8671576,0.08575222,1.0,-1.7746487
288,5.774280071258545,0.5,0.0,0.0,-0.3627522587776184,-0.3627522587776184,-0.3591247361898422,1.0,0,0.10746726393699646,0.19834722578525543,0.1465613842010498,0.17503535747528076,-0.0008312163990922272,0.06603683531284332,1,0.03738936,-0.061617848,-0.015935937,0.077816494,-0.047581233,-0.04605683,-0.107467264,-0.07791485,-0.032996424,0.06662192,0.002999404,-0.01720905,-0.07589013,1.1465614,-1.897904,-0.14279512,0.8201864,-1.7666316,0.11088807,0.88550454,-1.8588758,0.057556283,1.077194,-1.7962791,-0.06467332,1.0,-1.9026848,-0.11945017,0.805912,-1.7804487,0.07864789,0.8621301,-1.8687747,0.07754286,1.0,-1.8014418
289,5.794271230697632,0.5,0.0,0.0,-0.3529399037361145,-0.3529399037361145,-0.34941050469875334,1.0,0,0.10728846490383148,0.20567119121551514,0.13172531127929688,0.16517527401447296,-0.009012253023684025,0.05719795823097229,1,0.04477579,-0.03434762,0.01049649,0.03969821,-0.066563636,-0.049679566,-0.038022067,-0.0844457,-0.027912831,0.107288465,-0.05755598,0.0796977,-0.05000125,1.1317253,-1.9636769,-0.15481347,0.83245134,-1.714532,0.1152468,0.90225327,-1.8596923,0.05041123,1.0807996,-1.829045,-0.03656851,1.0,-1.960528,-0.142904,0.81248224,-1.7294359,0.10384018,0.87691957,-1.8680662,0.08259778,1.0,-1.8051357
290,5.814603328704834,0.5,0.0,0.0,-0.3362616002559662,-0.3362616002559662,-0.3328989842534065,1.0,0,0.11637016385793686,0.2456946223974228,0.12090682983398438,0.1488795429468155,-0.003621886018663645,0.053384702652692795,1,0.10453146,-0.024466122,-0.0049545635,0.091053955,-0.031388205,-0.075377166,0.041292842,-0.07887769,0.01423068,0.116370164,-0.061827645,0.09145572,-0.024908237,1.1209068,-1.9951034,-0.17129081,0.8485282,-1.668666,0.13353911,0.8992136,-1.8438649,0.050464805,1.0501163,-1.8363569,0.0064512007,1.0,-1.9965898,-0.14397463,0.83911175,-1.6912792,0.14592697,0.8755503,-1.8395957,0.08537586,1.0,-1.8089201
291,5.834369897842407,0.5,0.0,0.0,-0.33408892154693604,-0.33408892154693604,-0.33074803233146666,1.0,0,0.10276177525520325,0.2351546585559845,0.13393521308898926,0.1512312889099121,0.0013057478936389089,0.055086079984903336,1,0.08131984,-0.02224234,0.028945783,0.0743032,-0.034998503,-0.08782683,0.071784794,-0.07521194,0.009157993,0.102761775,-0.065936886,0.084210366,-0.012619957,1.1339352,-2.010841,-0.16906603,0.8668715,-1.679772,0.152791,0.9036326,-1.8284545,0.060227595,1.0140793,-1.8677038,0.011775995,1.0,-2.0021572,-0.14677507,0.85637194,-1.70612,0.17432643,0.881069,-1.8257071,0.09105613,0.9942983,-1.8424407
292,5.854682207107544,0.5,0.0,0.0,-0.34195759892463684,-0.34195759892463684,-0.3385380229353905,1.0,0,0.08221792429685593,0.15606001019477844,0.06399273872375488,0.079208604991436,-0.012992145493626595,0.05753862485289574,1,0.02971548,-0.012014639,0.052941762,0.028756922,-0.020704444,-0.082217924,0.0027483723,-0.06642897,-0.0004710144,0.057002082,-0.045021325,0.053031813,0.001989916,1.0639927,-2.031042,-0.19645414,0.88474125,-1.6718524,0.14025548,0.9086051,-1.815265,0.080972284,0.9859386,-1.8894253,0.010904561,1.0,-2.0151596,-0.18782707,0.8785299,-1.6965177,0.14107999,0.8886764,-1.8154063,0.09807291,0.9724322,-1.8735157
293,5.874392509460449,0.5,0.0,0.0,-0.3477827310562134,-0.3477827310562134,-0.34430490374565126,1.0,0,0.0965130478143692,0.1435489058494568,0.028953909873962402,0.043064650148153305,-0.022914119064807892,0.06154843047261238,1,0.03805393,-0.01644861,0.026431471,0.03443985,-0.009441367,-0.09651305,-0.027354121,-0.046975084,0.012850043,0.011296496,-0.03409646,0.056469318,0.006645009,0.98223484,-2.0216026,-0.20851074,0.90316373,-1.667873,0.1480701,0.92605704,-1.8121785,0.086066745,0.98962164,-1.9213283,0.018061187,0.9773002,-2.0136733,-0.19817878,0.9003313,-1.6968269,0.13986386,0.91196454,-1.8083235,0.089455694,0.9793927,-1.9043875
294,5.894771575927734,0.5,0.0,0.0,-0.3468558192253113,-0.3468558192253113,-0.34338726103305817,1.0,0,0.07643069326877594,0.15344128012657166,0.02292919158935547,0.04603239521384239,-0.024853141978383064,0.06479624658823013,1,0.022685083,-0.041494407,0.026722558,0.044390064,-0.029679578,-0.07643069,-0.043174848,-0.04781605,0.0011354218,0.048253953,-0.029188875,0.06759112,0.0068469495,0.9777907,-2.0206683,-0.18640777,0.90496516,-1.6772201,0.14584298,0.9463778,-1.8148081,0.099873535,0.9980218,-1.9488356,0.013652475,0.9653424,-2.0126514,-0.17309076,0.8960613,-1.7001493,0.13289052,0.932033,-1.8144675,0.11434972,0.98926514,-1.9285582
295,5.914379119873047,0.5,0.0,0.0,-0.34656834602355957,-0.34656834602355957,-0.34310266256332395,1.0,0,0.08376546204090118,0.16983021795749664,0.025129638612270355,0.05094906687736511,-0.030562788248062134,0.06364007294178009,1,0.028087253,-0.04515196,0.025187137,0.04280049,-0.029473932,-0.07443198,-0.021639867,-0.060904995,0.0012133097,0.08376546,-0.030439854,0.07083215,-0.0044297576,0.9937806,-2.0185897,-0.17774296,0.9006215,-1.679269,0.12624766,0.9494357,-1.806535,0.11125786,0.986742,-1.9458969,0.003996419,0.98023504,-2.0110335,-0.1649028,0.8917793,-1.7015985,0.1197557,0.9311642,-1.8061711,0.1363875,0.97761005,-1.9246472
296,5.934268236160278,0.5,0.0,0.0,-0.34550750255584717,-0.34550750255584717,-0.3420524275302887,1.0,0,0.08094649016857147,0.1690613031387329,0.024284005165100098,0.050718434154987335,-0.03862636536359787,0.062079474329948425,1,0.03383493,-0.040751133,0.028280292,0.051749274,-0.02185324,-0.08094649,-0.014986467,-0.06594877,0.003694687,0.073495485,-0.03409204,0.06416594,-0.011276215,1.002479,-1.9920878,-0.17797,0.8914063,-1.6834679,0.10684864,0.94802463,-1.8012189,0.11523317,0.9772158,-1.943512,-0.0011257362,0.9902536,-1.9836037,-0.16244522,0.8848503,-1.7077519,0.1023527,0.92824,-1.8001105,0.13728182,0.9669882,-1.9242622
297,5.955625534057617,0.5,0.0,0.0,-0.3471274673938751,-0.3471274673938751,-0.34365619271993636,1.0,0,0.09259670972824097,0.14551128447055817,0.027778983116149902,0.04365338385105133,-0.04523500055074692,0.0639214739203453,1,0.011943184,-0.035024706,0.039419256,0.041243654,-0.018013394,-0.09259671,-0.03678737,-0.044244114,0.009994442,0.034277588,-0.023652758,0.050054636,-0.014790237,0.98170745,-1.967,-0.17604738,0.8978568,-1.6959839,0.10259567,0.9552756,-1.8007317,0.11445634,0.97728944,-1.9437178,-0.011207282,0.97120005,-1.9551742,-0.1636743,0.8924528,-1.7237629,0.09155946,0.94200236,-1.7977333,0.12473962,0.9701936,-1.9287014
298,5.977175712585449,0.5,0.0,0.0,-0.35019293427467346,-0.35019293427467346,-0.3466910049319267,1.0,0,0.08576499670743942,0.14464250206947327,0.02572953701019287,0.04339279606938362,-0.05150371789932251,0.06926481425762177,1,-0.006921818,-0.032890145,0.05240554,0.02773625,-0.020604735,-0.085765,-0.057114463,-0.034658678,0.0036422971,0.028206056,-0.020179888,0.053071544,-0.024092272,0.9597496,-1.9336545,-0.17454205,0.9082556,-1.7104604,0.08289715,0.9641634,-1.8005602,0.13276398,0.9667488,-1.9252938,-0.026168818,0.9498825,-1.9179329,-0.16622117,0.90207416,-1.73619,0.06576281,0.9537658,-1.7994676,0.1412258,0.9606948,-1.9093723
299,5.994898557662964,0.5,0.0,0.0,-0.35086676478385925,-0.35086676478385925,-0.34735809713602067,1.0,0,0.07711076736450195,0.13958977162837982,0.023133277893066406,0.04187699407339096,-0.056128259748220444,0.074310801923275,1,-0.018525535,-0.0277901,0.06309504,0.024734706,-0.016934777,-0.07711077,-0.051475044,-0.030701706,0.00853958,0.024441684,-0.016758667,0.05477889,-0.051524725,0.94710624,-1.8742326,-0.1683763,0.9189718,-1.7367297,0.060446505,0.96297556,-1.806689,0.15274179,0.9442657,-1.8870865,-0.057082385,0.9387692,-1.8553041,-0.16095589,0.9138913,-1.759863,0.04500399,0.95376503,-1.8041271,0.1600743,0.93923813,-1.8706528
300,6.0171287059783936,0.5,0.0,0.0,-0.35157638788223267,-0.35157638788223267,-0.3480606240034103,1.0,0,0.09634847939014435,0.14094245433807373,0.02890455722808838,0.04228275269269943,-0.06001576408743858,0.08048070967197418,1,0.034123342,-0.008376292,0.044579323,0.02752371,0.00458779,-0.09634848,-0.020791868,-0.026364803,0.024434526,0.01574127,-0.026629928,0.062448934,-0.07333971,0.93682265,-1.8022492,-0.1485486,0.91691685,-1.7845113,0.032674268,0.95689654,-1.8463217,0.15437245,0.9216615,-1.8463439,-0.06310271,0.9343098,-1.7888753,-0.14029148,0.9182932,-1.8134159,0.026436707,0.9489871,-1.8389914,0.15909484,0.9136725,-1.8276092
301,6.03297758102417,0.5,0.0,0.0,-0.3562970757484436,-0.3562970757484436,-0.35273410499095914,1.0,0,0.08773953467607498,0.1579909771680832,0.026321861892938614,0.04739729315042496,-0.05724882334470749,0.08035685867071152,1,0.013986901,-0.027269963,0.026419315,0.049225956,-0.007671369,-0.07409161,-0.087739535,-0.060184397,-0.03753929,-0.017181812,0.032412697,-0.03573358,-0.09184029,0.96710527,-1.8132281,-0.12748992,0.9135641,-1.8433498,0.021885708,0.9422434,-1.8849027,0.15484613,0.9313861,-1.7930782,-0.08764422,0.9589243,-1.8053024,-0.112722136,0.9112627,-1.8655773,-0.004436154,0.9241881,-1.8961645,0.14969158,0.9411099,-1.8037982
302,6.056282043457031,0.5,0.0,0.0,-0.35540395975112915,-0.35540395975112915,-0.3518499201536179,1.0,0,0.0679938867688179,0.157526895403862,0.02039813995361328,0.047258079051971436,-0.055578019469976425,0.0670948326587677,1,0.06135547,-0.020384926,-0.00969582,0.06547132,0.017573401,-0.065684184,-0.05677468,-0.06799389,-0.046532568,0.037303768,0.0143191395,0.0047456836,-0.10721144,0.9710132,-1.8089182,-0.12097372,0.9094106,-1.8638184,0.00520356,0.92518693,-1.9333196,0.15639803,0.9264135,-1.7529358,-0.0888048,0.9648977,-1.811827,-0.10133232,0.9146826,-1.8835237,-0.011828845,0.9047888,-1.9472793,0.16758916,0.93070924,-1.751512
303,6.074177265167236,0.5,0.0,0.0,-0.3632044792175293,-0.3632044792175293,-0.359572434425354,1.0,0,0.10326717048883438,0.19342894852161407,0.030980154871940613,0.05802870914340019,-0.047560449689626694,0.0508735328912735,1,0.10326717,-0.034398638,-0.035447963,0.047419168,0.0018259354,-0.06946883,-0.020693652,-0.092940666,-0.049530618,0.07362357,0.0073734317,0.015450608,-0.113403775,0.9856912,-1.8210796,-0.13675448,0.9053097,-1.8974108,-7.3455274e-05,0.92641425,-1.9815369,0.16094355,0.93240047,-1.706928,-0.08242362,0.9753716,-1.831714,-0.12252873,0.90585744,-1.9182514,-0.0062815514,0.89853203,-1.9963961,0.18303062,0.9346125,-1.7022928
304,6.095175504684448,0.5,0.0,0.0,-0.3589746952056885,-0.3589746952056885,-0.3553849482536316,1.0,0,0.0810994952917099,0.16227872669696808,0.02432990074157715,0.04868362843990326,-0.04432191699743271,0.03621521219611168,1,0.054485146,-0.011552154,-0.016500112,0.08027271,-0.008711857,-0.081099495,-0.06805444,-0.052592594,-0.013652663,0.014921674,0.0334778,-0.030595971,-0.111506835,1.0032239,-1.8163025,-0.14093073,0.92635936,-1.9336982,0.010840014,0.91687167,-2.0059206,0.16898036,0.9444745,-1.6662849,-0.09516129,0.99975824,-1.8212526,-0.116848916,0.9237458,-1.9580281,-0.009576319,0.9010939,-2.0100164,0.17345686,0.95451784,-1.6754637
305,6.114372968673706,0.5,0.0,0.0,-0.35291773080825806,-0.35291773080825806,-0.34938855350017545,1.0,0,0.11554288864135742,0.19291003048419952,0.034662842750549316,0.05866752564907074,-0.05547180026769638,0.03874018043279648,1,0.032273985,-0.004445436,-0.004936952,0.0967887,0.0029370743,-0.11554289,-0.06528229,-0.038180344,0.032871656,-0.0278341,0.041362375,-0.064156465,-0.16256203,1.0097146,-1.7669408,-0.11781289,0.9354725,-1.9698731,0.021963052,0.88840413,-2.05,0.15239784,0.955072,-1.7052183,-0.15287983,1.0,-1.7684219,-0.088776276,0.9363536,-2.004536,0.0023783632,0.87695,-2.0401385,0.14404762,0.9674807,-1.7244653
306,6.134711742401123,0.5,0.0,0.0,-0.3535645008087158,-0.3535645008087158,-0.35002885580062865,1.0,0,0.11157530546188354,0.20450159907341003,0.03510403633117676,0.07040141522884369,-0.06504421681165695,0.042273785918951035,1,0.0005951074,-0.02103255,0.007638367,0.09219672,0.0027124616,-0.07814092,-0.111575305,-0.038734127,0.006697034,-0.057640996,0.038354915,-0.088985555,-0.17280361,1.035104,-1.7525911,-0.11087908,0.92641973,-2.0113142,0.025434501,0.853099,-2.05,0.15678003,0.9770696,-1.7151085,-0.17262508,1.0,-1.7502996,-0.083220065,0.92723346,-2.0347564,-0.008038092,0.84147877,-2.0479908,0.13948773,0.9885761,-1.7418041
307,6.156653642654419,0.5,0.0,0.0,-0.3649687170982361,-0.3649687170982361,-0.36131902992725373,1.0,0,0.08305292576551437,0.18054768443107605,0.048464179039001465,0.07056042551994324,-0.050433021038770676,0.03741179034113884,1,0.06780202,-0.049061712,-0.06289625,0.083052926,-0.018417688,-0.07545821,-0.051680136,-0.05388841,0.008608269,0.021924822,0.031168168,-0.040067043,-0.17309803,1.0484642,-1.7700237,-0.117059745,0.91238225,-2.0364714,0.025734983,0.83964574,-2.05,0.17160891,0.9994581,-1.7003679,-0.15275742,1.0,-1.7888926,-0.09214386,0.90685695,-2.0591087,0.010230942,0.82347924,-2.0474174,0.17818636,1.0,-1.712388
308,6.174120664596558,0.5,0.0,0.0,-0.36433589458465576,-0.36433589458465576,-0.3606925356388092,1.0,0,0.09596200287342072,0.20401941239833832,0.06786978244781494,0.09084118902683258,-0.03482186794281006,0.03213882818818092,1,0.086739846,-0.057655558,-0.07264388,0.089167394,-0.02798654,-0.095962,-0.027428186,-0.060765367,0.007002674,0.04895454,0.011843209,-0.02292299,-0.15776786,1.0678698,-1.7852802,-0.123166755,0.91328764,-2.047081,0.027728923,0.8351161,-2.05,0.18001002,1.0145417,-1.6793246,-0.1317459,1.0,-1.8070734,-0.09641653,0.90489167,-2.0758696,0.019500468,0.8168865,-2.0478992,0.19469638,1.0,-1.6862016
309,6.193970680236816,0.5,0.0,0.0,-0.3571164608001709,-0.3571164608001709,-0.3535452961921692,1.0,0,0.11922182142734528,0.20910100638866425,0.06573915481567383,0.09239102900028229,-0.037946607917547226,0.03259711712598801,1,0.06938608,-0.019528048,-0.041003708,0.10679835,-0.008829123,-0.11922182,-0.04088216,-0.056806363,0.03862845,0.032880884,0.02245051,-0.05632782,-0.17365322,1.0657392,-1.7707369,-0.110071376,0.9052056,-2.0435743,0.027285308,0.82621336,-2.05,0.15793386,1.0189487,-1.685751,-0.1528374,1.0,-1.783038,-0.07803187,0.9025569,-2.079341,0.015020659,0.80917144,-2.0384114,0.16779813,1.0,-1.7026494
310,6.214083671569824,0.5,0.0,0.0,-0.35458263754844666,-0.35458263754844666,-0.3510368111729622,1.0,0,0.10004404932260513,0.201321542263031,0.07792150974273682,0.09973812848329544,-0.04736487194895744,0.039580147713422775,1,0.02269237,-0.014757369,-0.009061253,0.09104877,-0.014768319,-0.10004405,-0.08606876,-0.046660926,0.024962947,-0.045107946,0.026644692,-0.090806656,-0.18043718,1.0779215,-1.7399805,-0.09450459,0.893967,-2.0463078,0.04410083,0.80958897,-2.05,0.13106401,1.0176548,-1.7101961,-0.17362946,1.0,-1.7426988,-0.067189954,0.8895365,-2.0763211,0.0182802,0.7955907,-2.042511,0.11753163,1.0,-1.7374381
311,6.234180212020874,0.5,0.0,0.0,-0.36082175374031067,-0.36082175374031067,-0.3572135362029076,1.0,0,0.0861227959394455,0.17603108286857605,0.09601187705993652,0.11091884970664978,-0.046781379729509354,0.043601080775260925,1,0.028555771,-0.019530665,-0.016061142,0.07479597,-0.020582043,-0.069598034,-0.086122796,-0.051240925,0.0014951781,-0.04362096,0.030865548,-0.07595844,-0.17695144,1.0960119,-1.7299575,-0.09286415,0.8799179,-2.0406399,0.064504646,0.7931433,-2.05,0.12807326,1.0203949,-1.6994197,-0.1683847,1.0,-1.7347758,-0.07042536,0.8737433,-2.0615194,0.038667805,0.777771,-2.0495515,0.11498697,1.0,-1.7222073
312,6.252900838851929,0.5,0.0,0.0,-0.36406707763671875,-0.36406707763671875,-0.36042640686035154,1.0,0,0.08610297739505768,0.17697495222091675,0.10983467102050781,0.12220671027898788,-0.03557398170232773,0.04043540731072426,1,0.08610298,-0.033749014,-0.06039979,0.07993572,-0.017857626,-0.075667724,-0.035267897,-0.06279568,-0.0019998369,0.020893293,0.0152611695,-0.028714292,-0.16688211,1.1098347,-1.7461128,-0.10172712,0.86330473,-2.0111578,0.07149345,0.7934614,-2.0351577,0.12065502,1.013247,-1.6897967,-0.14105122,1.0,-1.7642328,-0.077746406,0.85794747,-2.033858,0.06091308,0.7746227,-2.0357575,0.12692301,1.0,-1.698411
313,6.27402400970459,0.5,0.0,0.0,-0.3642551898956299,-0.3642551898956299,-0.3606126379966736,1.0,0,0.096986323595047,0.2086879014968872,0.11864149570465088,0.1355326622724533,-0.02790996804833412,0.03572988137602806,1,0.09614305,-0.038454674,-0.056807715,0.09698632,-0.02393774,-0.096628495,-0.036186963,-0.07131409,0.001800507,0.05810636,0.0035169513,-0.022309024,-0.1660893,1.1186415,-1.763092,-0.10606065,0.8422241,-1.9723221,0.07000451,0.7974031,-2.0049343,0.11408235,1.0225376,-1.6873382,-0.13724639,1.0,-1.7801343,-0.07696475,0.8350428,-2.0013106,0.05914842,0.77600884,-2.004394,0.13151427,1.0,-1.694031
314,6.294150114059448,0.5,0.0,0.0,-0.3610846996307373,-0.3610846996307373,-0.35747385263442993,1.0,0,0.11091679334640503,0.21179205179214478,0.13032007217407227,0.14965254068374634,-0.029530931264162064,0.03810197114944458,1,0.066338904,-0.033462215,-0.036813088,0.11091679,-0.029087402,-0.10972076,-0.069770664,-0.05743838,0.020138973,0.023934416,0.020194862,-0.056916237,-0.16956395,1.1303201,-1.7609756,-0.09340218,0.8223265,-1.9442899,0.071012415,0.7985609,-1.9840009,0.08813587,1.0388975,-1.7081882,-0.14966227,1.0,-1.7720195,-0.06012714,0.81360024,-1.9772061,0.050081216,0.7813294,-1.9779593,0.095316194,1.0,-1.725263
315,6.314024925231934,0.5,0.0,0.0,-0.363811731338501,-0.363811731338501,-0.36017361402511594,1.0,0,0.09356655180454254,0.1907694935798645,0.1499999761581421,0.1701032519340515,-0.025793803855776787,0.04417373985052109,1,0.042190794,-0.042635307,-0.021425083,0.09356655,-0.035521552,-0.084494404,-0.083205625,-0.04852115,0.010890654,-0.00685479,0.03354436,-0.067912094,-0.16761446,1.15,-1.7613037,-0.088983804,0.8065502,-1.8998387,0.102703415,0.79185605,-1.9440894,0.08274576,1.0585203,-1.7188047,-0.15495722,1.0,-1.7677312,-0.06091384,0.7958937,-1.925187,0.07774173,0.7772997,-1.9408222,0.080689326,1.0,-1.7391783
316,6.333101987838745,0.5,0.0,0.0,-0.36574476957321167,-0.36574476957321167,-0.36208732187747955,1.0,0,0.08096978068351746,0.18098437786102295,0.1499999761581421,0.17077292501926422,-0.01805332489311695,0.046770717948675156,1,0.0617908,-0.053121835,-0.03301916,0.08096978,-0.04047848,-0.07237881,-0.0654972,-0.06228872,-0.002827346,0.028359639,0.025395695,-0.04432575,-0.14789978,1.15,-1.8155681,-0.108557515,0.80759144,-1.8336626,0.12570457,0.8034506,-1.8956656,0.06602382,1.0634621,-1.7402589,-0.12936254,1.0,-1.8254738,-0.08426658,0.7954479,-1.8553762,0.10605541,0.784764,-1.8965138,0.07453171,1.0,-1.7535566
317,6.354398488998413,0.5,0.0,0.0,-0.36394959688186646,-0.36394959688186646,-0.36031010091304777,1.0,0,0.09282492101192474,0.21541917324066162,0.1499999761581421,0.1751527339220047,-0.009146486409008503,0.04780634492635727,1,0.07901885,-0.064793915,-0.042234153,0.09282492,-0.050441638,-0.08694366,-0.06877222,-0.07193594,-0.0027186677,0.07022214,0.00721424,-0.023758307,-0.12141591,1.15,-1.8880111,-0.12944634,0.81034636,-1.7879122,0.117050014,0.8349905,-1.8611212,0.06057115,1.0662158,-1.7661061,-0.09771025,1.0,-1.9006814,-0.10159887,0.7952139,-1.8139954,0.09641835,0.81340975,-1.8619368,0.08163779,1.0,-1.7732337
318,6.374187707901001,0.5,0.0,0.0,-0.35817837715148926,-0.35817837715148926,-0.35459659337997435,1.0,0,0.10441117733716965,0.19641755521297455,0.1499999761581421,0.17374685406684875,-0.016089562326669693,0.05009322240948677,1,-0.009468272,-0.056301333,0.0037909017,0.094200276,-0.046279266,-0.05901517,-0.10441118,-0.0668645,-0.0013267068,0.032233447,0.035159446,-0.056198325,-0.102109745,1.15,-1.9360229,-0.13011351,0.8192766,-1.740318,0.11296474,0.867126,-1.8218727,0.053274997,1.0679141,-1.802499,-0.10495023,1.0,-1.9348856,-0.10185343,0.8053928,-1.7580225,0.08164139,0.84706664,-1.8222708,0.06294503,1.0,-1.8193586
319,6.39413857460022,0.5,0.0,0.0,-0.3466372489929199,-0.3466372489929199,-0.3431708765029907,1.0,0,0.090876005589962,0.19734467566013336,0.12485027313232422,0.15240401029586792,-0.026035817340016365,0.05371634289622307,1,0.079589345,-0.027386734,-0.013945047,0.07895966,-0.031819016,-0.08396287,-0.012692066,-0.042915687,0.049363103,0.090876006,-0.031478867,0.060664553,-0.084831975,1.1248503,-1.9711832,-0.14332375,0.83468914,-1.6831906,0.10753903,0.9086785,-1.8111489,0.05693989,1.065506,-1.8429384,-0.06095517,1.0,-1.9753667,-0.11963585,0.82514346,-1.7083795,0.10373141,0.89580375,-1.79634,0.08420269,1.0,-1.8247391
320,6.414682626724243,0.5,0.0,0.0,-0.3430529236793518,-0.3430529236793518,-0.33962239444255826,1.0,0,0.11270949989557266,0.23328855633735657,0.13850998878479004,0.16588465869426727,-0.019978288561105728,0.05564740672707558,1,0.08423287,-0.044712264,-0.014235284,0.09697978,-0.054801073,-0.09169429,0.007943561,-0.055705614,0.031514406,0.1127095,-0.040850308,0.07601912,-0.056464676,1.13851,-2.0247018,-0.13612017,0.8460016,-1.6880451,0.12694734,0.9218455,-1.8140519,0.062659755,1.0613571,-1.8699123,-0.031194815,1.0,-2.0289724,-0.107026234,0.8295613,-1.7155534,0.12933041,0.9051338,-1.8045975,0.096472606,1.0,-1.8471066
321,6.434069633483887,0.5,0.0,0.0,-0.3358803987503052,-0.3358803987503052,-0.33252159476280213,1.0,0,0.15529769659042358,0.30736279487609863,0.1499999761581421,0.17656755447387695,-0.013446670025587082,0.04966704547405243,1,0.12967102,-0.043165978,-0.018926274,0.095246226,-0.029726354,-0.095020086,0.08278817,-0.09900924,0.0070523866,0.1552977,-0.07875919,0.09708068,-0.040426716,1.15,-2.0475442,-0.13152489,0.84165794,-1.6869121,0.14000349,0.8954211,-1.8194623,0.05920087,1.0299933,-1.8547924,-0.0015254095,1.0,-2.0532222,-0.10295102,0.83274,-1.7154181,0.16483994,0.8657183,-1.8173466,0.10579018,1.0,-1.8256681
322,6.458564043045044,0.5,0.0,0.0,-0.3372620940208435,-0.3372620940208435,-0.33388947308063505,1.0,0,0.12584622204303741,0.2701847553253174,0.12030863761901855,0.14445634186267853,-0.008230566047132015,0.03630483150482178,1,0.11884737,-0.044286977,-0.0023957307,0.0574107,-0.02947508,-0.07734477,0.05569707,-0.11123873,-0.025428979,0.12584622,-0.08242123,0.08948554,-0.014154367,1.1203086,-2.05,-0.12685463,0.8383266,-1.6929568,0.15182677,0.87936664,-1.8254225,0.07015306,0.99171245,-1.831765,0.021499846,1.0,-2.0507188,-0.10963142,0.82948405,-1.7161602,0.16853589,0.845995,-1.8330512,0.10790692,0.96698606,-1.8049194
323,6.4746434688568115,0.5,0.0,0.0,-0.3400791585445404,-0.3400791585445404,-0.336678366959095,1.0,0,0.11943251639604568,0.24065394699573517,0.0602419376373291,0.09327606111764908,-0.004900776315480471,0.03129998594522476,1,0.11943252,-0.039574582,-0.013772504,0.050182868,-0.02593622,-0.100563936,0.040851865,-0.08568866,-0.0068125417,0.089313224,-0.06422253,0.086203456,-0.0013835803,1.0602419,-2.05,-0.13717309,0.8572699,-1.697497,0.17144626,0.8818914,-1.82788,0.08079972,0.99214184,-1.8401546,0.034446176,1.0,-2.0541317,-0.12211823,0.84948903,-1.7276661,0.18370183,0.85618484,-1.8299237,0.107593685,0.97287506,-1.8142936
324,6.494598150253296,0.5,0.0,0.0,-0.34166419506073,-0.34166419506073,-0.33824755311012267,1.0,0,0.12902440130710602,0.22110046446323395,0.03870737552642822,0.07270073145627975,-0.0055626812390983105,0.03314777463674545,1,0.1033648,-0.022952568,-0.010280367,0.064194754,-0.021430647,-0.1290244,0.028050935,-0.053795252,0.03405024,0.068532296,-0.044318136,0.069570914,-0.00497663,1.030547,-2.05,-0.13537776,0.86857384,-1.7019575,0.17637306,0.9002989,-1.8207726,0.08972552,1.0011722,-1.8550527,0.026032811,1.0,-2.0530841,-0.11611934,0.86214465,-1.7406648,0.18478835,0.88416034,-1.8105576,0.11028521,0.9878768,-1.8341814
325,6.5145423412323,0.5,0.0,0.0,-0.34165698289871216,-0.34165698289871216,-0.338240413069725,1.0,0,0.09742216765880585,0.20707879960536957,0.029510855674743652,0.06703563779592514,-0.00544263469055295,0.03381196781992912,1,0.08340205,-0.05125745,-0.013612318,0.067127146,-0.035780944,-0.09742217,-0.00798419,-0.054417875,0.015014011,0.09362541,-0.036553998,0.0669575,-0.0058890954,1.0295109,-2.05,-0.12795871,0.8611509,-1.7047386,0.16148563,0.91322833,-1.80978,0.09989243,1.005932,-1.8605227,0.01913152,1.0,-2.0540836,-0.10782057,0.85041666,-1.7339653,0.15909037,0.896903,-1.8052758,0.12798005,0.9949658,-1.8404355
326,6.5381810665130615,0.5,0.0,0.0,-0.34511885046958923,-0.34511885046958923,-0.34166766196489334,1.0,0,0.11050420254468918,0.22920042276382446,0.053437232971191406,0.08463259041309357,0.001310184015892446,0.026393871754407883,1,0.094000645,-0.0683792,-0.031849667,0.07813435,-0.046075143,-0.07886661,-0.013258355,-0.06773512,0.0028778892,0.1105042,-0.037019216,0.07214601,-0.0031824633,1.0534372,-2.0437522,-0.09429932,0.8333272,-1.7085869,0.14157659,0.912426,-1.8167713,0.10889318,1.0026016,-1.8312455,0.02501773,1.0,-2.053307,-0.07085901,0.8195046,-1.7322469,0.13759908,0.89210546,-1.815908,0.14204444,0.99149585,-1.8096018
327,6.554729223251343,0.5,0.0,0.0,-0.34404706954956055,-0.34404706954956055,-0.3406065988540649,1.0,0,0.12021786719560623,0.21982993185520172,0.066872239112854,0.09234485775232315,0.002888486487790942,0.022284697741270065,1,0.079686284,-0.0654567,-0.020234466,0.06867474,-0.053029638,-0.080238394,-0.018840732,-0.06005487,0.0005395373,0.12021787,-0.030441582,0.0630384,-0.0074793473,1.0668722,-2.022693,-0.08058031,0.8192694,-1.7173291,0.12192737,0.9082271,-1.8241805,0.12349412,1.0132446,-1.8039246,0.016426539,1.0,-2.0287633,-0.059977885,0.8033605,-1.7414007,0.116275154,0.8902106,-1.8240186,0.15955949,1.0,-1.7850131
328,6.578458070755005,0.5,0.0,0.0,-0.3405986428260803,-0.3405986428260803,-0.33719265639781953,1.0,0,0.10178028792142868,0.1586965173482895,0.04681062698364258,0.07061109691858292,-0.0062596770003438,0.02624710090458393,1,0.038239777,-0.035475563,0.012703039,0.060140382,-0.032260865,-0.10178029,-0.023377175,-0.03619043,0.025175823,0.060007993,-0.02112714,0.027352987,-0.026900552,1.0468106,-1.9877365,-0.08480047,0.8248446,-1.7333424,0.1191755,0.916486,-1.8267632,0.12380162,1.026106,-1.7949611,-0.0154286185,1.0,-1.9839256,-0.06675835,0.81516635,-1.7638764,0.11216235,0.9056289,-1.8192104,0.14180401,1.0,-1.7867552
329,6.594902515411377,0.5,0.0,0.0,-0.34167230129241943,-0.34167230129241943,-0.33825557827949526,1.0,0,0.10961337387561798,0.17220184206962585,0.03288400173187256,0.06098044663667679,-0.011786816641688347,0.03103296272456646,1,0.06921702,-0.027705723,0.0031918304,0.0558476,-0.021738697,-0.109613374,-0.006140242,-0.0415883,0.026978448,0.05687571,-0.035515703,0.03855818,-0.03580779,1.0222015,-1.9472579,-0.09528859,0.84364283,-1.7578727,0.124761686,0.9181181,-1.8361807,0.11845863,1.0271938,-1.792613,-0.015042681,1.0,-1.9463003,-0.078534305,0.83712125,-1.7907567,0.12291961,0.9056416,-1.8280872,0.13552134,1.0,-1.7810456
330,6.618651390075684,0.5,0.0,0.0,-0.34689968824386597,-0.34689968824386597,-0.3434306913614273,1.0,0,0.09175677597522736,0.17019282281398773,0.027527034282684326,0.05222437158226967,-0.010582253336906433,0.03118290938436985,1,0.091756776,-0.03644862,-0.011472387,0.022277141,-0.024637967,-0.08396232,-0.012913599,-0.06743348,-0.005021865,0.033769645,-0.04790319,0.052524682,-0.036163278,1.0140637,-1.9118638,-0.09425329,0.8531004,-1.7826455,0.12296812,0.90515524,-1.8698226,0.118237846,1.0157728,-1.764915,-0.008636244,1.0,-1.9153055,-0.087570146,0.845709,-1.8078341,0.119094044,0.8849252,-1.8713292,0.12836874,1.0,-1.7491575
331,6.635962247848511,0.5,0.0,0.0,-0.345397412776947,-0.345397412776947,-0.34194343864917753,1.0,0,0.07771369814872742,0.16770587861537933,0.023314110934734344,0.050413578748703,-0.01454840786755085,0.02844429947435856,1,0.0777137,-0.03536947,-0.0020013645,0.031017313,-0.026809793,-0.07570553,-0.010156689,-0.06981341,-0.004911827,0.055914048,-0.04756845,0.055030346,-0.059446033,1.0110837,-1.857555,-0.084699616,0.8466338,-1.8035915,0.11201362,0.88526654,-1.9102969,0.12161192,1.0099198,-1.7191344,-0.036131922,1.0,-1.8581555,-0.07539442,0.83859086,-1.8263031,0.10896662,0.86432254,-1.9117705,0.13838613,0.9956492,-1.7026254
332,6.656870365142822,0.5,0.0,0.0,-0.34724175930023193,-0.34724175930023193,-0.3437693417072296,1.0,0,0.09288595616817474,0.1609726846218109,0.028730154037475586,0.05589224770665169,-0.015274960547685623,0.03197749704122543,1,0.07275722,-0.021765772,-0.0058683,0.047257017,-0.025191044,-0.092885956,-0.0020322024,-0.044777855,0.02741736,0.045685515,-0.03494418,0.050454207,-0.091403075,1.0109069,-1.8229887,-0.077419356,0.847992,-1.8585364,0.09965327,0.87208503,-1.9535714,0.13873452,1.0287302,-1.6977915,-0.069575906,1.0,-1.8247492,-0.06324225,0.8404347,-1.8864021,0.09904361,0.8586517,-1.9453462,0.15244018,1.0,-1.6826552
333,6.67657208442688,0.5,0.0,0.0,-0.3455043435096741,-0.3455043435096741,-0.34204930007457734,1.0,0,0.09247388690710068,0.1593749076128006,0.04088747501373291,0.06457551568746567,-0.011625435203313828,0.04526304081082344,1,0.050447617,-0.016585402,0.0046456615,0.07924822,-0.02681818,-0.09247389,-0.03378099,-0.014411301,0.052862424,0.025705185,-0.022531886,0.041183863,-0.11115112,1.0168115,-1.7918184,-0.079552874,0.8643625,-1.9385754,0.09395292,0.8518509,-1.9656262,0.16648188,1.0408875,-1.6856427,-0.09601684,1.0,-1.7904247,-0.055778407,0.85631704,-1.9663175,0.08381862,0.84752756,-1.9497675,0.17419344,1.0,-1.6732875
334,6.694425821304321,0.5,0.0,0.0,-0.35558706521987915,-0.35558706521987915,-0.35203119456768034,1.0,0,0.0989457294344902,0.19848407804965973,0.047566771507263184,0.07764101773500443,-0.009011567570269108,0.05553990602493286,1,0.043036856,-0.032070804,-0.017692285,0.09894573,-0.015805643,-0.087320335,-0.0893548,-0.035134815,0.048292007,-0.017326923,0.036326487,-0.07325708,-0.12957484,1.0207663,-1.7726725,-0.08759358,0.8773228,-1.9865282,0.08762297,0.843931,-1.9744278,0.19038373,1.0475668,-1.6596289,-0.11666378,1.0,-1.7779802,-0.057909857,0.8725811,-2.0127242,0.06081653,0.8333906,-1.9599402,0.18518566,1.0,-1.6816059
335,6.714258909225464,0.5,0.0,0.0,-0.3523309826850891,-0.3523309826850891,-0.3488076728582382,1.0,0,0.1018063947558403,0.18006107211112976,0.03497314453125,0.07077902555465698,-0.011918345466256142,0.06022461876273155,1,0.059747875,-0.021162378,-0.02962915,0.085175276,0.009664174,-0.101806395,-0.05146097,-0.05737674,0.031847645,0.005639701,0.016827388,-0.050439306,-0.13818154,1.0305673,-1.7782667,-0.09704694,0.8961684,-2.0204875,0.07654412,0.83488286,-2.0383646,0.18220216,1.0349731,-1.6644845,-0.12025718,1.0,-1.7871554,-0.071494356,0.89906764,-2.0510294,0.06110583,0.8176698,-2.0288103,0.18389407,1.0,-1.6796163
336,6.734529256820679,0.5,0.0,0.0,-0.3574729561805725,-0.3574729561805725,-0.3538982266187668,1.0,0,0.07258082181215286,0.15783286094665527,0.029764294624328613,0.058699965476989746,-0.008555209264159203,0.059041887521743774,1,0.07258082,-0.031205365,-0.03996011,0.06042597,-0.01325815,-0.06526986,-0.044808958,-0.070920505,0.0028658046,0.015870007,0.014286183,-0.03851876,-0.12606214,1.0297643,-1.776554,-0.114538096,0.9086173,-2.0440714,0.069854066,0.82628876,-2.05,0.17885686,1.0205858,-1.656323,-0.10428789,1.0,-1.788542,-0.096410304,0.9046399,-2.0636523,0.056411378,0.8050126,-2.0491402,0.18361786,1.0,-1.6678786
337,6.754211187362671,0.5,0.0,0.0,-0.3551613688468933,-0.3551613688468933,-0.35160975515842435,1.0,0,0.06956314295530319,0.1469498872756958,0.04164767265319824,0.061241310089826584,-0.00749573390930891,0.06055429205298424,1,0.04188949,-0.01947743,-0.020140726,0.06683981,-0.020097828,-0.06956314,-0.049886983,-0.055444434,0.016434526,-0.014161881,0.023059314,-0.05271456,-0.12724055,1.0416477,-1.7795522,-0.11833748,0.9226327,-2.05,0.075145185,0.8257761,-2.05,0.16801907,1.012429,-1.6570636,-0.114673704,1.0,-1.7855945,-0.09828554,0.9166033,-2.070869,0.06017909,0.80914277,-2.0450697,0.16377051,1.0,-1.672878
338,6.773081302642822,0.5,0.0,0.0,-0.35028448700904846,-0.35028448700904846,-0.34678164213895796,1.0,0,0.09215240180492401,0.1554522067308426,0.049229979515075684,0.06862002611160278,-0.013886470347642899,0.06405680626630783,1,0.040969327,-0.017039254,-0.012783006,0.0663234,-0.01271321,-0.0921524,-0.045597456,-0.05605403,0.026635753,-0.008004428,0.012964136,-0.053083815,-0.14089917,1.04923,-1.7660966,-0.10961157,0.924527,-2.05,0.061313674,0.81652564,-2.05,0.15202932,1.0123078,-1.6687956,-0.12860836,1.0,-1.7699314,-0.08971455,0.920713,-2.0776458,0.047634438,0.79970944,-2.042009,0.149628,1.0,-1.6847208
339,6.79442834854126,0.5,0.0,0.0,-0.3542216420173645,-0.3542216420173645,-0.35067942559719084,1.0,0,0.07530954480171204,0.15003502368927002,0.05640220642089844,0.07461243867874146,-0.016444144770503044,0.0661393478512764,1,0.04716165,-0.03336287,-0.020215513,0.06994983,-0.016245618,-0.075309545,-0.04909956,-0.056558408,0.0125458725,0.0076608327,0.014648909,-0.04354098,-0.14294577,1.0564022,-1.7611178,-0.11212127,0.92552453,-2.05,0.04907714,0.8084488,-2.05,0.15666941,1.0218942,-1.664203,-0.12879728,1.0,-1.7671825,-0.09113632,0.92065084,-2.0725927,0.03434727,0.79148126,-2.0462363,0.15896766,1.0,-1.6772653
340,6.814128637313843,0.5,0.0,0.0,-0.35804933309555054,-0.35804933309555054,-0.35446883976459503,1.0,0,0.07573738694190979,0.15978330373764038,0.06942760944366455,0.08637014776468277,-0.011441239155828953,0.0651577040553093,1,0.06812649,-0.03938098,-0.03653638,0.07573739,-0.019570012,-0.07142446,-0.044402417,-0.058455598,0.004198624,0.02250143,0.011246274,-0.02727771,-0.12996817,1.0694276,-1.7596909,-0.11510394,0.92520857,-2.05,0.04820376,0.79964936,-2.05,0.15215226,1.0221992,-1.6535523,-0.10953022,1.0,-1.7706518,-0.09238272,0.9193376,-2.0714273,0.034883033,0.78211266,-2.0487404,0.15890269,1.0,-1.6617357
341,6.834001064300537,0.5,0.0,0.0,-0.3581395149230957,-0.3581395149230957,-0.35455811977386475,1.0,0,0.08591528981924057,0.16799306869506836,0.07394242286682129,0.09299717098474503,-0.00468977726995945,0.064915232360363,1,0.07508106,-0.031993456,-0.03467187,0.081272654,-0.017833265,-0.08591529,-0.02788887,-0.05555914,0.019217478,0.032429613,0.01109841,-0.025402859,-0.1264152,1.0739424,-1.757485,-0.12085362,0.91386616,-2.05,0.056112297,0.7989074,-2.041316,0.15167223,1.027281,-1.6452786,-0.10389087,1.0,-1.7678866,-0.09647182,0.90851617,-2.0757744,0.047745638,0.7822397,-2.0355508,0.16140111,1.0,-1.6528994
342,6.855642557144165,0.5,0.0,0.0,-0.3570467531681061,-0.3570467531681061,-0.353476285636425,1.0,0,0.09865442663431168,0.17792095243930817,0.08305943012237549,0.10534488409757614,-0.004137972369790077,0.06941529363393784,1,0.06334427,-0.022618372,-0.02431879,0.09461029,-0.015252386,-0.09865443,-0.044023126,-0.045084875,0.038195383,0.013961798,0.014128849,-0.042424165,-0.13349546,1.0830594,-1.7507855,-0.11388099,0.9010567,-2.0404205,0.06595021,0.79854465,-2.021231,0.14346756,1.0375986,-1.6555856,-0.114492185,1.0,-1.7580811,-0.0854979,0.896481,-2.0700169,0.05274327,0.78501916,-2.0097723,0.1476561,1.0,-1.6683129
343,6.877028226852417,0.5,0.0,0.0,-0.36034631729125977,-0.36034631729125977,-0.35674285411834716,1.0,0,0.09650648385286331,0.17757609486579895,0.09487318992614746,0.11919688433408737,-0.002287123817950487,0.07589954137802124,1,0.0571459,-0.034473978,-0.021573566,0.096506484,-0.021002764,-0.09026731,-0.055370923,-0.043130524,0.03697048,0.022860285,0.013994778,-0.041224923,-0.13335979,1.0948732,-1.7475805,-0.10539371,0.8895407,-2.0220892,0.07193431,0.7979579,-1.9982859,0.13938518,1.0499356,-1.6665235,-0.11621602,1.0,-1.7540526,-0.076441765,0.88323987,-2.0491695,0.055323035,0.78501874,-1.9871948,0.14624326,1.0,-1.678891
344,6.894969463348389,0.5,0.0,0.0,-0.36258986592292786,-0.36258986592292786,-0.35896396726369856,1.0,0,0.08770562708377838,0.1735142171382904,0.1145087480545044,0.13878096640110016,0.005612690933048725,0.08012449741363525,1,0.072259046,-0.042075578,-0.03218213,0.08770563,-0.024674866,-0.07904854,-0.04275102,-0.04857559,0.03057687,0.03842416,0.010919853,-0.02849789,-0.11978163,1.1145087,-1.7583609,-0.10626636,0.87510353,-1.996242,0.07924302,0.8014194,-1.9577274,0.13973442,1.0600693,-1.6669437,-0.09810391,1.0,-1.7680155,-0.07995467,0.86770105,-2.0199566,0.06641771,0.7868467,-1.9485544,0.15126167,1.0,-1.675493
345,6.915533542633057,0.5,0.0,0.0,-0.36347174644470215,-0.36347174644470215,-0.3598370289802551,1.0,0,0.08645516633987427,0.16892583668231964,0.12842893600463867,0.15467017889022827,0.015987928956747055,0.08466313779354095,1,0.065981284,-0.045032095,-0.022735998,0.08645517,-0.03380966,-0.070969105,-0.04268737,-0.04961176,0.0267275,0.047241766,0.011737195,-0.024818214,-0.10906364,1.1284289,-1.7831924,-0.108266205,0.8581086,-1.9576775,0.09007045,0.8187573,-1.9149165,0.1344164,1.0711024,-1.6723447,-0.08926925,1.0,-1.7900132,-0.08232965,0.84796566,-1.9789683,0.077264234,0.8038738,-1.9068983,0.14858893,1.0,-1.6797901
346,6.9363672733306885,0.5,0.0,0.0,-0.3601222634315491,-0.3601222634315491,-0.35652104079723357,1.0,0,0.09819670021533966,0.1765788346529007,0.13236761093139648,0.16371719539165497,0.012895504012703896,0.08666091412305832,1,0.054833375,-0.035941817,-0.008857501,0.0981967,-0.02284492,-0.07500299,-0.05806469,-0.057560284,0.0121911,0.061010595,0.0047378535,-0.020859681,-0.10589788,1.1323676,-1.8120753,-0.10432045,0.83848023,-1.9060086,0.099549636,0.8435621,-1.8866098,0.11163619,1.0812048,-1.6991673,-0.08944787,1.0,-1.8147326,-0.07486144,0.8316268,-1.9285095,0.08213022,0.82629406,-1.8829525,0.12993938,1.0,-1.7054251
347,6.952719211578369,0.5,0.0,0.0,-0.35832464694976807,-0.35832464694976807,-0.35474140048027036,1.0,0,0.08644431829452515,0.16286055743694305,0.13425183296203613,0.16861486434936523,0.007402058225125074,0.08576637506484985,1,0.047180552,-0.03301717,-0.0076366537,0.08644432,-0.02249766,-0.065242134,-0.064479776,-0.062319998,0.00821722,0.046104815,0.007321855,-0.025011864,-0.091816455,1.1342518,-1.8499608,-0.107675284,0.82788956,-1.8435687,0.10020228,0.8715213,-1.8877573,0.08497809,1.090129,-1.7361273,-0.07766229,1.0,-1.8522518,-0.08174199,0.8211403,-1.8631413,0.08085834,0.8528253,-1.8852922,0.09880953,1.0,-1.7436308
348,6.974355459213257,0.5,0.0,0.0,-0.3564593195915222,-0.3564593195915222,-0.352894726395607,1.0,0,0.09262219071388245,0.20991525053977966,0.13527369499206543,0.17123422026634216,0.006033093202859163,0.08239851146936417,1,0.060364284,-0.041789122,-0.0016026442,0.06660175,-0.07357153,-0.049820647,-0.047129203,-0.066007085,-0.008423739,0.09262219,-0.05915414,0.087257475,-0.06529609,1.1352737,-1.8985878,-0.124881595,0.8250432,-1.7919434,0.109447055,0.89372873,-1.8811911,0.07393354,1.0867668,-1.7583082,-0.047186807,1.0,-1.8990686,-0.10490107,0.8029717,-1.8068897,0.0953083,0.8739266,-1.8837183,0.1017202,1.0,-1.7321309
349,7.000375986099243,0.5,0.0,0.0,-0.3522084355354309,-0.3522084355354309,-0.34868635118007657,1.0,0,0.0939587876200676,0.214833065867424,0.12572169303894043,0.15932497382164001,0.0061489734798669815,0.07572075724601746,1,0.086144984,-0.019123372,0.008326937,0.06290173,-0.05386761,-0.056776963,-0.0120157255,-0.086406924,-0.014067575,0.081325896,-0.07046054,0.09395879,-0.038751647,1.1257217,-1.9483641,-0.14212206,0.8388245,-1.7518882,0.12955613,0.90524435,-1.8722779,0.06583662,1.0768404,-1.8041627,-0.012908151,1.0,-1.9458661,-0.12325154,0.8226642,-1.7689213,0.12595141,0.8793223,-1.8764981,0.09023439,1.0,-1.7759751
350,7.013044834136963,0.5,0.0,0.0,-0.34859129786491394,-0.34859129786491394,-0.3451053848862648,1.0,0,0.07873649895191193,0.1786973625421524,0.09325408935546875,0.1184883862733841,0.0030496264807879925,0.07465793192386627,1,0.0787365,0.001815937,0.020526059,0.07191047,-0.015742142,-0.06813713,-0.009582341,-0.06393816,0.015683332,0.044901025,-0.05702644,0.07451913,-0.012749255,1.0932541,-1.9857762,-0.17646992,0.8500101,-1.6904306,0.15200001,0.89993936,-1.8555611,0.05745353,1.0525566,-1.8293186,0.010871695,1.0,-1.9796183,-0.15489678,0.84528744,-1.7108718,0.14912531,0.8807579,-1.8508562,0.07092384,1.0,-1.8069628
351,7.0368428230285645,0.5,0.0,0.0,-0.3409436345100403,-0.3409436345100403,-0.3375341981649399,1.0,0,0.0908249020576477,0.19482733309268951,0.0910332202911377,0.11724929511547089,0.0027662815991789103,0.07748951017856598,1,0.06801766,-0.025527583,0.016315224,0.0908249,-0.043022793,-0.060764033,-3.4484547e-05,-0.061270494,0.024916809,0.08375677,-0.05123649,0.06786572,-0.010123014,1.0910332,-2.000783,-0.18490846,0.86128783,-1.6902077,0.170805,0.9037984,-1.8413309,0.07352564,1.0483639,-1.8362815,0.0102822855,1.0,-1.9958884,-0.15766099,0.848381,-1.708437,0.17079467,0.8854172,-1.8338559,0.09865267,1.0,-1.8159218
352,7.053953647613525,0.5,0.0,0.0,-0.33986419439315796,-0.33986419439315796,-0.3364655524492264,1.0,0,0.11621058732271194,0.2204323709011078,0.06754648685455322,0.10941076278686523,0.003602029522880912,0.07423827797174454,1,0.08295847,-0.039021134,0.0038915982,0.04312659,-0.05124915,-0.073498376,0.0039997105,-0.08405624,-0.018289004,0.11621059,-0.05482058,0.079724565,-0.0006910935,1.0675465,-2.0482783,-0.17508288,0.87181675,-1.6880581,0.16670153,0.92204154,-1.8504776,0.10120283,1.0586734,-1.8603823,0.024196448,1.0,-2.0471108,-0.1621449,0.85644203,-1.7101077,0.16790144,0.89682466,-1.8559643,0.136066,1.0,-1.836465
353,7.0738749504089355,0.5,0.0,0.0,-0.34268468618392944,-0.34268468618392944,-0.33925783932209014,1.0,0,0.11921855807304382,0.24233466386795044,0.037822723388671875,0.08147121965885162,0.0010855268919840455,0.0659802258014679,1,0.11921856,-0.029504849,-0.012442925,0.06747858,-0.023191582,-0.07717061,0.029474214,-0.10037415,-0.003920382,0.09854538,-0.06315943,0.08821439,0.01046858,1.0378227,-2.05,-0.168167,0.87298286,-1.681169,0.1742286,0.9115087,-1.8486134,0.0825377,1.0149218,-1.8626662,0.04623415,1.0,-2.0537329,-0.14792342,0.8660254,-1.7043202,0.18307085,0.8813964,-1.8497895,0.11210132,0.99597394,-1.8362019
354,7.094749450683594,0.5,0.0,0.0,-0.34197866916656494,-0.34197866916656494,-0.3385588824748993,1.0,0,0.12201343476772308,0.24154718220233917,0.036604031920433044,0.0775643065571785,0.0012534967390820384,0.062106117606163025,1,0.122013435,-0.025380652,-0.011101105,0.06546608,-0.02307628,-0.111772984,0.028135603,-0.08366024,0.011162401,0.081487514,-0.05920662,0.08554496,-0.000723511,1.0286905,-2.05,-0.15366197,0.876275,-1.6954138,0.17994493,0.9265014,-1.8500494,0.09254657,0.9955893,-1.8708696,0.03588052,1.0,-2.0533302,-0.13402215,0.8693521,-1.7289457,0.18838562,0.9014033,-1.8467007,0.116992824,0.9778273,-1.8452061
355,7.114440202713013,0.5,0.0,0.0,-0.3410976529121399,-0.3410976529121399,-0.33768667638301847,1.0,0,0.11049342900514603,0.23944352567195892,0.03314803168177605,0.07605687528848648,0.0031272172927856445,0.05827835947275162,1,0.11049343,-0.038583193,-0.007873808,0.06666176,-0.03004176,-0.10698885,0.022356594,-0.08203795,0.009274913,0.092156835,-0.05746485,0.087576695,-0.009873018,1.0275434,-2.05,-0.14892071,0.88631225,-1.7045387,0.1874696,0.9267784,-1.8481255,0.100645095,0.9938491,-1.8680866,0.023275014,1.0,-2.0523622,-0.1289222,0.8772997,-1.7366353,0.19417658,0.90216696,-1.845343,0.12829214,0.97660965,-1.8418136
356,7.1340882778167725,0.5,0.0,0.0,-0.342158704996109,-0.342158704996109,-0.3387371179461479,1.0,0,0.09954655915498734,0.2310040444135666,0.03790009021759033,0.07744651287794113,0.006427923683077097,0.052274756133556366,1,0.09954656,-0.051759835,-0.012646972,0.064181104,-0.0413374,-0.09177836,-0.0070011513,-0.08479625,-0.008886705,0.09469772,-0.056163672,0.083202496,-0.0049780756,1.0379001,-2.05,-0.1301739,0.87784326,-1.7160188,0.17400332,0.92895937,-1.8454354,0.10981528,0.9887408,-1.8485863,0.024885893,1.0,-2.0537941,-0.11091957,0.86544204,-1.7435523,0.17190297,0.90352046,-1.8481014,0.1382246,0.9718917,-1.8236256
357,7.154217720031738,0.5,0.0,0.0,-0.34167248010635376,-0.34167248010635376,-0.33825575530529023,1.0,0,0.09737968444824219,0.21543200314044952,0.03655564785003662,0.07275134325027466,0.006976213771849871,0.04714113101363182,1,0.086366534,-0.049502984,-0.007948504,0.065937124,-0.04102118,-0.090575874,-0.008133525,-0.07315945,-0.00018158181,0.097379684,-0.044545196,0.07292492,-0.007154852,1.0365556,-2.0373242,-0.121029615,0.87544507,-1.7232976,0.15864393,0.9280013,-1.8461148,0.11871987,0.9856187,-1.8233455,0.01875511,1.0,-2.0397089,-0.10124847,0.86313874,-1.7504704,0.15620387,0.9060534,-1.8461692,0.14793378,0.9722552,-1.801468
358,7.173110246658325,0.5,0.0,0.0,-0.3401596248149872,-0.3401596248149872,-0.3367580285668373,1.0,0,0.09897801280021667,0.18815626204013824,0.0296933650970459,0.06056325510144234,0.0012598795583471656,0.04650440067052841,1,0.06839287,-0.037749767,0.004681331,0.068228304,-0.034486935,-0.09897801,-0.019191789,-0.058873218,0.011303224,0.075535946,-0.037258368,0.050804786,-0.017555013,1.0246965,-2.0049896,-0.11777611,0.8758583,-1.7358918,0.14827156,0.9357017,-1.8455977,0.12138294,0.99649763,-1.8152175,0.00296285,1.0,-2.0035853,-0.09730762,0.86551225,-1.7655852,0.14251402,0.91803974,-1.8422068,0.14404371,0.9853201,-1.7999761
359,7.194978952407837,0.5,0.0,0.0,-0.3420032560825348,-0.3420032560825348,-0.33858322352170944,1.0,0,0.09367511421442032,0.1544571816921234,0.028102517127990723,0.04742901027202606,-0.00724750803783536,0.049187589436769485,1,0.04085075,-0.03342639,0.019282443,0.052593417,-0.027911276,-0.093675114,-0.0429937,-0.04532232,0.0123875225,0.043111444,-0.032429256,0.037585787,-0.033256143,1.0142456,-1.9684414,-0.11638488,0.8805548,-1.7566254,0.13974884,0.94062924,-1.8517191,0.1258735,0.9998713,-1.7984766,-0.021000918,1.0,-1.9626566,-0.10060685,0.8721814,-1.7847279,0.12685072,0.92703253,-1.8480029,0.13880694,0.9901425,-1.7872008
360,7.214753866195679,0.5,0.0,0.0,-0.34628599882125854,-0.34628599882125854,-0.34282313883304594,1.0,0,0.0836939737200737,0.1585848182439804,0.0251082181930542,0.0475754588842392,-0.007057752925902605,0.049056991934776306,1,0.06662406,-0.038082253,-0.0013253657,0.04027719,-0.028057728,-0.08369397,-0.03670743,-0.053761363,0.004799107,0.040820647,-0.036832765,0.050601047,-0.050366566,1.0026357,-1.9329994,-0.10387243,0.8825653,-1.7915953,0.12893437,0.9386111,-1.8712304,0.13351361,1.00372,-1.7687932,-0.030379348,0.99121106,-1.9333969,-0.091789275,0.874148,-1.8167036,0.11792214,0.92248267,-1.8697907,0.1457598,0.99267024,-1.7536129
361,7.234199523925781,0.5,0.0,0.0,-0.34624454379081726,-0.34624454379081726,-0.34278209835290907,1.0,0,0.08335117995738983,0.17097711563110352,0.025005340576171875,0.05129312723875046,-0.008212774060666561,0.04661092534661293,1,0.07944892,-0.03193849,-0.004759257,0.04577147,-0.026938966,-0.08335118,-0.01588266,-0.06307112,0.007073433,0.0534636,-0.04231988,0.056396704,-0.06368114,0.9981259,-1.8930005,-0.09530385,0.8826901,-1.8260347,0.112877615,0.92346025,-1.9119809,0.14488775,1.0069449,-1.728382,-0.039846465,0.98854434,-1.8944283,-0.081572406,0.8746084,-1.85104,0.10811282,0.9045389,-1.9098588,0.16092682,0.9942489,-1.711463
362,7.254106044769287,0.5,0.0,0.0,-0.34652280807495117,-0.34652280807495117,-0.34305757999420167,1.0,0,0.09208988398313522,0.1573399156332016,0.027626991271972656,0.04749428108334541,-0.017104454338550568,0.04651372879743576,1,0.0657765,-0.016505739,0.008019326,0.044710487,-0.020045055,-0.092089884,-0.017719477,-0.05658576,0.016635843,0.03966817,-0.042225055,0.045408953,-0.08794859,1.0011871,-1.8447546,-0.09390085,0.88250804,-1.8725536,0.09829328,0.89753306,-1.9618663,0.14644814,1.0137167,-1.7088429,-0.06821564,0.9962354,-1.8423488,-0.080487706,0.8764945,-1.9001806,0.09297744,0.88055736,-1.9568756,0.15834859,1.0,-1.6952202
363,7.273184061050415,0.5,0.0,0.0,-0.3485654890537262,-0.3485654890537262,-0.34507983416318894,1.0,0,0.09509220719337463,0.15044693648815155,0.02852761745452881,0.04997147247195244,-0.024454083293676376,0.05277281254529953,1,0.04988421,-0.005470892,0.015461371,0.05486999,-0.01357656,-0.09509221,-0.04229576,-0.036571838,0.031746916,0.0022450236,-0.041880768,0.04178463,-0.11108633,1.0110713,-1.8062806,-0.09478567,0.89716774,-1.9355484,0.09589566,0.8703191,-1.9985149,0.15684694,1.0223169,-1.6976932,-0.096121065,1.0,-1.8016422,-0.07832467,0.8930948,-1.964076,0.08320694,0.8593476,-1.9889908,0.15752044,1.0,-1.6851579
364,7.294223308563232,0.5,0.0,0.0,-0.35659754276275635,-0.35659754276275635,-0.3530315673351288,1.0,0,0.11045042425394058,0.1990216225385666,0.03313513100147247,0.06942642480134964,-0.017360271885991096,0.059694837778806686,1,0.048669934,-0.021770118,-0.023878664,0.096118055,-0.013324056,-0.07736263,-0.110450424,-0.04183502,0.017600117,-0.039425317,0.030784,-0.06351601,-0.11700258,1.0240152,-1.7922541,-0.09952591,0.913802,-1.983488,0.09711447,0.85215724,-2.0122244,0.17629868,1.0283968,-1.6738652,-0.1024016,1.0,-1.7994177,-0.0706905,0.9098048,-2.0066967,0.06397934,0.8396067,-2.0069444,0.16447109,1.0,-1.69292
365,7.312984943389893,0.5,0.0,0.0,-0.3551648259162903,-0.3551648259162903,-0.35161317765712735,1.0,0,0.09649553149938583,0.17625488340854645,0.045508384704589844,0.07468542456626892,-0.008207542821764946,0.0639382004737854,1,0.07331068,-0.026327588,-0.031929836,0.079207286,-0.0065225316,-0.09649553,-0.037456706,-0.05539133,0.0344654,0.0008051687,0.025360098,-0.045255866,-0.11673234,1.0455084,-1.8010741,-0.11364596,0.9301942,-2.0330243,0.085695155,0.83858556,-2.0427518,0.18588601,1.0288314,-1.659896,-0.09473913,1.0,-1.8106531,-0.089883775,0.92823744,-2.0619729,0.074458145,0.82196814,-2.032412,0.18612756,1.0,-1.6734728
366,7.3341147899627686,0.5,0.0,0.0,-0.3504104018211365,-0.3504104018211365,-0.3469062978029251,1.0,0,0.09609498083591461,0.1719028651714325,0.040828704833984375,0.06882822513580322,-0.007592489477247,0.06527207046747208,1,0.067242555,-0.017457806,-0.034580175,0.07600306,-0.006951026,-0.09609498,-0.027419928,-0.061985865,0.032638866,0.008648874,0.020865623,-0.04795694,-0.13195933,1.0408287,-1.7962694,-0.12588866,0.9265061,-2.05,0.07576588,0.8317852,-2.05,0.18533403,1.0218496,-1.6628592,-0.11178657,1.0,-1.8066435,-0.10308774,0.9244208,-2.0788283,0.0675399,0.81318945,-2.0402083,0.18792869,1.0,-1.6772463
367,7.353042364120483,0.5,0.0,0.0,-0.3472163677215576,-0.3472163677215576,-0.343744204044342,1.0,0,0.08810169994831085,0.16477811336517334,0.03666555881500244,0.06378735601902008,-0.016193808987736702,0.06719671189785004,1,0.033340782,-0.0224992,-0.019485777,0.079021364,-0.012186885,-0.0881017,-0.059385456,-0.05532479,0.027606186,0.0016228798,0.0192104,-0.057256144,-0.15014479,1.0366656,-1.7943046,-0.121123984,0.93433964,-2.05,0.06217823,0.83180594,-2.05,0.17791182,1.0189621,-1.676287,-0.14014255,1.0,-1.8001504,-0.09741758,0.93068355,-2.0764306,0.044362593,0.8152085,-2.041718,0.17839868,1.0,-1.6934639
368,7.377081632614136,0.5,0.0,0.0,-0.3543345332145691,-0.3543345332145691,-0.3507911878824234,1.0,0,0.0799470916390419,0.1645023077726364,0.04522275924682617,0.06911662220954895,-0.015277381986379623,0.06976679712533951,1,0.035091847,-0.050101794,-0.02599247,0.07994709,-0.033641074,-0.067549005,-0.06656259,-0.04841118,0.017528301,0.013973887,0.026574202,-0.050741747,-0.15522778,1.0452228,-1.7912396,-0.11464846,0.9440668,-2.05,0.050491765,0.826742,-2.05,0.18087813,1.0242074,-1.6744683,-0.14470023,1.0,-1.7990373,-0.090664335,0.9339745,-2.0702646,0.030522987,0.81221867,-2.0447414,0.1850703,1.0,-1.6896908
369,7.396517992019653,0.5,0.0,0.0,-0.3550682067871094,-0.3550682067871094,-0.3515175247192383,1.0,0,0.0737730860710144,0.14973382651805878,0.057381391525268555,0.07746965438127518,-0.010517409071326256,0.06992794573307037,1,0.038768664,-0.044706468,-0.018740602,0.073773086,-0.026768895,-0.0637213,-0.054679718,-0.054115262,0.0036529696,0.020002412,0.021085007,-0.039642576,-0.1491586,1.0573814,-1.7936934,-0.116437584,0.9447396,-2.05,0.047065057,0.81265116,-2.05,0.18684253,1.0301827,-1.6584978,-0.137528,1.0,-1.7993156,-0.09430566,0.9367089,-2.0691164,0.030661141,0.7964166,-2.0489042,0.19284326,1.0,-1.6703906
370,7.416228771209717,0.5,0.0,0.0,-0.35338664054870605,-0.35338664054870605,-0.34985277414321897,1.0,0,0.07925709336996078,0.15551815927028656,0.058524489402770996,0.07770052552223206,-0.00997682474553585,0.06890087574720383,1,0.057788745,-0.030734038,-0.022936165,0.07763172,-0.016813137,-0.07925709,-0.03519607,-0.05901157,0.011722967,0.027486421,0.012937317,-0.031673677,-0.14654759,1.0585245,-1.7834811,-0.11768741,0.93175983,-2.05,0.046715915,0.8100366,-2.05,0.1687812,1.0231429,-1.6662105,-0.12921096,1.0,-1.790362,-0.094397895,0.9267159,-2.0737772,0.036157094,0.7923331,-2.046483,0.17702714,1.0,-1.6757126
371,7.433789491653442,0.5,0.0,0.0,-0.35390159487724304,-0.35390159487724304,-0.3503625789284706,1.0,0,0.08202297240495682,0.1532171666622162,0.06252944469451904,0.08048588782548904,-0.01243602018803358,0.07004973292350769,1,0.043803655,-0.023171326,-0.011033978,0.07885476,-0.014439411,-0.08202297,-0.04833023,-0.05298965,0.017800122,0.007652549,0.017464936,-0.043813214,-0.14514555,1.0625294,-1.7731098,-0.116738826,0.9198107,-2.05,0.0520972,0.81561303,-2.05,0.15387475,1.0230439,-1.6701598,-0.13200445,1.0,-1.77642,-0.0930824,0.9154789,-2.074607,0.037598133,0.7997161,-2.0446599,0.15617052,1.0,-1.6833038
372,7.455026626586914,0.5,0.0,0.0,-0.3556516170501709,-0.3556516170501709,-0.35209510087966917,1.0,0,0.08805141597986221,0.1627771407365799,0.07564926147460938,0.09461723268032074,-0.010662844404578209,0.07307806611061096,1,0.059626352,-0.025580939,-0.022568393,0.08379634,-0.019244146,-0.088051416,-0.046145476,-0.04810175,0.022563733,0.0103762755,0.013276428,-0.037362114,-0.137037,1.0756493,-1.7652457,-0.112596035,0.91492105,-2.0368738,0.059672646,0.81110203,-2.0313861,0.14587483,1.0303265,-1.6739178,-0.11914909,1.0,-1.7720162,-0.087457135,0.9091478,-2.0632892,0.045829,0.7966715,-2.024617,0.14898771,1.0,-1.6851264
373,7.476457834243774,0.5,0.0,0.0,-0.3596823811531067,-0.3596823811531067,-0.3560855573415756,1.0,0,0.08855535835027695,0.17284050583839417,0.09185171127319336,0.11174821108579636,-0.001344988471828401,0.07474948465824127,1,0.074064836,-0.039029874,-0.030201148,0.08855536,-0.021285735,-0.084996216,-0.038237955,-0.05168032,0.017728131,0.037365798,0.0074671917,-0.02310985,-0.12431263,1.0918517,-1.7737392,-0.113969386,0.90532494,-2.016592,0.06446269,0.8106915,-2.0046165,0.14488494,1.0387865,-1.6719532,-0.10209318,1.0,-1.7827996,-0.087402776,0.8989392,-2.042091,0.052991305,0.79518735,-1.9992981,0.15609469,1.0,-1.6788862
374,7.49611234664917,0.5,0.0,0.0,-0.3603033125400543,-0.3603033125400543,-0.35670027941465376,1.0,0,0.08964157104492188,0.1844407618045807,0.10477614402770996,0.1301003396511078,0.006340133957564831,0.07675725221633911,1,0.08223847,-0.04060933,-0.03526574,0.088743754,-0.024345273,-0.08964157,-0.03283416,-0.05631735,0.024797995,0.05142869,0.0027978502,-0.018473765,-0.11723722,1.1047761,-1.7876819,-0.11477623,0.8875989,-1.9896597,0.06887315,0.8156035,-1.971168,0.14478351,1.0550956,-1.6740322,-0.09256567,1.0,-1.7982616,-0.0881531,0.8802953,-2.0165522,0.059022903,0.79870826,-1.9637287,0.16021211,1.0,-1.6795744
375,7.514520645141602,0.5,0.0,0.0,-0.3599912226200104,-0.3599912226200104,-0.3563913103938103,1.0,0,0.09433574229478836,0.18344144523143768,0.11303448677062988,0.1430363804101944,0.011242701672017574,0.0821864977478981,1,0.06944289,-0.038624547,-0.02233572,0.09126832,-0.028819827,-0.09433574,-0.048003074,-0.051192235,0.032837544,0.04290778,0.005284001,-0.030095572,-0.11187538,1.1130345,-1.79951,-0.10985563,0.8698163,-1.9565675,0.07939955,0.83043045,-1.934708,0.13292216,1.0692158,-1.6893725,-0.09104251,1.0,-1.8062108,-0.08247513,0.86117035,-1.9848683,0.06499863,0.8150728,-1.9248568,0.1457945,1.0,-1.6984012
376,7.534444093704224,0.5,0.0,0.0,-0.35961228609085083,-0.35961228609085083,-0.35601616322994234,1.0,0,0.0915306955575943,0.16148072481155396,0.1125192642211914,0.14583730697631836,0.008553724735975266,0.08642793446779251,1,0.03269505,-0.03375888,0.0045952247,0.091530696,-0.024076467,-0.07352963,-0.06268982,-0.044668578,0.024813168,0.030285789,0.019049732,-0.040755607,-0.111622564,1.1125193,-1.8147246,-0.10394801,0.8563947,-1.9039891,0.10227134,0.85087943,-1.9041461,0.11340948,1.079977,-1.7235228,-0.10181405,1.0,-1.813346,-0.0764888,0.84917176,-1.9260479,0.0834644,0.8374789,-1.8967022,0.12249522,1.0,-1.7357495
377,7.5544679164886475,0.5,0.0,0.0,-0.36114931106567383,-0.36114931106567383,-0.3575378179550171,1.0,0,0.08027028292417526,0.18324798345565796,0.12352263927459717,0.15688610076904297,0.00646600779145956,0.08465497195720673,1,0.05781208,-0.054208975,-0.012074462,0.08027028,-0.037995577,-0.0626315,-0.07313075,-0.07117617,-0.012142453,0.06741234,-7.972122e-07,-0.015410302,-0.08955529,1.1235226,-1.8694195,-0.11732027,0.8475777,-1.8442945,0.102615386,0.8795505,-1.8926969,0.09200722,1.0812262,-1.7523074,-0.07221167,1.0,-1.8730417,-0.09323918,0.836179,-1.863084,0.08067616,0.8581977,-1.8963395,0.11223093,1.0,-1.7569305
378,7.5744311809539795,0.5,0.0,0.0,-0.36122408509254456,-0.36122408509254456,-0.3576118442416191,1.0,0,0.08536943793296814,0.19503489136695862,0.125710129737854,0.16011174023151398,0.007527610287070274,0.07762555032968521,1,0.055430226,-0.058075197,-0.013798905,0.08536944,-0.045535404,-0.05741621,-0.07617029,-0.07775399,-0.027148366,0.07848007,0.00025079396,0.0010527505,-0.062087312,1.1257101,-1.9307864,-0.13194616,0.8456441,-1.8001647,0.11289652,0.90074843,-1.8873851,0.08247824,1.0819317,-1.775837,-0.045458242,1.0,-1.934926,-0.10633533,0.8319835,-1.8173896,0.09004543,0.8774222,-1.8955296,0.10602226,1.0,-1.7755212
379,7.594295263290405,0.5,0.0,0.0,-0.35223251581192017,-0.35223251581192017,-0.348710190653801,1.0,0,0.0947239026427269,0.21751715242862701,0.10781264305114746,0.1470085233449936,0.005475165788084269,0.07282627373933792,1,0.07042904,-0.031345274,0.009627508,0.08067319,-0.059746325,-0.06829919,-0.022784362,-0.07242393,0.0009837734,0.0947239,-0.0638314,0.08788227,-0.038711376,1.1078126,-1.9749855,-0.14381999,0.843618,-1.7523804,0.12205904,0.9144973,-1.8724818,0.07705658,1.0786437,-1.8141242,-0.017582662,1.0,-1.9720973,-0.11961803,0.8256941,-1.7728702,0.11522373,0.8927701,-1.8721867,0.10547375,1.0,-1.7877595
380,7.61450719833374,0.5,0.0,0.0,-0.34138408303260803,-0.34138408303260803,-0.33797024220228195,1.0,0,0.10308889299631119,0.23631584644317627,0.09022235870361328,0.13534772396087646,0.0005844368133693933,0.0723414272069931,1,0.10001538,-0.01184525,0.014330738,0.09984998,-0.026585666,-0.082984835,0.028355882,-0.074217655,0.030183256,0.10308889,-0.065806374,0.075841814,-0.026687741,1.0902224,-1.9975759,-0.15492964,0.8521173,-1.719187,0.14044419,0.92068255,-1.861321,0.069186985,1.0745335,-1.8489785,0.0033168737,1.0,-1.9932767,-0.124974646,0.8441416,-1.7440825,0.14895095,0.89841723,-1.852266,0.10011365,1.0,-1.826226
381,7.634104251861572,0.5,0.0,0.0,-0.3416018486022949,-0.3416018486022949,-0.33818583011627196,1.0,0,0.08917094767093658,0.1976926177740097,0.08321058750152588,0.1212577298283577,-0.0021067906636744738,0.07633008807897568,1,0.072883345,-0.019416695,0.021560537,0.087407835,-0.0401176,-0.08917095,0.002485899,-0.05435756,0.035288714,0.07163919,-0.05265569,0.06013736,-0.010180265,1.0832106,-2.0221672,-0.17047684,0.8640965,-1.70277,0.1586884,0.92980146,-1.8451179,0.085709535,1.0674202,-1.8756082,0.01168474,1.0,-2.0156991,-0.14425449,0.8520613,-1.7295213,0.15943417,0.91349417,-1.8345313,0.10720129,1.0,-1.857567
382,7.654448986053467,0.5,0.0,0.0,-0.34455275535583496,-0.34455275535583496,-0.3411072278022766,1.0,0,0.09418085217475891,0.19093136489391327,0.06663703918457031,0.09709230065345764,-0.010620729997754097,0.07439085096120834,1,0.05640379,-0.033341743,0.014881789,0.03343544,-0.04542775,-0.07072907,-0.024329158,-0.08129627,-0.017753806,0.09418085,-0.05361069,0.06705013,0.0015894994,1.0454335,-2.0434258,-0.17356567,0.87519544,-1.6986916,0.15219179,0.940016,-1.8479387,0.09932315,1.066637,-1.901494,0.018510638,1.0,-2.0389612,-0.16353504,0.86156714,-1.7199104,0.14489304,0.91562706,-1.8532648,0.12757741,1.0,-1.881379
383,7.674164056777954,0.5,0.0,0.0,-0.34629470109939575,-0.34629470109939575,-0.3428317540884018,1.0,0,0.12095306813716888,0.23818963766098022,0.04131615161895752,0.0831383615732193,-0.009951647371053696,0.06707071512937546,1,0.12095307,-0.027370779,-0.02453489,0.051530566,-0.024394296,-0.094718926,0.028110214,-0.096461244,-0.0023742511,0.08844189,-0.05679334,0.08592637,0.0043794066,1.021368,-2.05,-0.17161962,0.89339846,-1.6919807,0.17329568,0.9336073,-1.8601366,0.09705767,1.0413162,-1.8983675,0.04066533,1.0,-2.0573604,-0.15616046,0.88608015,-1.7203964,0.18172874,0.9046689,-1.8608489,0.12359024,1.0,-1.8725896
384,7.694272994995117,0.5,0.0,0.0,-0.3417763113975525,-0.3417763113975525,-0.338358548283577,1.0,0,0.16447165608406067,0.2968685030937195,0.04934149980545044,0.09826786071062088,0.001965956762433052,0.060971684753894806,1,0.16447166,-0.026732678,-0.034038935,0.0696506,-0.016694421,-0.12359821,0.07342366,-0.10090577,0.015939945,0.07853149,-0.072992675,0.10713568,0.005614519,1.0422978,-2.05,-0.1519526,0.90186256,-1.712747,0.19957924,0.9236208,-1.8671103,0.093393385,1.0005083,-1.8806124,0.05495602,1.0,-2.0602117,-0.13105741,0.8968542,-1.7498264,0.22160634,0.8933491,-1.8623283,0.11695284,0.9786105,-1.8484716
385,7.71697211265564,0.5,0.0,0.0,-0.3402353525161743,-0.3402353525161743,-0.33683299899101254,1.0,0,0.17429564893245697,0.32375529408454895,0.0578690767288208,0.11257442831993103,0.015355887822806835,0.049771327525377274,1,0.17429565,-0.034865268,-0.029942377,0.07644928,-0.021739934,-0.13324566,0.07816618,-0.10916565,0.01117439,0.09896642,-0.0822953,0.11634445,0.0008477792,1.0578691,-2.05,-0.13826945,0.9061554,-1.7359968,0.21371442,0.9070847,-1.861667,0.08700261,0.96115816,-1.8533171,0.053136475,1.0,-2.0589826,-0.11533467,0.8996334,-1.7759706,0.23716427,0.874335,-1.8583148,0.11669254,0.93646955,-1.8184139
386,7.7341883182525635,0.5,0.0,0.0,-0.3377332389354706,-0.3377332389354706,-0.33435590654611586,1.0,0,0.12437795847654343,0.2654948830604553,0.03786599636077881,0.08760829269886017,0.010747767053544521,0.04463028535246849,1,0.118651755,-0.03374692,-0.00024361908,0.06287083,-0.031242704,-0.12437796,0.041806605,-0.09820455,0.0011440532,0.11033326,-0.064349815,0.084641,-0.006682679,1.037866,-2.05,-0.15317151,0.92001,-1.732122,0.18511635,0.9284702,-1.8623831,0.118036166,0.9600767,-1.8512913,0.02891285,1.0,-2.0500731,-0.13431026,0.91063714,-1.7694353,0.19765833,0.8990088,-1.8620399,0.15113614,0.94077176,-1.825899
387,7.754444599151611,0.5,0.0,0.0,-0.3408239185810089,-0.3408239185810089,-0.33741567939519884,1.0,0,0.08848487585783005,0.17200373113155365,0.026545405387878418,0.053711164742708206,-0.0011628286447376013,0.04419122263789177,1,0.029019859,-0.04267755,0.0182279,0.06317282,-0.036806744,-0.088484876,-0.0517899,-0.06289476,-0.0049109445,0.05861027,-0.03481948,0.045877725,-0.004141398,1.0196505,-2.0324397,-0.14781883,0.91717774,-1.7419392,0.17564824,0.9389771,-1.8515112,0.11687764,0.9656879,-1.858056,0.00456456,1.0,-2.0269713,-0.12886699,0.90613574,-1.7684846,0.16011128,0.9201087,-1.8529845,0.13446072,0.95524204,-1.8442926
388,7.77315092086792,0.5,0.0,0.0,-0.34406328201293945,-0.34406328201293945,-0.34062264919281005,1.0,0,0.07651380449533463,0.17757001519203186,0.022954106330871582,0.05327099189162254,-0.003884273814037442,0.04281865432858467,1,0.044019714,-0.06127786,-0.0048181857,0.053703085,-0.042497907,-0.076513804,-0.07398645,-0.048130833,-0.00873756,0.06798974,-0.026926763,0.045344844,-0.0046306625,1.0112164,-2.0109935,-0.12415301,0.9030732,-1.7559114,0.14739332,0.9619744,-1.8508345,0.13444692,0.97547734,-1.849405,0.008575252,0.992833,-2.012439,-0.10804208,0.8903238,-1.7788655,0.12519738,0.94753516,-1.8534558,0.15484384,0.9673993,-1.8358016
389,7.794366836547852,0.5,0.0,0.0,-0.3466455936431885,-0.3466455936431885,-0.34317913770675657,1.0,0,0.08501948416233063,0.1799084097146988,0.02550584077835083,0.0539725162088871,-0.003366048913449049,0.03883065655827522,1,0.04318359,-0.06224275,-0.0054618185,0.06463986,-0.04886646,-0.074035734,-0.04784918,-0.04916141,0.0033497792,0.085019484,-0.014816073,0.048839044,-0.020406827,1.0043972,-1.986762,-0.100343935,0.89727974,-1.7688,0.123347454,0.9671835,-1.858341,0.1567463,0.9802894,-1.8207227,-0.0074517494,0.98572433,-1.9884006,-0.080951974,0.8826198,-1.7910107,0.108992696,0.952435,-1.857336,0.18225214,0.97584456,-1.806071
390,7.813082933425903,0.5,0.0,0.0,-0.34279367327690125,-0.34279367327690125,-0.3393657365441322,1.0,0,0.10212120413780212,0.2052694708108902,0.030636310577392578,0.06158081814646721,-0.006068500690162182,0.03874019533395767,1,0.07584932,-0.048372462,-0.009369692,0.08178913,-0.03898089,-0.102121204,-8.6063046e-05,-0.052521612,0.029018309,0.09326583,-0.02152195,0.05054442,-0.06544648,0.99643123,-1.935853,-0.08970467,0.8938561,-1.7947097,0.10490453,0.9653478,-1.8611028,0.16256611,0.98888963,-1.7874311,-0.042691685,0.98191947,-1.938664,-0.06516793,0.88216186,-1.825346,0.104878716,0.94959134,-1.8523973,0.19054586,0.982433,-1.7722678
391,7.833953380584717,0.5,0.0,0.0,-0.34427037835121155,-0.34427037835121155,-0.3408276745676994,1.0,0,0.11109396070241928,0.15777361392974854,0.03332817554473877,0.047332074493169785,-0.013948583044111729,0.04266536608338356,1,0.05777247,-0.024628809,0.01596315,0.04463346,-0.019574134,-0.11109396,-0.029891266,-0.04415795,0.020714564,0.02544382,-0.032372702,0.03175549,-0.08176382,0.99289817,-1.9028004,-0.096002646,0.9131276,-1.8530505,0.09886866,0.9579182,-1.8925536,0.167285,0.9969895,-1.7657375,-0.06443208,0.9855095,-1.8980114,-0.082612604,0.90725535,-1.8863786,0.08990128,0.94467086,-1.8863392,0.17491814,0.9872777,-1.7562109
392,7.8541741371154785,0.5,0.0,0.0,-0.3486928641796112,-0.3486928641796112,-0.3452059355378151,1.0,0,0.08700116723775864,0.14457392692565918,0.02610039710998535,0.04337221384048462,-0.025107258930802345,0.04482029378414154,1,0.06027079,-0.010786588,0.022985354,0.009300008,-0.008630209,-0.08700117,-0.03181256,-0.062100504,-0.0038442079,-0.00055006123,-0.051203124,0.037267294,-0.08229563,0.9929184,-1.8536581,-0.10139407,0.9217686,-1.8906476,0.09395169,0.92724806,-1.9509866,0.16099575,0.9901291,-1.747519,-0.064214386,0.9896824,-1.8467624,-0.09860407,0.91917956,-1.916748,0.08440792,0.9086179,-1.9521399,0.16083074,0.97476816,-1.7363389
393,7.873229503631592,0.5,0.0,0.0,-0.3521472215652466,-0.3521472215652466,-0.3486257493495941,1.0,0,0.09346266090869904,0.15751837193965912,0.028038740158081055,0.0472554974257946,-0.025319023057818413,0.04623771458864212,1,0.06510136,0.0017844661,0.010482176,0.03213411,-0.014606335,-0.09346266,-0.020905044,-0.05935248,0.003493565,-0.002320124,-0.04784554,0.064908065,-0.08548094,0.99526775,-1.8064166,-0.10555927,0.9298031,-1.9207897,0.10022186,0.8945393,-1.9984636,0.15375672,0.9864724,-1.7228559,-0.065950535,0.9958031,-1.803272,-0.095919035,0.9254212,-1.9488285,0.093950346,0.87673354,-1.9974155,0.15306069,0.9721188,-1.7033834
394,7.893922328948975,0.5,0.0,0.0,-0.35767602920532227,-0.35767602920532227,-0.35409926891326904,1.0,0,0.09586004167795181,0.1951807290315628,0.029295682907104492,0.06510152667760849,-0.015041377395391464,0.05060233175754547,1,0.063454814,-0.008954462,-0.022030221,0.07889259,-0.017747,-0.09586004,-0.09521594,-0.051341835,0.004626217,-0.05077331,0.022109037,-0.05463654,-0.09761196,1.0292957,-1.8130125,-0.108589955,0.9564219,-1.9885777,0.09169653,0.8716685,-2.0278232,0.1746034,1.0016092,-1.6871983,-0.07857551,1.0,-1.8196216,-0.08492218,0.9510978,-2.0173357,0.06313175,0.85626596,-2.0264354,0.1593714,1.0,-1.7035892
395,7.914098501205444,0.5,0.0,0.0,-0.3510270118713379,-0.3510270118713379,-0.34751674175262454,1.0,0,0.11315678805112839,0.1871049851179123,0.03632807731628418,0.06639501452445984,-0.017224978655576706,0.05601043626666069,1,0.05222584,-0.009860399,-0.011417774,0.09192297,-0.0023586873,-0.11315679,-0.049327016,-0.045242988,0.03915677,-0.025270965,0.02826927,-0.057811584,-0.120561615,1.0363281,-1.79311,-0.11976279,0.9570678,-2.034009,0.07418746,0.8535234,-2.05,0.18124725,1.0043008,-1.69094,-0.10489386,1.0,-1.7965354,-0.0921859,0.95636016,-2.067956,0.059389353,0.8399505,-2.0382528,0.17366596,1.0,-1.7082835
396,7.93395733833313,0.5,0.0,0.0,-0.34721630811691284,-0.34721630811691284,-0.3437441450357437,1.0,0,0.09597253799438477,0.17652030289173126,0.02879166603088379,0.059462301433086395,-0.019732659682631493,0.0572889968752861,1,0.046120193,-0.02793333,-0.033277925,0.07818625,-0.01233358,-0.09597254,-0.04574086,-0.057933643,0.035509635,-0.0026552728,0.03182648,-0.06276367,-0.14559457,1.0285937,-1.7988104,-0.13257115,0.9496978,-2.0387306,0.06813666,0.8561629,-2.05,0.19732764,1.0086726,-1.6891888,-0.13175851,1.0,-1.8087938,-0.10911527,0.9459977,-2.0675223,0.054414403,0.8387828,-2.0393472,0.19653106,1.0,-1.708018
397,7.953197002410889,0.5,0.0,0.0,-0.3515961170196533,-0.3515961170196533,-0.3480801558494568,1.0,0,0.0918237641453743,0.18739336729049683,0.028472304344177246,0.06244272738695145,-0.01742703840136528,0.05554797500371933,1,0.045763936,-0.055025063,-0.047605712,0.091823764,-0.03262411,-0.080107845,-0.068716444,-0.054780655,0.015459779,0.028774174,0.024644602,-0.04916796,-0.15664136,1.0284723,-1.8084782,-0.13170345,0.9555027,-2.05,0.05445373,0.84944594,-2.05,0.20747921,1.0159724,-1.6859694,-0.14291218,1.0,-1.82276,-0.10415632,0.9457154,-2.0740323,0.033838797,0.83301175,-2.045362,0.21611147,1.0,-1.7007197
398,7.9788877964019775,0.5,0.0,0.0,-0.3547095060348511,-0.3547095060348511,-0.35116241097450257,1.0,0,0.09014512598514557,0.1775534451007843,0.03463447093963623,0.06772566586732864,-0.015319040045142174,0.05585093051195145,1,0.040532693,-0.050745495,-0.025582189,0.090145126,-0.030482125,-0.086377084,-0.05621566,-0.050402615,0.019394843,0.033222795,0.025776617,-0.047869574,-0.16658135,1.0346345,-1.8063651,-0.119500294,0.95275295,-2.05,0.031592578,0.8368883,-2.05,0.20947422,1.0290086,-1.6816343,-0.15442154,1.0,-1.8140398,-0.09245676,0.9436083,-2.0759132,0.014727879,0.8217675,-2.0441816,0.21944106,1.0,-1.6959952
399,7.994751214981079,0.5,0.0,0.0,-0.3531668186187744,-0.3531668186187744,-0.3496351504325867,1.0,0,0.09893548488616943,0.17928172647953033,0.049678802490234375,0.07910948991775513,-0.01773836277425289,0.06001921743154526,1,0.024005866,-0.039603014,-0.00901652,0.098935485,-0.02640685,-0.08858675,-0.06913954,-0.041458137,0.026465358,0.012171336,0.02904313,-0.05823818,-0.16514957,1.0496788,-1.7965022,-0.11746784,0.9486508,-2.05,0.03776411,0.82136905,-2.05,0.19838399,1.033386,-1.6904944,-0.15794781,1.0,-1.7992072,-0.087787196,0.9407287,-2.076576,0.017022246,0.8089316,-2.0420604,0.20203538,1.0,-1.7079659
400,8.018854141235352,0.5,0.0,0.0,-0.3533121943473816,-0.3533121943473816,-0.34977907240390776,1.0,0,0.08533687144517899,0.16024205088615417,0.0574491024017334,0.07857513427734375,-0.019379766657948494,0.06594756245613098,1,0.03198893,-0.026668638,-0.0073826164,0.079403564,-0.019990548,-0.08533687,-0.05148199,-0.04523187,0.029233063,-0.010122794,0.02842694,-0.05865259,-0.16110963,1.0574491,-1.7834581,-0.11270276,0.9409522,-2.05,0.04466246,0.8216635,-2.05,0.18028772,1.0264463,-1.6982785,-0.15151295,1.0,-1.7856729,-0.08888169,0.934955,-2.075601,0.029217863,0.80809397,-2.04123,0.17725088,1.0,-1.7158743
401,8.032472133636475,0.5,0.0,0.0,-0.35596758127212524,-0.35596758127212524,-0.352407905459404,1.0,0,0.0766591876745224,0.15132290124893188,0.0691596269607544,0.08541236072778702,-0.017134111374616623,0.06736887246370316,1,0.0509117,-0.032147553,-0.019516964,0.07665919,-0.018434927,-0.076071836,-0.03759731,-0.05380984,0.01795456,0.009452946,0.019657511,-0.042209506,-0.14442557,1.0691596,-1.7823427,-0.1200577,0.9266624,-2.05,0.047334142,0.8201144,-2.041318,0.17235228,1.024065,-1.6891757,-0.12915206,1.0,-1.7881978,-0.09705994,0.9211319,-2.0728216,0.036054946,0.8039714,-2.0359316,0.17518817,1.0,-1.7018386
402,8.064765453338623,0.5,0.0,0.0,-0.3580382466316223,-0.3580382466316223,-0.3544578641653061,1.0,0,0.09023214131593704,0.17899557948112488,0.07637584209442139,0.09686331450939178,-0.004823905415832996,0.06853287667036057,1,0.07633179,-0.037141327,-0.036622122,0.08778025,-0.022398068,-0.09023214,-0.039915565,-0.056877624,0.01515001,0.038265865,0.005174795,-0.024381166,-0.14029785,1.0763758,-1.7845894,-0.11970677,0.9194,-2.032675,0.046876326,0.82192737,-2.0240488,0.17101839,1.028147,-1.6892157,-0.11739831,1.0,-1.7955761,-0.093372695,0.91268057,-2.0597446,0.034901656,0.8048641,-2.0195038,0.18249816,1.0,-1.69653
403,8.078192234039307,0.5,0.0,0.0,-0.35954010486602783,-0.35954010486602783,-0.35594470381736754,1.0,0,0.09633055329322815,0.18776275217533112,0.09796953201293945,0.12144753336906433,-0.0007213350618258119,0.06986235082149506,1,0.07615106,-0.031820122,-0.037258644,0.09619153,-0.024404781,-0.09633055,-0.051700152,-0.052393973,0.027636584,0.023942415,0.007823268,-0.03333021,-0.1282211,1.0979695,-1.7859772,-0.11049884,0.9035851,-2.00685,0.054600567,0.8204465,-1.9871287,0.15339163,1.045554,-1.6910208,-0.105375774,1.0,-1.7971548,-0.081641376,0.89626366,-2.0357492,0.03909052,0.80472827,-1.9788377,0.16057435,1.0,-1.7010199
404,8.093031644821167,0.5,0.0,0.0,-0.3583139479160309,-0.3583139479160309,-0.35473080843687055,1.0,0,0.09781752526760101,0.17829805612564087,0.11054122447967529,0.13514047861099243,0.0015930591616779566,0.07362315058708191,1,0.069002494,-0.026989099,-0.021426957,0.091093786,-0.02039543,-0.097817525,-0.04426579,-0.053608354,0.02849743,0.01942735,0.007400151,-0.038489006,-0.12473109,1.1105412,-1.797986,-0.11004148,0.8948665,-1.9882096,0.067014255,0.8259636,-1.9691055,0.14566252,1.0570347,-1.7014503,-0.10403034,1.0,-1.8044142,-0.082713336,0.8887479,-2.0175548,0.05373452,0.8098811,-1.9605563,0.15149072,1.0,-1.7129971
405,8.11398458480835,0.5,0.0,0.0,-0.3595646619796753,-0.3595646619796753,-0.3559690153598785,1.0,0,0.09521754831075668,0.17413446307182312,0.11590278148651123,0.1426505595445633,0.0036521314177662134,0.0803280621767044,1,0.061371394,-0.03573946,-0.009894837,0.08826345,-0.02475608,-0.09521755,-0.04274793,-0.049934577,0.031741567,0.028150858,0.010254486,-0.038541753,-0.12026133,1.1159028,-1.7935768,-0.105276935,0.87563527,-1.9501741,0.08687607,0.8336272,-1.9396098,0.12883683,1.0656589,-1.722434,-0.101849906,1.0,-1.7965453,-0.0787979,0.86820847,-1.9787394,0.07405169,0.81864685,-1.9300873,0.13728209,1.0,-1.7339966
406,8.136023759841919,0.5,0.0,0.0,-0.3625183403491974,-0.3625183403491974,-0.3588931569457054,1.0,0,0.08916914463043213,0.1740918904542923,0.12126779556274414,0.15070125460624695,0.004776906222105026,0.08175074309110641,1,0.059476297,-0.042070664,-0.014018779,0.089169145,-0.02992153,-0.06884812,-0.06263642,-0.06330951,0.0029785428,0.05188304,0.0057825404,-0.023494996,-0.11202116,1.1212678,-1.8294615,-0.11033142,0.8561688,-1.8885283,0.099811085,0.854141,-1.8987054,0.113402426,1.0737535,-1.7428507,-0.094178274,1.0,-1.833667,-0.08358068,0.84719235,-1.9091828,0.08102016,0.83514816,-1.8978118,0.12896734,1.0,-1.7498991
407,8.153929948806763,0.5,0.0,0.0,-0.3611281216144562,-0.3611281216144562,-0.3575168403983116,1.0,0,0.09287770837545395,0.1794486790895462,0.13715839385986328,0.16806261241436005,0.0066167255863547325,0.07914576679468155,1,0.05464806,-0.049103238,-0.018826267,0.09287771,-0.033509042,-0.06215065,-0.06742475,-0.0665882,-0.0037587099,0.059747435,0.0073364996,-0.014840512,-0.087134,1.1371584,-1.893486,-0.12175948,0.8529161,-1.8436005,0.10069508,0.886616,-1.8904796,0.09584309,1.0821967,-1.7699506,-0.07073958,1.0,-1.8991339,-0.093896165,0.8428634,-1.8622457,0.080467656,0.86663955,-1.8916072,0.113767326,1.0,-1.7744027
408,8.173719644546509,0.5,0.0,0.0,-0.3591389060020447,-0.3591389060020447,-0.35554751694202424,1.0,0,0.08311622589826584,0.18186894059181213,0.1267153024673462,0.1602695882320404,0.003005033126100898,0.07529331743717194,1,0.031903245,-0.05529424,0.0024794433,0.07967608,-0.044904426,-0.05387562,-0.083116226,-0.0776245,-0.022834117,0.061982952,0.006296317,-0.0197694,-0.06637974,1.1267153,-1.9395937,-0.12807415,0.84654266,-1.7963551,0.10547972,0.9113035,-1.8797575,0.08593754,1.0832553,-1.7981385,-0.056808766,1.0,-1.9388498,-0.10417133,0.83307135,-1.8125178,0.080544844,0.88801616,-1.8866078,0.10453242,1.0,-1.8040693
409,8.195028305053711,0.5,0.0,0.0,-0.35233765840530396,-0.35233765840530396,-0.3488142818212509,1.0,0,0.09194393455982208,0.20619140565395355,0.10259628295898438,0.1431245505809784,-0.004253631457686424,0.07340170443058014,1,0.05531171,-0.028742628,0.014127606,0.08613676,-0.05520542,-0.07131337,-0.03259398,-0.06332132,0.010718513,0.091943935,-0.05532155,0.07858752,-0.052994117,1.1025963,-1.9634246,-0.1451733,0.85733145,-1.7456791,0.11252858,0.9323705,-1.8666941,0.078150645,1.0805115,-1.8422623,-0.0364006,1.0,-1.9591863,-0.11933227,0.8407698,-1.7670732,0.10275038,0.91337407,-1.8634785,0.10573383,1.0,-1.818686
410,8.216762781143188,0.5,0.0,0.0,-0.34001395106315613,-0.34001395106315613,-0.33661381155252457,1.0,0,0.0999508798122406,0.2196766883134842,0.09604120254516602,0.1398078054189682,-0.0018944954499602318,0.0733269602060318,1,0.087204725,-0.032189313,0.008800253,0.07984331,-0.043816976,-0.07807652,0.02583407,-0.06784977,0.027528107,0.09995088,-0.0549708,0.07815375,-0.027610354,1.0960412,-2.0077434,-0.15672946,0.8597797,-1.7128114,0.1291266,0.93893224,-1.8633851,0.07850529,1.0796512,-1.8754565,-0.0014489349,1.0,-2.0051033,-0.13277647,0.8466346,-1.7362343,0.13687682,0.9185773,-1.8551266,0.10849056,1.0,-1.8520104
411,8.237951040267944,0.5,0.0,0.0,-0.3432247042655945,-0.3432247042655945,-0.33979245722293855,1.0,0,0.07735778391361237,0.19924797117710114,0.09580981731414795,0.12136872112751007,-0.001232398790307343,0.07262701541185379,1,0.073537044,-0.027442269,0.016834985,0.07359329,-0.039576333,-0.07483917,0.010659197,-0.074372664,0.011222664,0.077357784,-0.05753736,0.074878365,-0.009735189,1.0958098,-2.0399337,-0.16436791,0.8736539,-1.7072437,0.15138474,0.93188345,-1.8480537,0.08902815,1.0484107,-1.8856634,0.012325924,1.0,-2.0348833,-0.14228992,0.861781,-1.7296954,0.1545825,0.90957165,-1.8446869,0.11223549,1.0,-1.8631998
412,8.254945039749146,0.5,0.0,0.0,-0.34233951568603516,-0.34233951568603516,-0.3389161205291748,1.0,0,0.08804277330636978,0.19611281156539917,0.0494084358215332,0.08537844568490982,-0.006826078984886408,0.07067608833312988,1,0.07421307,-0.021952871,0.01597799,0.0429687,-0.035758674,-0.08180719,0.0082633225,-0.08185737,-0.004511446,0.08804277,-0.056830805,0.06802562,-0.0009874105,1.0494084,-2.045889,-0.18115634,0.89009255,-1.7019367,0.16039053,0.9339168,-1.8429455,0.091454536,1.0414839,-1.9043068,0.021276511,1.0,-2.0410955,-0.16826573,0.87936497,-1.7264789,0.16286953,0.9093596,-1.8442988,0.117867365,1.0,-1.8838991
413,8.279061317443848,0.5,0.0,0.0,-0.34328025579452515,-0.34328025579452515,-0.3398474532365799,1.0,0,0.11294788867235184,0.23628246784210205,0.03388436883687973,0.08074953407049179,-0.007001605350524187,0.0632895976305008,1,0.11294789,-0.02692652,-0.006409592,0.04570177,-0.02631499,-0.101621956,0.02734599,-0.09670039,-0.0065955794,0.08450497,-0.065529324,0.087295234,0.0030111596,1.0330385,-2.05,-0.17694747,0.899028,-1.7012111,0.17242078,0.93396044,-1.8577667,0.09418174,1.0292578,-1.9076214,0.03689553,1.0,-2.0519228,-0.16323695,0.8911335,-1.7316977,0.18062459,0.9049503,-1.8597454,0.11953323,1.0,-1.8814328
414,8.29462194442749,0.5,0.0,0.0,-0.3446681499481201,-0.3446681499481201,-0.34122146844863893,1.0,0,0.13096226751804352,0.2560306489467621,0.039288681000471115,0.08269292116165161,0.001112501253373921,0.05737486854195595,1,0.13096227,-0.040226202,-0.021942459,0.05375543,-0.028643636,-0.1080225,0.0372612,-0.09382034,-0.0016750185,0.08491452,-0.061610717,0.098601095,0.0037012547,1.0329256,-2.05,-0.1570774,0.9112699,-1.7164869,0.19084264,0.9360536,-1.8608711,0.09834656,0.9911422,-1.9013946,0.042989936,1.0,-2.0565827,-0.14095077,0.9026768,-1.7488937,0.202021,0.9079075,-1.8613735,0.123820916,0.972659,-1.8718143
415,8.317076683044434,0.5,0.0,0.0,-0.34190332889556885,-0.34190332889556885,-0.33848429560661314,1.0,0,0.12647688388824463,0.2729418873786926,0.042159080505371094,0.09125534445047379,0.00866375956684351,0.04792671278119087,1,0.12647688,-0.04144602,-0.0072989943,0.061776526,-0.033888713,-0.111248545,0.03968962,-0.10154886,-0.007148356,0.11284402,-0.06973781,0.09926291,-0.00041273236,1.0421591,-2.05,-0.14303194,0.90944767,-1.7262164,0.18688306,0.9293777,-1.8549026,0.10132246,0.9735081,-1.882555,0.037530333,1.0,-2.0521896,-0.12449898,0.8992811,-1.759591,0.19878995,0.898913,-1.8570471,0.13517566,0.95258677,-1.8527762
416,8.336259603500366,0.5,0.0,0.0,-0.3394491374492645,-0.3394491374492645,-0.33605464607477187,1.0,0,0.11285268515348434,0.2441173940896988,0.035436391830444336,0.08035043627023697,0.007808629423379898,0.04386008530855179,1,0.1031058,-0.042549387,-0.0033351432,0.066426255,-0.03716832,-0.112852685,0.023416074,-0.08425526,0.0042497795,0.10480781,-0.055466097,0.08297456,-0.007119499,1.0354364,-2.05,-0.14378914,0.91318303,-1.7306285,0.17381181,0.9435148,-1.8500886,0.11216328,0.97203135,-1.8738202,0.023812242,1.0,-2.0510006,-0.12386127,0.90203255,-1.7644843,0.18083663,0.9182382,-1.8488137,0.14360562,0.9553915,-1.8489279
417,8.354577541351318,0.5,0.0,0.0,-0.34085750579833984,-0.34085750579833984,-0.3374489307403564,1.0,0,0.0961470752954483,0.18951620161533356,0.028844118118286133,0.05870594084262848,0.0031805355101823807,0.04332301765680313,1,0.05487333,-0.044884346,0.011130193,0.06378569,-0.040384512,-0.096147075,-0.03151592,-0.06287313,0.003326732,0.078149796,-0.03885808,0.05699426,-0.012905732,1.0198803,-2.0382848,-0.13631454,0.9149353,-1.7426327,0.1627082,0.9567798,-1.8393605,0.12041788,0.97415745,-1.8705002,0.0035562683,1.0,-2.0349457,-0.117178835,0.90281993,-1.7714769,0.15325342,0.9379178,-1.8383625,0.14386281,0.96250004,-1.8534019
418,8.374135494232178,0.5,0.0,0.0,-0.3420942723751068,-0.3420942723751068,-0.3386733296513557,1.0,0,0.08374956250190735,0.17722885310649872,0.02512490749359131,0.05316866561770439,-0.0010991247836500406,0.042615193873643875,1,0.04808579,-0.052515127,0.004355082,0.059290394,-0.040272202,-0.08374956,-0.047452852,-0.054023378,0.0031657727,0.07623391,-0.029473487,0.04805425,-0.014911704,1.0107313,-2.0096796,-0.1227034,0.90756655,-1.7539185,0.14093024,0.97224176,-1.8383617,0.13166946,0.98061043,-1.8577827,-0.00048596598,0.9949768,-2.008373,-0.10491628,0.89548486,-1.7790434,0.12669438,0.9560347,-1.837412,0.15453963,0.9717684,-1.8433665
419,8.394690990447998,0.5,0.0,0.0,-0.34512102603912354,-0.34512102603912354,-0.3416698157787323,1.0,0,0.07732892781496048,0.16605742275714874,0.023198723793029785,0.049817245453596115,-0.004454242531210184,0.04008336737751961,1,0.043541208,-0.05331384,0.0022814714,0.05150954,-0.041006025,-0.07732893,-0.052888345,-0.053479467,-0.000600252,0.066631146,-0.025700822,0.041944455,-0.028801695,1.0049764,-1.9812826,-0.10527738,0.90226257,-1.765305,0.119558245,0.9762594,-1.8542565,0.14398773,0.98395246,-1.8296739,-0.015739333,0.98898226,-1.9805981,-0.08982452,0.88996077,-1.7885038,0.10369174,0.96021557,-1.8544366,0.16397707,0.97624224,-1.8170905
420,8.416542053222656,0.5,0.0,0.0,-0.34459227323532104,-0.34459227323532104,-0.3411463505029678,1.0,0,0.09447990357875824,0.17074742913246155,0.028343915939331055,0.051224201917648315,-0.006507869344204664,0.04032227024435997,1,0.05571574,-0.041330792,0.0039097765,0.0574962,-0.035927337,-0.0944799,-0.018339906,-0.05208268,0.016486708,0.06741298,-0.027120309,0.046937075,-0.053968553,0.99578184,-1.9404923,-0.09619981,0.9044634,-1.7934259,0.103402734,0.9735999,-1.8691862,0.14967728,0.9922576,-1.8017187,-0.03725383,0.9833826,-1.9393194,-0.07895095,0.8936852,-1.8217698,0.09790076,0.9579751,-1.8642402,0.16990118,0.9841215,-1.7876376
421,8.434895277023315,0.5,0.0,0.0,-0.3451291620731354,-0.3451291620731354,-0.341677870452404,1.0,0,0.1014520600438118,0.16918352246284485,0.030435562133789062,0.05075502395629883,-0.007293430157005787,0.04288562387228012,1,0.0729907,-0.029274413,0.0053805863,0.051175777,-0.029402314,-0.10145206,-0.008837475,-0.051586956,0.022087306,0.044870835,-0.03492519,0.046617333,-0.076335736,0.99481606,-1.9017103,-0.09383463,0.91157514,-1.8454646,0.0973609,0.95960766,-1.8930199,0.16307658,0.99969715,-1.7698087,-0.054438524,0.98603374,-1.900096,-0.0784819,0.9027544,-1.8759001,0.09470966,0.94413155,-1.8863937,0.17653783,0.9892196,-1.7558235
422,8.45911192893982,0.5,0.0,0.0,-0.34691697359085083,-0.34691697359085083,-0.34344780385494234,1.0,0,0.10394416749477386,0.15879696607589722,0.031183242797851562,0.047639086842536926,-0.016742797568440437,0.04558398947119713,1,0.069836445,-0.007939565,0.017630672,0.0319105,-0.010895904,-0.10394417,-0.014857153,-0.058070682,0.013964009,0.014229597,-0.04878778,0.040662203,-0.08293199,0.9973384,-1.8667432,-0.09894223,0.9252369,-1.8948554,0.09144357,0.9321553,-1.9376496,0.16099404,1.0003889,-1.7453858,-0.061981052,0.99495655,-1.861454,-0.08936907,0.9219681,-1.9260386,0.08698642,0.9147341,-1.9334604,0.16526292,0.9857525,-1.7331871
423,8.476012229919434,0.5,0.0,0.0,-0.3460628390312195,-0.3460628390312195,-0.3426022106409073,1.0,0,0.10949863493442535,0.1929144710302353,0.03284955024719238,0.05787431821227074,-0.026240307837724686,0.047645289450883865,1,0.07894481,-0.007143607,0.014229745,0.06124607,-0.01695659,-0.109498635,0.0024713182,-0.069115736,0.018560814,0.049794324,-0.057195984,0.061831903,-0.10055481,0.99863446,-1.8029722,-0.10002473,0.92619663,-1.9285445,0.087283015,0.90509653,-1.9933413,0.15772533,0.9975796,-1.7255706,-0.076871365,0.9964914,-1.7987033,-0.081650905,0.9211097,-1.9613941,0.08802441,0.8843618,-1.9877731,0.17266363,0.98042077,-1.707021
424,8.496565580368042,0.5,0.0,0.0,-0.35100507736206055,-0.35100507736206055,-0.34749502658843995,1.0,0,0.10317984223365784,0.1779715120792389,0.03095388412475586,0.05518679693341255,-0.025519635528326035,0.04941035062074661,1,0.0847561,-0.009418952,-0.006796954,0.057304837,-0.020632662,-0.10317984,-0.025704999,-0.05318549,0.022535658,0.01278098,-0.044097953,0.062405422,-0.110936925,1.0142453,-1.8041487,-0.10329979,0.9412433,-1.9699707,0.08203404,0.8855841,-2.0357046,0.1712197,1.003868,-1.7055467,-0.08551009,1.0,-1.8061877,-0.08610834,0.93505347,-2.0009246,0.07432254,0.8696285,-2.028944,0.175054,0.9906386,-1.6868252
425,8.51513123512268,0.5,0.0,0.0,-0.35483354330062866,-0.35483354330062866,-0.35128520786762235,1.0,0,0.09234287589788437,0.18447832763195038,0.03693580627441406,0.06631962209939957,-0.022552521899342537,0.05290081351995468,1,0.045820776,-0.01796631,-0.011861229,0.092342876,-0.013892501,-0.09197884,-0.07660254,-0.045483228,0.019875301,-0.03442655,0.033313885,-0.060516253,-0.112416305,1.0369358,-1.7980212,-0.11385996,0.9550886,-2.023877,0.07709834,0.85931283,-2.05,0.17861772,1.0100036,-1.6917759,-0.09867007,1.0,-1.8015796,-0.0861571,0.9509209,-2.0514705,0.054117575,0.84566784,-2.0440373,0.16828975,1.0,-1.7099308
426,8.536771059036255,0.5,0.0,0.0,-0.35066109895706177,-0.35066109895706177,-0.34715448796749115,1.0,0,0.09142597764730453,0.16977491974830627,0.03458762168884277,0.06122646853327751,-0.0211777426302433,0.05538686364889145,1,0.045505095,-0.023785269,-0.023792109,0.07618467,-0.01443732,-0.09142598,-0.043245386,-0.054470684,0.03558657,-0.008696335,0.03513921,-0.06193338,-0.12923872,1.0345876,-1.7976384,-0.12994201,0.94833225,-2.0475328,0.0661737,0.8560395,-2.05,0.19739157,1.0109682,-1.6885484,-0.1155872,1.0,-1.8047761,-0.107086614,0.9440011,-2.0749607,0.053200085,0.8396983,-2.039324,0.19478267,1.0,-1.7071284
427,8.554728984832764,0.5,0.0,0.0,-0.35083770751953125,-0.35083770751953125,-0.34732933044433595,1.0,0,0.09221923351287842,0.1853533834218979,0.03409779071807861,0.06563614308834076,-0.016921643167734146,0.055172987282276154,1,0.060588293,-0.048695985,-0.048151676,0.08394092,-0.025716495,-0.09221923,-0.044185307,-0.05885683,0.027435273,0.026402598,0.023547353,-0.04860573,-0.14319459,1.0340978,-1.8056046,-0.12890984,0.9479594,-2.05,0.055640295,0.8483107,-2.05,0.20545289,1.0177969,-1.6808661,-0.12501809,1.0,-1.8200501,-0.103727564,0.9402445,-2.0776658,0.042384703,0.83065367,-2.0417693,0.21337368,1.0,-1.6954478
428,8.576050519943237,0.5,0.0,0.0,-0.3509669899940491,-0.3509669899940491,-0.34745732009410857,1.0,0,0.09099261462688446,0.1777670830488205,0.03670179843902588,0.06941907107830048,-0.01653854176402092,0.05658602714538574,1,0.04333492,-0.047665987,-0.029343212,0.08621019,-0.026559213,-0.090992615,-0.05054516,-0.054426074,0.02355739,0.034028124,0.022781413,-0.04923456,-0.15508983,1.0367018,-1.8051553,-0.124150455,0.95463026,-2.05,0.035328664,0.8365493,-2.05,0.20926532,1.0296493,-1.6798619,-0.14208935,1.0,-1.8139583,-0.098287396,0.9466625,-2.0772977,0.020165116,0.8202215,-2.0429327,0.21947376,1.0,-1.6946323
429,8.594593048095703,0.5,0.0,0.0,-0.35214322805404663,-0.35214322805404663,-0.34862179577350616,1.0,0,0.08839264512062073,0.17227023839950562,0.04687678813934326,0.07517176121473312,-0.017433570697903633,0.061805013567209244,1,0.02822361,-0.038196,-0.010371016,0.088392645,-0.023972724,-0.087164104,-0.059625167,-0.04325553,0.0326455,0.0031591235,0.02974725,-0.062782384,-0.15723681,1.0468768,-1.7933269,-0.118947834,0.9495203,-2.05,0.032664657,0.82421535,-2.05,0.2002596,1.0315177,-1.6878034,-0.14876974,1.0,-1.7964382,-0.09243004,0.94232845,-2.0761492,0.014777105,0.8112387,-2.0402062,0.20120734,1.0,-1.7066381
430,8.614903211593628,0.5,0.0,0.0,-0.3537478446960449,-0.3537478446960449,-0.35021036624908447,1.0,0,0.07978735864162445,0.15958939492702484,0.060270071029663086,0.08166784793138504,-0.015763448551297188,0.06751599907875061,1,0.027553646,-0.031793498,-0.0035816862,0.07976147,-0.024238847,-0.07978736,-0.060485363,-0.043333244,0.023778712,-0.009483512,0.027337523,-0.058579214,-0.14975566,1.0602701,-1.7863368,-0.11683183,0.947386,-2.05,0.046710297,0.8185669,-2.0475588,0.1896564,1.0300533,-1.6861454,-0.14148957,1.0,-1.7874113,-0.09290339,0.9401144,-2.0739362,0.028564688,0.80556697,-2.040425,0.18681136,1.0,-1.7037191
431,8.63471245765686,0.5,0.0,0.0,-0.3564373850822449,-0.3564373850822449,-0.3528730112314224,1.0,0,0.0774477869272232,0.1520865559577942,0.06572079658508301,0.08180668950080872,-0.010291164740920067,0.06908390671014786,1,0.0591939,-0.034904625,-0.023363596,0.07143426,-0.022342775,-0.07744779,-0.036266897,-0.055358455,0.011821201,0.020618452,0.0136942575,-0.033611864,-0.1387447,1.0657208,-1.7838542,-0.120360084,0.93445486,-2.05,0.050319567,0.82087094,-2.0378857,0.17501292,1.0204428,-1.6844659,-0.12098652,1.0,-1.7908633,-0.09892981,0.927752,-2.0732343,0.0394395,0.8042634,-2.0343392,0.18119845,1.0,-1.6945494
432,8.654767751693726,0.5,0.0,0.0,-0.35699573159217834,-0.35699573159217834,-0.35342577427625654,1.0,0,0.090907521545887,0.1746593713760376,0.07455027103424072,0.09440978616476059,-0.0055118645541369915,0.06890516728162766,1,0.07408905,-0.032905392,-0.029906562,0.08572554,-0.01751783,-0.09090752,-0.03661837,-0.058630724,0.015055752,0.039136387,0.0044319364,-0.023731397,-0.1323456,1.0745503,-1.7885598,-0.12218546,0.9237157,-2.0349078,0.046856374,0.8242302,-2.0169551,0.16878888,1.0266299,-1.6807023,-0.11011889,1.0,-1.7975317,-0.0964678,0.91846037,-2.06218,0.03587086,0.806641,-2.0124383,0.1805298,1.0,-1.6878217
433,8.676453828811646,0.5,0.0,0.0,-0.356740266084671,-0.356740266084671,-0.3531728634238243,1.0,0,0.10353735834360123,0.1883218139410019,0.085318922996521,0.10954517871141434,-0.001360011869110167,0.07145655155181885,1,0.07326279,-0.03385983,-0.028940422,0.09476675,-0.022270888,-0.10353736,-0.044475034,-0.053163625,0.026776478,0.039261263,0.004374445,-0.02889563,-0.12890303,1.0853189,-1.7884412,-0.11396884,0.91201246,-2.0114918,0.049953185,0.8280905,-1.9961953,0.15842348,1.0404212,-1.6899393,-0.10692419,1.0,-1.7971233,-0.08553882,0.9053312,-2.042553,0.036610674,0.8121414,-1.9881624,0.17020187,1.0,-1.6986079
434,8.693199157714844,0.5,0.0,0.0,-0.35833948850631714,-0.35833948850631714,-0.354756093621254,1.0,0,0.09567841142416,0.17299368977546692,0.09941506385803223,0.12373937666416168,-2.4367095647903625e-06,0.07577860355377197,1,0.056459572,-0.029438205,-0.010498694,0.092004694,-0.020674624,-0.09567841,-0.048724268,-0.046349082,0.030810082,0.017380474,0.013927298,-0.041809537,-0.12172347,1.0994151,-1.7891802,-0.10887193,0.8985648,-1.9861909,0.0666769,0.8289625,-1.9705691,0.14772274,1.0531988,-1.7016381,-0.1047856,1.0,-1.7923298,-0.081270516,0.8923624,-2.0148945,0.05205962,0.81505775,-1.9613261,0.15293688,1.0,-1.714181
435,8.714279413223267,0.5,0.0,0.0,-0.3608222007751465,-0.3608222007751465,-0.357213978767395,1.0,0,0.0829387679696083,0.16454295814037323,0.10839283466339111,0.1334577202796936,0.005060039460659027,0.08174505084753036,1,0.06123838,-0.039300356,-0.01067506,0.08148772,-0.027184667,-0.08293877,-0.0444118,-0.053394053,0.021686224,0.031129962,0.0093464395,-0.03252111,-0.115058616,1.1083928,-1.7978477,-0.10798987,0.88225055,-1.951528,0.08524886,0.8369285,-1.9365566,0.13537885,1.0614177,-1.719201,-0.0966871,1.0,-1.8010503,-0.083543554,0.87409514,-1.9764096,0.07192532,0.8209103,-1.9300507,0.14471784,1.0,-1.7289573
436,8.734302043914795,0.5,0.0,0.0,-0.3620108962059021,-0.3620108962059021,-0.3583907872438431,1.0,0,0.08943459391593933,0.17659537494182587,0.12008321285247803,0.148582324385643,0.008236299268901348,0.08252628147602081,1,0.063426785,-0.044591874,-0.015678598,0.089434594,-0.031342607,-0.069900796,-0.057205882,-0.06326843,0.0033097826,0.058816362,0.0047407444,-0.017131409,-0.10314769,1.1200832,-1.838779,-0.114498354,0.86192226,-1.8935524,0.0947899,0.8614594,-1.8958458,0.12136522,1.0709294,-1.735711,-0.084119655,1.0,-1.8434825,-0.08766797,0.85251945,-1.9145226,0.077628136,0.8424789,-1.8948529,0.13901013,1.0,-1.7408504
437,8.756162166595459,0.5,0.0,0.0,-0.3603992462158203,-0.3603992462158203,-0.3567952537536621,1.0,0,0.09301300346851349,0.18770717084407806,0.12621355056762695,0.15988986194133759,0.007574418094009161,0.08041462302207947,1,0.049070638,-0.05418827,-0.008814882,0.093013,-0.040073294,-0.06909101,-0.07212397,-0.06678559,-0.008583149,0.069544755,0.0051970473,-0.013483048,-0.085275605,1.1262136,-1.8947259,-0.12139536,0.85909027,-1.8448479,0.09677225,0.8932345,-1.8899096,0.10080085,1.08204,-1.7684821,-0.07055441,1.0,-1.8973703,-0.09349146,0.8470683,-1.8655752,0.07513507,0.8731988,-1.8924845,0.12166428,1.0,-1.772527
438,8.776103019714355,0.5,0.0,0.0,-0.3590216040611267,-0.3590216040611267,-0.35543138802051544,1.0,0,0.0902310311794281,0.17838139832019806,0.10867953300476074,0.14770321547985077,-0.0005602886085398495,0.077481210231781,1,0.02602717,-0.044996474,0.008274038,0.09023103,-0.034244336,-0.06359605,-0.08475864,-0.06440059,-0.010942627,0.06076236,0.010983779,-0.020656416,-0.067875266,1.1086795,-1.9332247,-0.12669381,0.8524382,-1.7943668,0.10127695,0.9222368,-1.8793254,0.08925415,1.0856404,-1.8118374,-0.060067113,1.0,-1.9307425,-0.09962451,0.84216493,-1.8134457,0.075849354,0.9029166,-1.8826082,0.10748286,1.0,-1.8180344
439,8.793026208877563,0.5,0.0,0.0,-0.3531392216682434,-0.3531392216682434,-0.349607829451561,1.0,0,0.08494608849287033,0.1972920000553131,0.0945206880569458,0.13621406257152557,-0.004881697241216898,0.07621888816356659,1,0.058579102,-0.02918261,0.011533404,0.07536601,-0.050175007,-0.06917275,-0.032206792,-0.06334956,0.012961254,0.08494609,-0.05459315,0.078171976,-0.04983544,1.0945207,-1.9625719,-0.14362477,0.8528676,-1.7458402,0.10881904,0.94123363,-1.8657112,0.08460277,1.0803854,-1.8488656,-0.032261707,1.0,-1.9591118,-0.12101497,0.8378151,-1.766592,0.099157,0.92222875,-1.8618228,0.110086605,1.0,-1.8254141
440,8.814159870147705,0.5,0.0,0.0,-0.3457983732223511,-0.3457983732223511,-0.3423403894901276,1.0,0,0.10213524103164673,0.22248625755310059,0.09133541584014893,0.1358005553483963,-0.002495468594133854,0.07364341616630554,1,0.09258705,-0.019709114,0.0117765935,0.06418371,-0.041432645,-0.080806054,0.0090919435,-0.08016896,0.0034006645,0.10213524,-0.058751963,0.08735052,-0.029324912,1.0913354,-2.0009582,-0.15013641,0.8598552,-1.7298975,0.1279108,0.9458973,-1.8625584,0.07876614,1.0773966,-1.8848342,-0.0015487969,1.0,-1.9974252,-0.1308813,0.8474254,-1.7541393,0.13063838,0.92184657,-1.8615382,0.10940671,1.0,-1.858629
441,8.834188461303711,0.5,0.0,0.0,-0.3401903510093689,-0.3401903510093689,-0.3367884474992752,1.0,0,0.09811857342720032,0.22716782987117767,0.10482370853424072,0.13135990500450134,-0.0010201259283348918,0.07066327333450317,1,0.09811857,-0.020048533,0.017561689,0.06492219,-0.026728336,-0.07630145,0.04215937,-0.094988994,-0.0009251786,0.086352445,-0.072603226,0.08358983,-0.0005444437,1.1048237,-2.0355484,-0.17985421,0.8898266,-1.703865,0.16673738,0.92840445,-1.855645,0.078350775,1.0461901,-1.8899457,0.02889113,1.0,-2.0302799,-0.16037756,0.8818081,-1.7267555,0.17938519,0.89990777,-1.8559225,0.10425651,1.0,-1.8648688
442,8.854267358779907,0.5,0.0,0.0,-0.3406137526035309,-0.3406137526035309,-0.3372076150774956,1.0,0,0.09415344893932343,0.20999175310134888,0.05321979522705078,0.08241941779851913,-0.007605943363159895,0.06897155940532684,1,0.088859744,-0.0094707,0.03006812,0.0452269,-0.026555568,-0.09212139,0.024245031,-0.09415345,-0.004339366,0.0671481,-0.07461954,0.06649216,0.009229071,1.0532198,-2.034537,-0.201135,0.9111988,-1.6997308,0.16939063,0.93217486,-1.8467777,0.0855445,1.0103741,-1.9147859,0.035886995,1.0,-2.0255167,-0.18756692,0.9032321,-1.7273672,0.17666414,0.9039288,-1.8480794,0.10568893,0.98798823,-1.8948382
443,8.87417483329773,0.5,0.0,0.0,-0.34425029158592224,-0.34425029158592224,-0.340807788670063,1.0,0,0.10267456620931625,0.20970849692821503,0.030802369117736816,0.06327194720506668,-0.012597429566085339,0.06612306833267212,1,0.08749994,-0.019139023,0.012913663,0.031629752,-0.026003055,-0.102674566,0.01820296,-0.08749352,-0.004574227,0.072534755,-0.06085801,0.08122382,0.0015361831,1.00885,-2.05,-0.1941984,0.92405427,-1.700599,0.17702067,0.9413675,-1.8541025,0.09801018,1.0133148,-1.9320976,0.027786165,1.0,-2.046126,-0.18470947,0.9162533,-1.7314013,0.18248156,0.91511947,-1.8554747,0.11977061,0.99505746,-1.9077305
444,8.893943309783936,0.5,0.0,0.0,-0.3456987142562866,-0.3456987142562866,-0.34224172711372375,1.0,0,0.12195227295160294,0.24817167222499847,0.03658568486571312,0.0744515210390091,-0.006613701116293669,0.06072527915239334,1,0.12195227,-0.03512856,-0.0187788,0.055254582,-0.02664916,-0.1066834,0.026610646,-0.0897357,0.004972864,0.09199767,-0.058059655,0.096776664,0.0005853474,1.0025892,-2.05,-0.16680776,0.9254951,-1.7117027,0.18305126,0.9548451,-1.8533556,0.105854064,0.9951851,-1.9284722,0.037171032,0.99205065,-2.0556335,-0.15023138,0.9175003,-1.7437078,0.19103445,0.92792434,-1.8518637,0.13345337,0.97776717,-1.8994392
445,8.913994789123535,0.5,0.0,0.0,-0.34184086322784424,-0.34184086322784424,-0.3384224545955658,1.0,0,0.11856767535209656,0.26234644651412964,0.035570304840803146,0.08329460024833679,-0.0012880024733021855,0.0531187541782856,1,0.118567675,-0.04947737,-0.011230382,0.066847876,-0.033309456,-0.10462784,0.02884655,-0.09822868,-0.0032661054,0.11119469,-0.0630765,0.09398683,0.003322117,1.0310483,-2.05,-0.14267191,0.91605693,-1.7258002,0.17935038,0.9523603,-1.8502566,0.1050355,0.97501266,-1.9127829,0.038892422,1.0,-2.053369,-0.12261755,0.9060641,-1.7571886,0.18800434,0.9228917,-1.8512363,0.13839391,0.95608974,-1.8845868
446,8.934168577194214,0.5,0.0,0.0,-0.34203770756721497,-0.34203770756721497,-0.3386173304915428,1.0,0,0.12377189844846725,0.2638067603111267,0.03713156282901764,0.08228697627782822,-0.0019766376353800297,0.04554653912782669,1,0.11138381,-0.048714112,-0.010241015,0.07338392,-0.03691319,-0.111835815,0.025808347,-0.09655752,-0.0008742689,0.1237719,-0.056178387,0.08360022,-0.005505748,1.0268563,-2.05,-0.14132282,0.9149786,-1.729018,0.16704825,0.9611414,-1.8446932,0.109228775,0.9704073,-1.9095668,0.027909398,1.0,-2.0530722,-0.119307645,0.9039047,-1.7625687,0.17479075,0.93217415,-1.8449554,0.14636034,0.9535538,-1.8844867
447,8.954008102416992,0.5,0.0,0.0,-0.34257328510284424,-0.34257328510284424,-0.3391475522518158,1.0,0,0.09681181609630585,0.20686350762844086,0.029043540358543396,0.06379271298646927,-0.003488540183752775,0.040341686457395554,1,0.055342637,-0.057575066,0.008043862,0.056188166,-0.05062635,-0.09177043,-0.029415037,-0.073344596,-0.014521622,0.096811816,-0.040677756,0.06874156,-0.008815758,1.0227271,-2.049293,-0.124361746,0.90895694,-1.7373022,0.15045202,0.9664017,-1.8395575,0.12624694,0.9647833,-1.8811659,0.007787034,1.0,-2.0468798,-0.10750529,0.893769,-1.7648333,0.1416275,0.94439834,-1.843914,0.15529048,0.95258,-1.8605434
448,8.974170684814453,0.5,0.0,0.0,-0.3421097993850708,-0.3421097993850708,-0.3386887013912201,1.0,0,0.0963045135140419,0.18375803530216217,0.028891324996948242,0.05512739345431328,-0.005583689082413912,0.03904210403561592,1,0.050329164,-0.04969099,0.00797733,0.05939519,-0.040969193,-0.09630451,-0.03490105,-0.05463229,-0.00056267506,0.078779556,-0.030278074,0.053798407,-0.018650465,1.0063071,-2.0130248,-0.12581761,0.9198059,-1.7476068,0.13328078,0.97942126,-1.8298981,0.14246482,0.96400946,-1.861385,-0.003551715,0.9913998,-2.0106316,-0.10799906,0.9075151,-1.7764981,0.12281047,0.9630316,-1.8300669,0.16609868,0.954926,-1.8452455
449,8.994304895401001,0.5,0.0,0.0,-0.34231656789779663,-0.34231656789779663,-0.33889340221881864,1.0,0,0.1000085398554802,0.1632273644208908,0.030002593994140625,0.04896823689341545,-0.00801913719624281,0.04034268856048584,1,0.04603634,-0.041792642,0.020063113,0.047037806,-0.032907896,-0.10000854,-0.033501443,-0.051581766,0.004330676,0.04786118,-0.031413205,0.044701446,-0.030345283,0.99346864,-1.9819442,-0.12238455,0.9297806,-1.7689395,0.124140844,0.983057,-1.8366237,0.1464761,0.96225196,-1.8471006,-0.01653438,0.98093086,-1.9759253,-0.10827321,0.9199082,-1.7989421,0.11409041,0.96758246,-1.8353244,0.16083446,0.952828,-1.8336902
450,9.014291286468506,0.5,0.0,0.0,-0.3440309166908264,-0.3440309166908264,-0.3405906075239182,1.0,0,0.09894149005413055,0.14972105622291565,0.029682397842407227,0.04491627961397171,-0.014856703579425812,0.042802635580301285,1,0.035153516,-0.028351884,0.0344303,0.033203498,-0.026119959,-0.09894149,-0.028229725,-0.04954621,0.0051125297,0.03810658,-0.033827238,0.04174841,-0.04482071,0.9802849,-1.9383484,-0.12333402,0.93724823,-1.7950866,0.108803004,0.98357695,-1.8531369,0.14696622,0.9551887,-1.820855,-0.034274656,0.97177935,-1.9280193,-0.11337297,0.92941225,-1.824769,0.100334086,0.9687131,-1.8516032,0.1583982,0.9450405,-1.8083305
451,9.033336162567139,0.5,0.0,0.0,-0.34585845470428467,-0.34585845470428467,-0.3423998701572418,1.0,0,0.0877101719379425,0.14167028665542603,0.026313066482543945,0.042501118034124374,-0.020765168592333794,0.04347804933786392,1,0.037646305,-0.022203049,0.03569116,0.012998826,-0.021337153,-0.08771017,-0.02589506,-0.057806183,-0.008698693,0.029622305,-0.040483188,0.044327524,-0.060662575,0.9814138,-1.8823605,-0.12021806,0.93635774,-1.8311079,0.09381217,0.96394527,-1.8936747,0.15383816,0.9500432,-1.782329,-0.049368683,0.97475284,-1.8716531,-0.11631841,0.9299566,-1.8574209,0.08604365,0.9466034,-1.8962843,0.16272485,0.9378982,-1.7690307
452,9.0565767288208,0.5,0.0,0.0,-0.35038191080093384,-0.35038191080093384,-0.3468780916929245,1.0,0,0.08133551478385925,0.12761610746383667,0.024400711059570312,0.03828485682606697,-0.03218463435769081,0.04518166556954384,1,0.033717122,-0.0094541665,0.037122477,0.005175808,-0.010221935,-0.081335515,-0.02756219,-0.050378304,-0.0062159006,0.0127944425,-0.03797372,0.044641197,-0.073173605,0.9881656,-1.8514366,-0.11363605,0.9369568,-1.8733068,0.07865609,0.9403734,-1.9492319,0.15613861,0.95562243,-1.7525969,-0.063058466,0.9853294,-1.8402998,-0.1120833,0.9338902,-1.8977075,0.07038744,0.92525995,-1.9510967,0.15997694,0.9442303,-1.7392045
453,9.076359272003174,0.5,0.0,0.0,-0.3558245301246643,-0.3558245301246643,-0.35226628482341765,1.0,0,0.08699270337820053,0.1608748435974121,0.026097774505615234,0.04826240986585617,-0.03185286372900009,0.0470023937523365,1,0.042191222,-0.025930455,0.0004974453,0.06813688,-0.011463675,-0.0869927,-0.07113264,-0.052897032,-0.007011364,-0.0097421,0.029266164,-0.047198236,-0.1057378,0.9960805,-1.7974589,-0.110921815,0.9428593,-1.9300989,0.07026693,0.91101927,-1.9793221,0.16392347,0.965659,-1.7143022,-0.09308043,0.9883014,-1.7973096,-0.09048075,0.93942016,-1.9561967,0.04892714,0.8951502,-1.9814255,0.16100085,0.97443885,-1.7284616
454,9.094210147857666,0.5,0.0,0.0,-0.35512351989746094,-0.35512351989746094,-0.35157228469848634,1.0,0,0.08851301670074463,0.1666450798511505,0.026553906500339508,0.049993522465229034,-0.030397236347198486,0.04834040626883507,1,0.016388996,-0.037563138,0.005053631,0.07270057,-0.016665809,-0.07418564,-0.08851302,-0.049722947,-0.004914293,-0.011971063,0.032151397,-0.059082385,-0.12923564,0.9964249,-1.7974852,-0.106492266,0.9440943,-1.9578621,0.056220427,0.90735024,-2.027163,0.19000375,0.9786247,-1.702389,-0.12431894,0.985156,-1.7959691,-0.08468209,0.93909454,-1.9801178,0.02966652,0.89243335,-2.0286374,0.18641244,0.9882701,-1.7201138
455,9.114135265350342,0.5,0.0,0.0,-0.3505741357803345,-0.3505741357803345,-0.3470683944225311,1.0,0,0.08835793286561966,0.17167280614376068,0.026507381349802017,0.05150185525417328,-0.031655453145504,0.0440208725631237,1,0.023642957,-0.046024237,-0.024240283,0.08541886,-0.01889848,-0.06410099,-0.08835793,-0.054406267,-0.0118612265,0.021184927,0.026803635,-0.048674222,-0.15656546,0.9937147,-1.8001237,-0.10811226,0.9469743,-1.9705887,0.04379099,0.9013132,-2.05,0.20344666,0.98411334,-1.6985508,-0.14947256,0.9799074,-1.8073958,-0.0824866,0.94130474,-1.9898189,0.017283607,0.8849913,-2.0535583,0.20980214,0.9921544,-1.7131531
456,9.134178161621094,0.5,0.0,0.0,-0.3483960032463074,-0.3483960032463074,-0.3449120432138443,1.0,0,0.0650734007358551,0.14926618337631226,0.019522011280059814,0.044779837131500244,-0.04137326031923294,0.034963857382535934,1,0.022614522,-0.037104547,-0.032713864,0.060017813,-0.02334521,-0.051643774,-0.05917891,-0.0650734,-0.0123035535,0.030835519,0.031221617,-0.05190498,-0.1757741,0.9979015,-1.8015107,-0.1077325,0.93319565,-1.9826503,0.037752926,0.8942295,-2.05,0.18466158,0.98473614,-1.7098473,-0.16898975,0.98677015,-1.8113248,-0.08972715,0.9261921,-1.9981434,0.019999253,0.87470746,-2.053691,0.19391224,0.99410266,-1.7254188
457,9.154126167297363,0.5,0.0,0.0,-0.3446345925331116,-0.3446345925331116,-0.34118824660778047,1.0,0,0.07265937328338623,0.1456240713596344,0.02179781347513199,0.043687183409929276,-0.05567432567477226,0.025296637788414955,1,0.007570716,-0.034620974,-0.021301137,0.057618737,-0.010791354,-0.050569035,-0.07265937,-0.056097545,-0.034022693,0.019955074,0.022751464,-0.054803368,-0.1861701,1.0033439,-1.8026584,-0.10173873,0.9176823,-1.9840732,0.03512957,0.8885989,-2.05,0.15798993,0.9834809,-1.7257278,-0.18389888,0.99295765,-1.8090488,-0.084453106,0.91444486,-1.9992439,0.013331756,0.87176967,-2.0602067,0.16397646,0.9903063,-1.7421688
458,9.17433786392212,0.5,0.0,0.0,-0.3465439975261688,-0.3465439975261688,-0.34307855755090716,1.0,0,0.06225067377090454,0.13849808275699615,0.018675202503800392,0.04163169860839844,-0.06920035183429718,0.012897108681499958,1,0.015627403,-0.031431064,-0.022020243,0.046099942,-0.0014118962,-0.046749018,-0.062250674,-0.058602657,-0.04100759,0.022748638,0.02487215,-0.05499877,-0.18847874,1.0097855,-1.7953067,-0.09421407,0.90210843,-1.9684536,0.031374305,0.8793914,-2.05,0.13055049,0.9789224,-1.7323596,-0.18379052,1.0,-1.8019128,-0.08038408,0.9016849,-1.9824784,0.012699103,0.86181056,-2.062302,0.13737509,0.9863841,-1.7488593
459,9.19441843032837,0.5,0.0,0.0,-0.35322707891464233,-0.35322707891464233,-0.3496948081254959,1.0,0,0.07633611559867859,0.15142861008644104,0.02290082722902298,0.046202126890420914,-0.0797894075512886,-0.0017465803539380431,1,0.044620387,-0.043445554,-0.0114709865,0.015298164,-0.021394935,-0.05432295,-0.021561109,-0.061884087,-0.0295984,0.076336116,-0.040930912,0.051035803,-0.18600626,1.0155164,-1.7981353,-0.09603953,0.88404566,-1.9465939,0.03223855,0.87804514,-2.05,0.11649852,0.97752357,-1.7314763,-0.17262015,1.0,-1.8015766,-0.09145008,0.8776272,-1.9628907,0.025770217,0.8594799,-2.0588794,0.13939935,0.9652443,-1.7161655
460,9.214181423187256,0.5,0.0,0.0,-0.35407841205596924,-0.35407841205596924,-0.35053762793540955,1.0,0,0.06986954063177109,0.1487923413515091,0.022817134857177734,0.04888240620493889,-0.09442129731178284,-0.015889892354607582,1,0.047926474,-0.037067145,-0.0124932,0.025536144,-0.020518888,-0.06111289,-0.022151882,-0.0655024,-0.025058515,0.06986954,-0.037739776,0.042296723,-0.18673168,1.0228171,-1.7942646,-0.095525496,0.8608069,-1.91904,0.03172996,0.8769613,-2.05,0.08673382,0.97163355,-1.7402928,-0.17235374,1.0,-1.7980125,-0.08786465,0.8546512,-1.9373739,0.025084395,0.8573106,-2.0575175,0.107694685,0.9603116,-1.7276038
461,9.234267473220825,0.5,0.0,0.0,-0.3489835858345032,-0.3489835858345032,-0.3454937499761581,1.0,0,0.08517002314329147,0.11687895655632019,0.02736532688140869,0.04415212199091911,-0.11166757345199585,-0.01890547014772892,1,0.029299017,-0.017923003,0.009754522,0.0019105282,-0.010950944,-0.08517002,-0.026988117,-0.051664587,0.0023363994,0.025492657,-0.020821348,0.022845488,-0.19161241,1.0273653,-1.7829465,-0.09691385,0.83838344,-1.8825516,0.039906703,0.86844176,-2.05,0.06484422,0.9769259,-1.7484586,-0.1828227,1.0,-1.7800201,-0.09634069,0.83509815,-1.9081025,0.03181027,0.8529424,-2.049299,0.07249202,0.9706795,-1.7416049
462,9.258461236953735,0.5,0.0,0.0,-0.3540307879447937,-0.3540307879447937,-0.3504904800653458,1.0,0,0.10933861881494522,0.22540058195590973,0.05362558364868164,0.08623185753822327,-0.11402709782123566,-0.013596510514616966,1,0.026748903,-0.01167276,-0.008122013,0.073209815,-0.022276968,-0.08718909,-0.10933862,-0.04695061,-0.037993178,-0.08066621,0.055213477,-0.10616721,-0.17576286,1.0536256,-1.7683268,-0.10046422,0.8535054,-1.8827697,0.062919214,0.84669125,-2.05,0.0510252,0.9745227,-1.7474848,-0.16773818,1.0,-1.7707634,-0.07850127,0.84682226,-1.9089265,0.030117627,0.8326061,-2.0613978,0.026825337,0.9910868,-1.779335
463,9.275012016296387,0.5,0.0,0.0,-0.3575628399848938,-0.3575628399848938,-0.35398721158504487,1.0,0,0.10400406271219254,0.19704358279705048,0.06918692588806152,0.09098991006612778,-0.10972802340984344,-0.009920435957610607,1,0.06640544,-0.0047399173,-0.024529254,0.058644615,-0.00057458854,-0.10400406,-0.06500123,-0.05874497,-0.020153483,-0.056549776,0.04137444,-0.08089473,-0.16059235,1.0691869,-1.7831826,-0.11540481,0.85726595,-1.8616923,0.07567911,0.82689726,-2.0102916,0.036018386,0.9587553,-1.7389325,-0.14067072,1.0,-1.7905414,-0.09781142,0.8570936,-1.8928936,0.05617874,0.8092738,-2.0163376,0.019053454,0.9711676,-1.7632009
464,9.298113346099854,0.5,0.0,0.0,-0.349656343460083,-0.349656343460083,-0.3461597800254822,1.0,0,0.11287384480237961,0.1909429132938385,0.06906247138977051,0.08953040093183517,-0.11420005559921265,-0.011091392487287521,1,0.112873845,-0.019791821,-0.017146716,0.018278258,-0.0007939853,-0.10580396,0.004524046,-0.08455326,0.0021689471,0.029933468,-0.038436923,0.04422589,-0.13705957,1.0690625,-1.80754,-0.14749582,0.8703615,-1.8094045,0.0822265,0.8302928,-1.9603217,0.019908927,0.93750066,-1.7473158,-0.10319741,1.0,-1.812684,-0.14201234,0.8701233,-1.8411456,0.08358371,0.8049269,-1.959671,0.028888967,0.9259696,-1.734048
465,9.314277172088623,0.5,0.0,0.0,-0.34698906540870667,-0.34698906540870667,-0.34351917475461957,1.0,0,0.09038610756397247,0.15199828147888184,0.06229805946350098,0.07713335007429123,-0.12479876726865768,-0.013142382726073265,1,0.08639383,-0.01095726,-0.0024747348,0.0021909485,0.003731457,-0.09038611,-0.014845383,-0.07349398,-0.00797635,0.013797772,-0.028333558,0.025426073,-0.115842,1.062298,-1.8737121,-0.19440292,0.8945203,-1.7468176,0.08188874,0.8388034,-1.9315112,0.0037991777,0.9395704,-1.7824935,-0.08992385,1.0,-1.8744545,-0.19374563,0.8956397,-1.7739334,0.07743513,0.81675524,-1.933904,0.00793851,0.9310704,-1.7748656
466,9.338552236557007,0.5,0.0,0.0,-0.34247785806655884,-0.34247785806655884,-0.33905307948589325,1.0,0,0.08907905220985413,0.15590311586856842,0.04343438148498535,0.06355302780866623,-0.14219728112220764,-0.012115632183849812,1,0.048559338,-0.019742517,0.0111601595,0.032406867,-0.023738824,-0.08907905,-0.07671869,-0.061352585,-0.037798136,-0.013450089,-0.020709194,0.014009667,-0.09781631,1.0434344,-1.9013107,-0.23098487,0.92462975,-1.7078307,0.09567542,0.84123963,-1.8945104,0.0032424033,0.9352335,-1.8052962,-0.08324851,1.0,-1.8979627,-0.22126281,0.9175081,-1.7345544,0.072659805,0.82283384,-1.9058498,-0.0007926235,0.9290207,-1.8010933
467,9.352800846099854,0.5,0.0,0.0,-0.3473834991455078,-0.3473834991455078,-0.3439096641540527,1.0,0,0.10880038887262344,0.14391140639781952,0.03264009952545166,0.045090336352586746,-0.1444374918937683,-0.0042508612386882305,1,0.057633586,-0.0035210266,0.008115919,0.039265912,-0.011021408,-0.10880039,-0.04474191,-0.030386642,0.014822017,-0.009729826,0.012350826,0.020437708,-0.08948055,1.0130503,-1.909976,-0.25162733,0.9549402,-1.689359,0.12160175,0.84491193,-1.8375509,0.03414163,0.9402498,-1.8255937,-0.07219047,1.0,-1.9075413,-0.23984756,0.95163375,-1.721999,0.10817918,0.83579594,-1.8331043,0.031222682,0.94395506,-1.8194624
468,9.374125003814697,0.5,0.0,0.0,-0.3454572558403015,-0.3454572558403015,-0.3420026832818985,1.0,0,0.13387542963027954,0.21841934323310852,0.04016268253326416,0.0655258297920227,-0.14069171249866486,0.011298823170363903,1,0.086633414,-0.035271376,-0.006031817,0.11945987,-0.016077695,-0.13387543,-0.038931794,-0.016741825,0.055249978,0.026771845,0.004413252,0.029743627,-0.08766649,1.0024554,-1.9221015,-0.23700562,0.96735805,-1.7062964,0.11672159,0.87553096,-1.8169421,0.056075364,0.94791347,-1.8849205,-0.061676465,0.9918739,-1.9239111,-0.20116766,0.9625347,-1.7464591,0.105042055,0.87050843,-1.8003671,0.06410692,0.94923747,-1.8759974
469,9.394078969955444,0.5,0.0,0.0,-0.3503390848636627,-0.3503390848636627,-0.34683569401502606,1.0,0,0.12914806604385376,0.2147926390171051,0.038744449615478516,0.06443779915571213,-0.14775671064853668,0.024699682369828224,1,0.05947893,-0.035991807,0.0048974226,0.1275554,-0.0025023385,-0.12914807,-0.056141242,-0.007948534,0.058429033,0.037007928,0.006390142,0.016836898,-0.0965883,0.9749503,-1.9342351,-0.2201351,0.94630855,-1.7075132,0.08984462,0.91622376,-1.7783844,0.07143654,0.9662354,-1.9324824,-0.07874462,0.96415275,-1.9327658,-0.18186846,0.94555783,-1.7462577,0.07300225,0.9138392,-1.7608558,0.08253892,0.96815246,-1.9274313
470,9.414021730422974,0.5,0.0,0.0,-0.3620048463344574,-0.3620048463344574,-0.3583847978711128,1.0,0,0.150227352976799,0.2330903708934784,0.04506820812821388,0.06942477077245712,-0.1603330820798874,0.033429812639951706,1,-0.037558842,-0.048520133,-0.019342288,0.12402963,-0.041122835,-0.09337878,-0.15022735,-0.007417418,0.029020427,0.008579157,0.02838423,0.00730578,-0.09255092,0.9474549,-1.95156,-0.20227367,0.91700613,-1.6958717,0.06526221,0.9509301,-1.7239047,0.08353147,1.0015845,-1.9685506,-0.10381857,0.9328989,-1.9573627,-0.16506478,0.9046693,-1.7238853,0.020194005,0.9487049,-1.7151986,0.08610521,1.0,-1.9663588
471,9.434416770935059,0.5,0.0,0.0,-0.3637624979019165,-0.3637624979019165,-0.36012487292289735,1.0,0,0.1371341347694397,0.2218771129846573,0.04114024341106415,0.06831775605678558,-0.1650564968585968,0.03425835445523262,1,-0.033308897,-0.06100408,-0.035996385,0.10935007,-0.041142087,-0.09030406,-0.13713413,-0.0035537775,0.021671642,0.022922887,0.030026026,0.024139471,-0.09227882,0.9349224,-1.9910387,-0.17836818,0.9087707,-1.6809225,0.053380683,1.0023745,-1.7080697,0.100350775,1.0177004,-2.0132241,-0.10227149,0.91662115,-2.0018375,-0.14556316,0.89642805,-1.7080138,0.01224044,1.0,-1.7015682,0.10722764,1.0,-2.0059824
472,9.454288482666016,0.5,0.0,0.0,-0.3655318021774292,-0.3655318021774292,-0.36187648415565493,1.0,0,0.11364912986755371,0.20132921636104584,0.03409473970532417,0.0682227686047554,-0.16670139133930206,0.034434184432029724,1,-0.019972138,-0.05506899,-0.023877043,0.09611742,-0.04487187,-0.09049762,-0.11364913,-0.022829873,0.012781277,0.04503044,0.024033474,0.029731428,-0.07676292,0.93457097,-2.0160158,-0.16923432,0.90822786,-1.688871,0.045242295,1.0100837,-1.6980444,0.11042614,1.0316788,-2.0479908,-0.08275457,0.9180503,-2.0231788,-0.1403991,0.8947663,-1.7160203,0.011147555,1.0,-1.69421,0.123935275,1.0,-2.0390713
473,9.474045515060425,0.5,0.0,0.0,-0.3591306507587433,-0.3591306507587433,-0.35553934425115585,1.0,0,0.10789333283901215,0.20201362669467926,0.032368004322052,0.06972058862447739,-0.17863881587982178,0.041215844452381134,1,-0.061105996,-0.03152454,0.030958725,0.10789333,-0.027896088,-0.10133184,-0.09266861,-0.015523837,0.03532007,0.036083654,0.02947157,0.013763862,-0.07750371,0.9231921,-1.9798383,-0.16870844,0.91290134,-1.6901103,0.024836712,1.015776,-1.6962283,0.106385045,1.0322348,-2.05,-0.09583551,0.91373473,-1.9705507,-0.13634044,0.9045325,-1.7205099,-0.0029638726,1.0,-1.6856322,0.11721014,1.0,-2.0458708
474,9.49869155883789,0.5,0.0,0.0,-0.35687196254730225,-0.35687196254730225,-0.35330324292182924,1.0,0,0.1139078289270401,0.20294228196144104,0.0362013578414917,0.07405944913625717,-0.18818451464176178,0.0543522946536541,1,-0.06920734,-0.03313209,0.056949794,0.065523475,-0.024436718,-0.11074939,-0.11390783,-0.008408602,0.018583525,0.008739505,0.028888151,0.024434488,-0.089944035,0.8979329,-1.9257545,-0.16706274,0.9168944,-1.7123808,0.008066691,1.0362014,-1.7051007,0.1211601,1.0234314,-2.05,-0.11070624,0.8879933,-1.9086696,-0.1474057,0.90956336,-1.7456056,-0.026105657,1.0,-1.6995256,0.12378195,1.0,-2.0426695
475,9.51449203491211,0.5,0.0,0.0,-0.36297178268432617,-0.36297178268432617,-0.35934206485748293,1.0,0,0.12531878054141998,0.1928211897611618,0.05269753932952881,0.078057199716568,-0.18612168729305267,0.060485124588012695,1,-0.0256035,-0.02484735,0.024722842,0.06779631,-0.021523796,-0.10876858,-0.12531878,-0.00985106,0.0048383493,0.007186156,0.021442857,0.04548585,-0.07755848,0.8614579,-1.8888557,-0.16663814,0.92539394,-1.728777,-0.008944593,1.0526975,-1.6886505,0.14089909,0.99554884,-2.05,-0.08523953,0.85400367,-1.8814389,-0.14629924,0.9189368,-1.7614076,-0.04654023,1.0,-1.687199,0.14305493,1.0,-2.0363543
476,9.536755561828613,0.5,0.0,0.0,-0.36664897203445435,-0.36664897203445435,-0.3629824823141098,1.0,0,0.12133732438087463,0.21621178090572357,0.052788376808166504,0.08200356364250183,-0.17597994208335876,0.06143714487552643,1,0.0061032274,-0.009688297,-0.022685418,0.082022846,-0.020056872,-0.09854847,-0.121337324,-0.05470206,-0.03619596,-0.034558155,0.069283605,-0.065117404,-0.070133075,0.8751229,-1.8855553,-0.15844178,0.9198856,-1.7254733,-0.02206055,1.0527884,-1.6950028,0.13973366,0.97003394,-2.0303097,-0.06830211,0.8722164,-1.8923609,-0.13383493,0.9138685,-1.7550378,-0.058461748,1.0,-1.7058616,0.1293662,0.99081904,-2.049845
477,9.556659460067749,0.5,0.0,0.0,-0.3651757836341858,-0.3651757836341858,-0.36152402579784393,1.0,0,0.11592195928096771,0.20594315230846405,0.03593802452087402,0.068351611495018,-0.17315831780433655,0.05530783534049988,1,0.02438133,-0.0035816415,-0.019566448,0.056196287,-0.012910446,-0.09894828,-0.11592196,-0.06966041,-0.05928288,-0.019497722,0.056029353,-0.05461326,-0.06961669,0.884486,-1.879188,-0.16605756,0.9134863,-1.7321086,-0.025598146,1.035938,-1.7129838,0.13953194,0.9536923,-1.9975665,-0.06230229,0.8834115,-1.8850579,-0.14919867,0.9096132,-1.7617931,-0.060374737,1.0,-1.7307687,0.13368262,0.9705011,-2.0139503
478,9.576249122619629,0.5,0.0,0.0,-0.3649282157421112,-0.3649282157421112,-0.3612789335846901,1.0,0,0.10501968115568161,0.16701500117778778,0.03150594234466553,0.05325669050216675,-0.17237523198127747,0.047938477247953415,1,0.032233458,-0.0029166306,0.011604297,0.004209568,-0.023148509,-0.10501968,-0.046723235,-0.06818833,-0.025550475,0.06019917,-0.000712357,0.06339684,-0.078240156,0.8972206,-1.8626997,-0.16204678,0.903312,-1.7281013,-0.03146372,1.0272815,-1.7279041,0.14259818,0.9486615,-1.953406,-0.06857012,0.8963456,-1.8592185,-0.1607839,0.8963675,-1.7596072,-0.04548069,1.0,-1.7355692,0.16065794,0.9484478,-1.934387
479,9.596684455871582,0.5,0.0,0.0,-0.3622148633003235,-0.3622148633003235,-0.35859271466732023,1.0,0,0.10839497298002243,0.16814066469669342,0.03251850605010986,0.05044223740696907,-0.17334048449993134,0.04238925501704216,1,0.041857395,0.0030829813,0.016755264,0.018102672,-0.024640957,-0.10839497,-0.037220236,-0.06236467,-0.024767652,0.064100385,-0.0013670813,0.059546467,-0.091522,0.9064371,-1.8334142,-0.15996203,0.90965414,-1.7413965,-0.030792408,1.0186626,-1.7602526,0.15600677,0.91939044,-1.9060434,-0.078964785,0.907362,-1.8283876,-0.15453123,0.90226185,-1.773915,-0.04195848,0.99995315,-1.7676829,0.17523688,0.9189803,-1.8881794
480,9.616578340530396,0.5,0.0,0.0,-0.35887932777404785,-0.35887932777404785,-0.3552905344963074,1.0,0,0.10181581228971481,0.19004233181476593,0.030544757843017578,0.05701272562146187,-0.1748582422733307,0.03718269616365433,1,0.04954064,0.022682881,-0.0018569593,0.05546842,0.0024367527,-0.10181581,-0.07647,-0.069039375,-0.055931084,-0.017126385,0.054137766,-0.05223136,-0.10996118,0.91720146,-1.8010564,-0.14850496,0.9031672,-1.7675651,-0.037174724,1.01015,-1.8082535,0.15585427,0.8854191,-1.8485005,-0.09509899,0.92400634,-1.8016135,-0.13186443,0.90389824,-1.7981099,-0.060115725,0.9894381,-1.8250328,0.15071635,0.9016604,-1.86417
481,9.634154558181763,0.5,0.0,0.0,-0.3662209212779999,-0.3662209212779999,-0.3625587120652199,1.0,0,0.08975643664598465,0.18501879274845123,0.026926875114440918,0.05550563335418701,-0.16762112081050873,0.030987044796347618,1,0.05159527,0.0073384442,-0.0080551095,0.046679955,-0.0066325646,-0.08975644,-0.081096835,-0.06988635,-0.06166386,-0.018144682,0.05754328,-0.047625903,-0.11657094,0.9359838,-1.7960776,-0.14513159,0.8934046,-1.7906178,-0.026077412,0.9927291,-1.8355743,0.15721366,0.8564104,-1.7847353,-0.10109236,0.93818533,-1.7984941,-0.1311276,0.8914148,-1.8175447,-0.050406463,0.9717632,-1.8540734,0.15177025,0.8736734,-1.7990232
482,9.658537149429321,0.5,0.0,0.0,-0.36319684982299805,-0.36319684982299805,-0.35956488132476805,1.0,0,0.08512349426746368,0.18124015629291534,0.02553701400756836,0.054372046142816544,-0.15205374360084534,0.019116627052426338,1,0.071101345,0.010682209,-0.022914886,0.025143288,-0.01374335,-0.085123494,-0.065763526,-0.070167154,-0.06874828,-0.01847585,0.05549277,-0.041120734,-0.120681494,0.9512638,-1.7981839,-0.14557394,0.8912823,-1.8053857,-0.0113402605,0.98024046,-1.8725308,0.16902152,0.85705996,-1.7361627,-0.09935109,0.9544684,-1.8050584,-0.13803096,0.8871593,-1.8309227,-0.03106932,0.9591903,-1.8931553,0.16347876,0.8737078,-1.7484989
483,9.67493724822998,0.5,0.0,0.0,-0.35955381393432617,-0.35955381393432617,-0.3559582757949829,1.0,0,0.08828667551279068,0.17177480459213257,0.02648603916168213,0.051532454788684845,-0.14983482658863068,0.01294007245451212,1,0.07616865,-0.0014556904,0.022610819,-0.015860002,-0.017078353,-0.088286676,0.01019713,-0.07017207,-0.024483608,0.06919103,-0.0046758256,0.06646046,-0.13124226,0.9635426,-1.78964,-0.15176643,0.8939332,-1.816473,-0.016222082,0.95879054,-1.9462147,0.1506349,0.838444,-1.7149585,-0.108391665,0.96310586,-1.7828567,-0.15652443,0.8888097,-1.842959,-0.013162943,0.9377389,-1.9535598,0.1713922,0.83704126,-1.6950204
484,9.698833227157593,0.5,0.0,0.0,-0.3629290461540222,-0.3629290461540222,-0.359299755692482,1.0,0,0.0926448255777359,0.1595582365989685,0.02779345214366913,0.047867510467767715,-0.14852528274059296,0.00874420441687107,1,0.092644826,0.020712378,0.026442645,-0.026465647,0.0040494585,-0.08109991,0.014389228,-0.056406494,-0.01680619,0.021309067,-0.0014294273,0.065773994,-0.12833026,0.96909165,-1.7642874,-0.16037104,0.8967103,-1.8450994,-0.013073318,0.93446606,-1.9849899,0.13029441,0.82198143,-1.6876893,-0.10053681,0.9753054,-1.7563546,-0.16831073,0.89792514,-1.8694295,-0.008756549,0.9175441,-1.9900317,0.13668713,0.8215526,-1.6679571
485,9.71475887298584,0.5,0.0,0.0,-0.36314308643341064,-0.36314308643341064,-0.35951165556907655,1.0,0,0.08072561770677567,0.13031348586082458,0.024217724800109863,0.03909402713179588,-0.1455588936805725,0.012203634716570377,1,0.057987582,0.012731422,0.038082298,-0.003675365,-0.0072932215,-0.08072562,-0.02554994,-0.04206398,-0.0092668785,-0.004077553,0.011472878,0.05260288,-0.12778045,0.98399127,-1.736586,-0.16468811,0.90453166,-1.891136,0.0033437386,0.898258,-2.023588,0.12637879,0.8306967,-1.6481093,-0.11038418,0.9878107,-1.7251613,-0.16579072,0.9023437,-1.9153538,-0.004321244,0.8856388,-2.026368,0.12515552,0.8341386,-1.6323285
486,9.738600492477417,0.5,0.0,0.0,-0.36527639627456665,-0.36527639627456665,-0.361623632311821,1.0,0,0.11002375185489655,0.2078644186258316,0.033007144927978516,0.06209709867835045,-0.1299518644809723,0.020108254626393318,1,0.0740969,0.019089743,-0.011675366,0.069560006,0.0032771805,-0.11002375,-0.05928266,-0.03322572,0.0007717082,-0.0770655,0.07238013,-0.066820815,-0.13426608,0.99959946,-1.7222626,-0.1569865,0.9197024,-1.9512951,0.014603399,0.867948,-2.0479445,0.1351177,0.8529592,-1.6447164,-0.112037,1.0,-1.7257652,-0.1361185,0.9206856,-1.9843023,-0.0031813998,0.85798025,-2.047713,0.111998044,0.87467325,-1.6647626
487,9.754769325256348,0.5,0.0,0.0,-0.3666977286338806,-0.3666977286338806,-0.3630307513475418,1.0,0,0.11356738209724426,0.18346942961215973,0.03407013416290283,0.05504079535603523,-0.11502344906330109,0.022120045498013496,1,0.08949801,-0.021197539,-0.031079657,0.06434973,-0.0011276136,-0.11356738,-0.013794702,-0.055037063,0.0027282229,0.0069086924,0.051250566,-0.035985783,-0.13969865,1.0033813,-1.7320997,-0.16237228,0.9177434,-1.9766015,0.020840809,0.84336877,-2.05,0.1498024,0.874928,-1.6375303,-0.11284925,0.997022,-1.7414236,-0.14306736,0.9174051,-2.0106716,0.016702399,0.8268576,-2.0491815,0.151875,0.8903032,-1.648326
488,9.778501510620117,0.5,0.0,0.0,-0.3624368906021118,-0.3624368906021118,-0.3588125216960907,1.0,0,0.12417060136795044,0.20930367708206177,0.03725123405456543,0.06279114633798599,-0.09323700517416,0.020811179652810097,1,0.093856595,-0.049910877,-0.07599346,0.06842064,-0.001318988,-0.1241706,-0.0008073242,-0.05265991,0.022115609,0.035793573,0.03523685,-0.029082092,-0.14853168,0.99574167,-1.7407777,-0.16056651,0.91431946,-1.979789,0.035197385,0.8349534,-2.0430868,0.16549334,0.88973314,-1.6337024,-0.120374694,0.9807684,-1.7635758,-0.14004031,0.91392374,-2.0170403,0.03495519,0.81915545,-2.036452,0.17623141,0.9003042,-1.642427
489,9.794782876968384,0.5,0.0,0.0,-0.363311231136322,-0.363311231136322,-0.3596781188249588,1.0,0,0.1043810099363327,0.19379818439483643,0.03131437301635742,0.05813949182629585,-0.08055391162633896,0.02229961007833481,1,0.06338654,-0.05754857,-0.047944766,0.08037568,-0.026441034,-0.10438101,-0.032667335,-0.05072286,0.012557253,0.03172404,0.045354925,-0.054894764,-0.16822733,1.0063171,-1.7572494,-0.14514667,0.91815615,-1.9928539,0.035120115,0.8302834,-2.05,0.18197916,0.9298713,-1.6366024,-0.14921136,0.9890526,-1.7716328,-0.12103397,0.91022384,-2.0241683,0.025319913,0.8150665,-2.0462327,0.19149637,0.9434778,-1.6530708
490,9.81868314743042,0.5,0.0,0.0,-0.3551276922225952,-0.3551276922225952,-0.35157641530036926,1.0,0,0.10036808252334595,0.2008613795042038,0.03011035919189453,0.0602584071457386,-0.06805424392223358,0.02966601587831974,1,0.07266436,-0.06326843,-0.0398169,0.08709461,-0.03472275,-0.10036808,-0.012358304,-0.006969477,0.0642893,0.06819091,-0.0016959617,0.0403078,-0.189616,1.0108289,-1.7367442,-0.122754484,0.91521347,-2.0055926,0.039572038,0.8200668,-2.0266545,0.19875598,0.9460357,-1.6367533,-0.16781668,0.99184835,-1.7486893,-0.0966261,0.90479666,-2.035703,0.035864547,0.81797594,-2.0073676,0.21921325,0.9455269,-1.624661
491,9.834635496139526,0.5,0.0,0.0,-0.3541644811630249,-0.3541644811630249,-0.35062283635139463,1.0,0,0.08027657866477966,0.1756763458251953,0.02408301830291748,0.052702948451042175,-0.06306081265211105,0.03240982070565224,1,0.046409167,-0.063787244,-0.019389423,0.07633045,-0.04393787,-0.08027658,-0.01536604,-0.02094461,0.03968035,0.0731647,-0.0004740058,0.04959622,-0.19891444,1.0118126,-1.7399924,-0.1159619,0.90590537,-1.9954091,0.05459387,0.81641173,-2.0093257,0.20449372,0.9559311,-1.638981,-0.18499169,0.9926764,-1.7458092,-0.093062766,0.892724,-2.0194921,0.049984057,0.81012833,-1.9974216,0.22644313,0.9557889,-1.6241021
492,9.858689308166504,0.5,0.0,0.0,-0.3589606285095215,-0.3589606285095215,-0.3553710222244263,1.0,0,0.09589598327875137,0.18683911859989166,0.028768792748451233,0.056051719933748245,-0.066680908203125,0.03330238536000252,1,0.04608886,-0.053770747,-0.028263789,0.09589598,-0.017614456,-0.090881646,-0.049772132,-0.049097776,0.008511067,0.030269012,0.04689122,-0.057039108,-0.19433698,1.0151184,-1.746235,-0.11777246,0.8932898,-1.9674648,0.056689315,0.82389486,-2.005028,0.18914123,0.9523828,-1.653958,-0.18051033,0.99898714,-1.7547141,-0.08900367,0.8880055,-1.9947293,0.041757673,0.80916554,-2.0024748,0.19822194,0.96645015,-1.6710697
493,9.872753143310547,0.5,0.0,0.0,-0.36089324951171875,-0.36089324951171875,-0.35728431701660157,1.0,0,0.08200563490390778,0.1702592670917511,0.024936199188232422,0.054666731506586075,-0.06587360799312592,0.033071525394916534,1,0.048685525,-0.05188714,-0.027832482,0.07698208,-0.023085322,-0.082005635,-0.042810593,-0.05749205,-5.7257712e-05,0.032247066,0.039449282,-0.047251593,-0.1800665,1.0249362,-1.745162,-0.114577964,0.8729512,-1.9310371,0.06868148,0.8340428,-1.9678242,0.17675664,0.94979393,-1.657732,-0.16546084,1.0,-1.7535118,-0.09148334,0.8660256,-1.9556388,0.0558383,0.8167952,-1.9678414,0.18643075,0.96162874,-1.6719075
494,9.898519515991211,0.5,0.0,0.0,-0.3639479875564575,-0.3639479875564575,-0.36030850768089295,1.0,0,0.07929719984531403,0.18264247477054596,0.04192614555358887,0.0661650002002716,-0.054557688534259796,0.031891100108623505,1,0.060394228,-0.06516978,-0.030861689,0.07599984,-0.043400258,-0.0792972,-0.05367069,-0.057571158,-0.01888253,0.036887705,0.03652306,-0.036297314,-0.1673156,1.0419261,-1.7596351,-0.11025781,0.86293364,-1.8989165,0.08089815,0.8417939,-1.932468,0.17292921,0.95955366,-1.6609001,-0.14919734,1.0,-1.7688936,-0.08745786,0.84991354,-1.9227057,0.06479694,0.82452255,-1.9381328,0.18399553,0.9705106,-1.6717893
495,9.915863752365112,0.5,0.0,0.0,-0.36265987157821655,-0.36265987157821655,-0.35903327286243436,1.0,0,0.09392079710960388,0.1779967099428177,0.06748831272125244,0.08504616469144821,-0.050740692764520645,0.03311241418123245,1,0.062365524,-0.04387766,-0.023239145,0.0859091,-0.022069233,-0.0939208,-0.046979222,-0.051267404,0.0039876825,0.022128126,0.037903313,-0.043149892,-0.14113474,1.0674883,-1.7875996,-0.112527065,0.8464323,-1.856353,0.08909001,0.8417932,-1.8960468,0.15095747,0.97840434,-1.6796567,-0.12242508,1.0,-1.7945713,-0.08675434,0.83981156,-1.8845292,0.07499625,0.826413,-1.8948505,0.1575959,0.98977536,-1.6926017
496,9.933114051818848,0.5,0.0,0.0,-0.36335721611976624,-0.36335721611976624,-0.3597236439585686,1.0,0,0.10910997539758682,0.19027179479599,0.07467055320739746,0.09274648874998093,-0.05000663921236992,0.0368950180709362,1,0.060327426,-0.043802105,-0.0067858105,0.09296379,-0.022742959,-0.109109975,-0.05517785,-0.054419637,0.009430218,0.027229492,0.02695827,-0.044402413,-0.12760064,1.0746706,-1.814197,-0.11316329,0.8413049,-1.8107187,0.10002707,0.8488166,-1.8592898,0.12471627,0.99754965,-1.7148013,-0.10950241,1.0,-1.8162327,-0.08527415,0.834482,-1.8434516,0.08347371,0.8324907,-1.8564607,0.13288511,1.0,-1.728122
497,9.95412540435791,0.5,0.0,0.0,-0.36488592624664307,-0.36488592624664307,-0.3612370669841766,1.0,0,0.09671541303396225,0.18628746271133423,0.0827106237411499,0.09878773987293243,-0.04581637308001518,0.04198000207543373,1,0.06292938,-0.054308314,-0.00906453,0.07912959,-0.03334314,-0.09671541,-0.065439925,-0.057675507,-0.0015400749,0.031960424,0.028185476,-0.039460316,-0.10332457,1.0827106,-1.8580679,-0.13373652,0.8540535,-1.7674786,0.111847006,0.8715202,-1.8283603,0.110652,1.0114737,-1.758586,-0.08444576,1.0,-1.8607873,-0.109997645,0.8440505,-1.7964932,0.09221503,0.8542176,-1.8288224,0.12024013,1.0,-1.7704241
498,9.972672700881958,0.5,0.0,0.0,-0.36597323417663574,-0.36597323417663574,-0.3623135018348694,1.0,0,0.08147317171096802,0.168898344039917,0.0786750316619873,0.09336720407009125,-0.03911573439836502,0.04479874670505524,1,0.04368685,-0.045496896,-0.0015327287,0.07303743,-0.03252356,-0.06482567,-0.08147317,-0.06224422,-0.012395636,0.015386729,0.038778525,-0.039303653,-0.07465663,1.078675,-1.9205914,-0.15097345,0.8663543,-1.7230946,0.12357163,0.8927154,-1.7735797,0.1026654,1.0167903,-1.8002957,-0.061550573,1.0,-1.9210511,-0.12906222,0.85659724,-1.7425423,0.09912968,0.87404215,-1.7772985,0.107281424,1.0,-1.8120868
499,9.99445366859436,0.5,0.0,0.0,-0.34735825657844543,-0.34735825657844543,-0.343884674012661,1.0,0,0.08261086046695709,0.1856730431318283,0.06004345417022705,0.08297232538461685,-0.03627493977546692,0.049000926315784454,1,0.082518324,-0.013924574,0.013593214,0.078404695,-0.020866832,-0.08261086,-0.0030361274,-0.04805048,0.03426325,0.06342028,-0.03560375,0.07139653,-0.048221227,1.0600435,-1.9686197,-0.1659603,0.8865606,-1.6965439,0.12927057,0.9201925,-1.7665895,0.09378623,1.0175507,-1.8540179,-0.023465728,1.0,-1.9645418,-0.14243889,0.8803006,-1.7213272,0.12835974,0.90577734,-1.7563106,0.11281232,1.0,-1.8325989
500,10.01444935798645,0.5,0.0,0.0,-0.345611035823822,-0.345611035823822,-0.3421549254655838,1.0,0,0.08368761837482452,0.18063178658485413,0.05513143539428711,0.07994154095649719,-0.039846282452344894,0.053887367248535156,1,0.06274176,-0.006226129,0.043558188,0.07715288,-0.02286988,-0.08368762,0.00013792887,-0.055785593,0.025103299,0.065021515,-0.041363385,0.059958857,-0.033611424,1.0551314,-1.9936835,-0.18220896,0.9168482,-1.6894292,0.14003944,0.94801086,-1.7712946,0.093529515,1.0239195,-1.8971118,-0.014788896,1.0,-1.980616,-0.15906309,0.9099872,-1.7145355,0.14008082,0.9312752,-1.7637635,0.11303597,1.0,-1.8791242
501,10.037159442901611,0.5,0.0,0.0,-0.3422984182834625,-0.3422984182834625,-0.33887543410062787,1.0,0,0.10134927183389664,0.19593140482902527,0.0619659423828125,0.08516788482666016,-0.04646576568484306,0.05360964685678482,1,0.04499699,-0.021402743,0.05099435,0.034611482,-0.036347024,-0.07106912,0.01470963,-0.08421351,-0.016163306,0.10134927,-0.05257108,0.071631506,-0.028552309,1.061966,-2.0028696,-0.1870187,0.92961127,-1.6849796,0.13568899,0.9544499,-1.7883345,0.09583904,1.0081471,-1.9255368,-0.015053211,1.0,-1.9875714,-0.17663527,0.91870713,-1.7063003,0.14010188,0.92918587,-1.7931834,0.12624381,0.9923758,-1.9040473
502,10.056021928787231,0.5,0.0,0.0,-0.3463558852672577,-0.3463558852672577,-0.3428923264145851,1.0,0,0.09333186596632004,0.202397882938385,0.0314258337020874,0.067345529794693,-0.04130159690976143,0.04598452150821686,1,0.07941656,-0.0393,0.012999912,0.023368977,-0.03580735,-0.06622568,0.0031516228,-0.093331866,-0.028765865,0.085546404,-0.054301754,0.08315769,0.0039384663,1.0314258,-2.0367029,-0.19014663,0.936518,-1.685782,0.14516836,0.94763595,-1.787138,0.10962558,0.98593175,-1.939342,0.027763436,1.0,-2.0328028,-0.18313593,0.9257758,-1.7056496,0.14611386,0.91963637,-1.7957678,0.1352895,0.9696412,-1.9143947
503,10.07466983795166,0.5,0.0,0.0,-0.346746563911438,-0.346746563911438,-0.3432790982723236,1.0,0,0.12537866830825806,0.2498975545167923,0.03761360049247742,0.07496930658817291,-0.03479502722620964,0.04143378883600235,1,0.12537867,-0.025217695,-0.008158497,0.05282122,-0.022179062,-0.11778497,0.04401621,-0.084317125,0.013187355,0.09210412,-0.05463222,0.09045789,0.004087582,0.984101,-2.05,-0.17925367,0.9493836,-1.6936429,0.16473559,0.95606977,-1.7773393,0.10864763,0.98166686,-1.9573585,0.041701183,0.9765357,-2.0524476,-0.1634073,0.9427299,-1.7289784,0.17794044,0.9307746,-1.7733831,0.13627887,0.9652772,-1.9302211
504,10.096512794494629,0.5,0.0,0.0,-0.3432014584541321,-0.3432014584541321,-0.33976944386959074,1.0,0,0.13016028702259064,0.26840662956237793,0.039048075675964355,0.08052197843790054,-0.032966021448373795,0.04348241537809372,1,0.11740784,-0.023850892,0.0054227524,0.08868137,-0.017723497,-0.13016029,0.055976268,-0.0737727,0.04051836,0.116565324,-0.048556484,0.079852,-0.013839699,0.9681691,-2.05,-0.17020692,0.9600279,-1.7071164,0.17294866,0.9821249,-1.7687032,0.10488519,0.9755803,-1.9698478,0.021382656,0.96101385,-2.0483732,-0.1436025,0.95471084,-1.7461644,0.18974154,0.9599931,-1.7565477,0.13985479,0.9610133,-1.9458922
505,10.11296010017395,0.5,0.0,0.0,-0.3460841774940491,-0.3460841774940491,-0.3426233357191086,1.0,0,0.108034648001194,0.2251804769039154,0.032410383224487305,0.06755410879850388,-0.03243312984704971,0.043119531124830246,1,0.07782395,-0.04105954,0.01849104,0.05882915,-0.036330007,-0.10803465,0.01115365,-0.07965166,0.005506911,0.107741356,-0.042671654,0.079002894,-0.018323041,0.9712747,-2.05,-0.15318018,0.9575471,-1.71865,0.16445814,0.99659985,-1.7639209,0.11711256,0.960913,-1.9663161,0.0050241444,0.95895684,-2.0444527,-0.13553144,0.9466481,-1.7510604,0.16780424,0.97270435,-1.7622688,0.14943497,0.94811153,-1.9426153
506,10.133037805557251,0.5,0.0,0.0,-0.3470030426979065,-0.3470030426979065,-0.3435330122709274,1.0,0,0.09878668934106827,0.1989337056875229,0.02963601052761078,0.05968010798096657,-0.030454551801085472,0.03762977197766304,1,0.045069832,-0.058660734,0.017701391,0.03481804,-0.049724333,-0.077344865,-0.041448668,-0.07683005,-0.027957374,0.09878669,-0.03676439,0.067889474,-0.0116080865,0.9699858,-2.05,-0.14886925,0.9652288,-1.7180743,0.14482692,1.0066011,-1.7602146,0.13973346,0.93937194,-1.9620309,0.0019128639,0.9523876,-2.0446894,-0.13842383,0.9503115,-1.7412778,0.13239232,0.9835521,-1.7686018,0.16936947,0.92834264,-1.9416641
507,10.153239727020264,0.5,0.0,0.0,-0.3435320556163788,-0.3435320556163788,-0.340096735060215,1.0,0,0.09937020391225815,0.18966513872146606,0.02981102466583252,0.057314906269311905,-0.03030761145055294,0.03449299931526184,1,0.05400363,-0.044291448,0.017508987,0.045332383,-0.04024139,-0.099370204,-0.017378695,-0.067848444,-0.0065161698,0.088473216,-0.031359423,0.058996014,-0.006523475,0.95596856,-2.026249,-0.14781,0.97661567,-1.7148511,0.127928,1.0214884,-1.7598555,0.14058976,0.9309537,-1.9540166,0.009677615,0.94268113,-2.0209963,-0.13421029,0.9645432,-1.7446622,0.12271439,1.0,-1.7618103,0.16713172,0.92154586,-1.9363178
508,10.17428970336914,0.5,0.0,0.0,-0.3426554203033447,-0.3426554203033447,-0.3392288661003113,1.0,0,0.1142486110329628,0.17750252783298492,0.039481163024902344,0.06378280371427536,-0.03426855802536011,0.03743985667824745,1,0.046173576,-0.032306984,0.03387167,0.042268984,-0.034553505,-0.11424861,-0.011998686,-0.060199518,0.010145526,0.06892313,-0.027353559,0.042205047,-0.019368142,0.9401898,-1.9891165,-0.1519053,0.99047554,-1.7276102,0.11771509,1.0394812,-1.7623341,0.1408049,0.9257466,-1.9463638,-0.005516068,0.9304977,-1.978955,-0.1392246,0.98010945,-1.7618848,0.114115484,1.0,-1.7592905,0.16148184,0.91754055,-1.9337023
509,10.194287061691284,0.5,0.0,0.0,-0.34613993763923645,-0.34613993763923645,-0.34267853826284406,1.0,0,0.11470764130353928,0.1740228682756424,0.05496644973754883,0.07381531596183777,-0.035690438002347946,0.03958100825548172,1,0.040472604,-0.03229102,0.035178408,0.020759206,-0.038356405,-0.11470764,-0.020500245,-0.057558,0.003696367,0.061112914,-0.030506564,0.053790417,-0.050847564,0.9109943,-1.9521315,-0.14572601,1.0032455,-1.7446874,0.10617162,1.0549664,-1.7647061,0.15198334,0.9071679,-1.9222474,-0.03870578,0.901307,-1.941578,-0.13949825,0.99173856,-1.7790997,0.10002155,1.0,-1.7635972,0.1703172,0.8980159,-1.9061103
510,10.213701486587524,0.5,0.0,0.0,-0.3466850519180298,-0.3466850519180298,-0.3432182013988495,1.0,0,0.09835425019264221,0.16997191309928894,0.05796980857849121,0.07500161230564117,-0.03325579687952995,0.0401771105825901,1,0.041055586,-0.03458781,0.03391998,0.012994283,-0.041827966,-0.09835425,-0.01450031,-0.061046246,-0.0071089473,0.0682976,-0.03120171,0.06033632,-0.062377945,0.91179276,-1.9198769,-0.12953132,1.0105052,-1.7751954,0.09198156,1.0579698,-1.7839211,0.16624543,0.88662493,-1.8761656,-0.050061267,0.9014164,-1.909701,-0.12563305,0.9979568,-1.8047017,0.087631464,1.0,-1.7860538,0.1867347,0.87726444,-1.8580648
511,10.233235359191895,0.5,0.0,0.0,-0.3479817509651184,-0.3479817509651184,-0.3445019334554672,1.0,0,0.11107898503541946,0.18405432999134064,0.05047929286956787,0.07264765352010727,-0.032353475689888,0.04075450077652931,1,0.07987616,-0.0115801245,0.021217441,0.014125804,-0.022974692,-0.111078985,0.025964156,-0.06567211,0.0054680756,0.05482117,-0.042908635,0.0631049,-0.05776884,0.9192547,-1.8676162,-0.12009041,1.0107863,-1.8086351,0.072257,1.0504793,-1.8275521,0.15751721,0.8789411,-1.8283293,-0.03380599,0.91578066,-1.861251,-0.11585267,1.0,-1.8419588,0.080046244,1.0,-1.8259116,0.17396356,0.86606854,-1.8093978
512,10.256027698516846,0.5,0.0,0.0,-0.3515012264251709,-0.3515012264251709,-0.3479862141609192,1.0,0,0.11120877414941788,0.1807631403207779,0.04231870174407959,0.0678815245628357,-0.03877667337656021,0.042381662875413895,1,0.072331,0.009633868,0.038955927,0.0069603594,-0.010077881,-0.111208774,0.026254252,-0.06519748,0.0049049365,0.047460888,-0.046019755,0.06309796,-0.071792126,0.9243911,-1.815222,-0.112843156,1.0163693,-1.840874,0.056245536,1.0423187,-1.88782,0.15409398,0.8838338,-1.7760592,-0.050092824,0.92728126,-1.8035352,-0.11075505,1.0,-1.8742366,0.06412181,1.0,-1.8863485,0.16833225,0.8700279,-1.7571298
513,10.276540040969849,0.5,0.0,0.0,-0.3593226969242096,-0.3593226969242096,-0.3557294699549675,1.0,0,0.08830427378416061,0.16870486736297607,0.02709043025970459,0.05984599143266678,-0.04248996451497078,0.04567912593483925,1,0.021131154,-0.0067378376,0.034136575,0.05154091,-0.0066936226,-0.084907345,-0.088304274,-0.05371336,-0.021229513,-0.038568795,0.029321583,-0.058419235,-0.09787863,0.94542146,-1.7949389,-0.11210019,1.0270904,-1.8835661,0.052701026,1.0234483,-1.9357375,0.17928699,0.8881051,-1.7163949,-0.09153928,0.9434001,-1.7846979,-0.09663792,1.0,-1.9090383,0.026209744,1.0,-1.9421064,0.16771635,0.89690155,-1.7339207
514,10.294334650039673,0.5,0.0,0.0,-0.3614671230316162,-0.3614671230316162,-0.35785245180130004,1.0,0,0.0847555622458458,0.1721888780593872,0.03072333335876465,0.05987665057182312,-0.03171972185373306,0.05234277993440628,1,0.032062195,-0.027898155,0.010382113,0.08475556,-0.01885792,-0.08036525,-0.0839985,-0.03382416,0.014312886,-0.016981952,0.04604129,-0.054077353,-0.11860432,0.9695499,-1.7821559,-0.102933474,1.0307233,-1.9354467,0.038851753,1.0103852,-1.9632045,0.20006248,0.92817646,-1.693943,-0.10898566,0.96118045,-1.7790413,-0.0775068,1.0,-1.9595563,0.013652202,1.0,-1.9589106,0.1949679,0.9419888,-1.7101662
515,10.314141988754272,0.5,0.0,0.0,-0.35627275705337524,-0.35627275705337524,-0.35271002948284147,1.0,0,0.1170557364821434,0.20062562823295593,0.03511671721935272,0.06526508182287216,-0.017590131610631943,0.057130876928567886,1,0.048574984,-0.032159425,-0.020075772,0.11705574,-0.02319773,-0.10241483,-0.077042416,-0.021340674,0.03700539,0.010007803,0.046855513,-0.04085243,-0.14464845,0.9721552,-1.7967763,-0.1050808,1.0261803,-1.9685479,0.031487063,0.99801755,-1.9497743,0.24434292,0.9592129,-1.6686554,-0.13007595,0.96250737,-1.802799,-0.06996408,1.0,-1.9992723,0.008374337,0.99161536,-1.9386727,0.24734527,0.9732696,-1.6809112
516,10.334851741790771,0.5,0.0,0.0,-0.3445802628993988,-0.3445802628993988,-0.34113446027040484,1.0,0,0.10905497521162033,0.2030951827764511,0.03271651268005371,0.061018381267786026,-0.018242910504341125,0.053868670016527176,1,0.06283983,-0.036123913,-0.038086966,0.10663121,-0.016094018,-0.109054975,-0.03950535,-0.05661318,0.014365871,0.06837808,0.022665266,-0.029319877,-0.1600745,0.98159623,-1.802014,-0.11411613,1.0058537,-1.9783168,0.019306049,0.99838996,-2.012072,0.2344163,0.95240086,-1.6826947,-0.14122255,0.97075903,-1.8134401,-0.08212677,1.0,-2.0110333,0.007454443,0.98140603,-2.0077624,0.25492972,0.95920044,-1.6914907
517,10.354745626449585,0.5,0.0,0.0,-0.3489629030227661,-0.3489629030227661,-0.34547327399253847,1.0,0,0.07974185794591904,0.16488517820835114,0.02392256259918213,0.04946558177471161,-0.027994830161333084,0.046541836112737656,1,0.03948874,-0.031763222,-0.020786561,0.068914905,-0.024161475,-0.07974186,-0.062373392,-0.06869231,-0.010457577,0.04467794,0.017362576,-0.038457222,-0.17410803,0.9724902,-1.791451,-0.11469842,0.97741115,-1.9741615,0.0077257603,0.96993166,-2.049081,0.22168496,0.9544652,-1.6878122,-0.16226141,0.9629612,-1.7976869,-0.09402394,0.9701627,-1.9980841,-0.010986257,0.94932395,-2.0522184,0.23508835,0.959674,-1.6993494
518,10.37910532951355,0.5,0.0,0.0,-0.35825884342193604,-0.35825884342193604,-0.35467625498771665,1.0,0,0.10494369268417358,0.17121243476867676,0.031483110040426254,0.051363710314035416,-0.03075484000146389,0.04365961253643036,1,-0.008061112,-0.03164375,0.0034315197,0.071907945,-0.03990332,-0.03912155,-0.10494369,-0.050053295,-0.024000263,-0.021656485,0.039873116,-0.0615524,-0.17239442,0.9869955,-1.7778046,-0.106197864,0.96670556,-2.0050542,0.021602765,0.9332276,-2.05,0.19427326,0.95754516,-1.6994866,-0.17481276,0.9775024,-1.7767751,-0.08462548,0.95473456,-2.0167906,-0.009880345,0.91821164,-2.0572,0.18777631,0.9695071,-1.7179524
519,10.3922119140625,0.5,0.0,0.0,-0.35607364773750305,-0.35607364773750305,-0.352512911260128,1.0,0,0.06767474114894867,0.14715072512626648,0.02635324001312256,0.050792157649993896,-0.02899457886815071,0.04480787739157677,1,0.022086661,-0.026552023,-0.0017929596,0.06767474,-0.026179679,-0.06702594,-0.06063486,-0.05425495,-4.824251e-06,-0.015918387,0.03245033,-0.052658927,-0.1541924,1.0263532,-1.778847,-0.10839651,0.9700309,-2.0311291,0.028185926,0.9100047,-2.05,0.18315077,0.9762816,-1.697035,-0.14756641,1.0,-1.7793849,-0.088094085,0.962177,-2.0512369,0.009995468,0.8937282,-2.0500014,0.17837526,0.9860167,-1.7128327
520,10.418136835098267,0.5,0.0,0.0,-0.35119450092315674,-0.35119450092315674,-0.34768255591392516,1.0,0,0.11976467072963715,0.19215379655361176,0.03592944145202637,0.06564626842737198,-0.027067113667726517,0.043307721614837646,1,0.08707584,-0.019040402,-0.03537579,0.087286174,0.006056005,-0.11976467,-0.014309267,-0.061333634,0.013319798,0.03377659,0.006947607,-0.019865934,-0.14492077,1.0319215,-1.77302,-0.11555359,0.9642203,-2.0121603,0.021574989,0.9058863,-2.05,0.17321056,0.97182864,-1.7041357,-0.11879802,1.0,-1.7836328,-0.08936773,0.9660371,-2.0480897,0.017282208,0.8874862,-2.046004,0.18334354,0.9739129,-1.7100954
521,10.434682846069336,0.5,0.0,0.0,-0.35359999537467957,-0.35359999537467957,-0.35006399542093275,1.0,0,0.10649093240499496,0.1911999136209488,0.04387235641479492,0.07171352952718735,-0.028071753680706024,0.038438040763139725,1,0.08658725,-0.028307267,-0.0345303,0.07504595,-0.006189157,-0.10649093,-0.025552195,-0.07990206,-0.008786538,0.048835374,-0.00031922007,-0.023588993,-0.13223852,1.0438724,-1.7809143,-0.13021725,0.93966365,-1.9984053,0.019496337,0.8955161,-2.05,0.15135084,0.9789873,-1.7112178,-0.10626235,1.0,-1.7912734,-0.10770347,0.9378069,-2.0303526,0.011830678,0.8715455,-2.052636,0.16600145,0.9788915,-1.7182945
522,10.458392858505249,0.5,0.0,0.0,-0.35712069272994995,-0.35712069272994995,-0.35354948580265044,1.0,0,0.10285810381174088,0.1787688434123993,0.06344997882843018,0.08245155960321426,-0.026480864733457565,0.03723815456032753,1,0.05566201,-0.030931234,-0.01943821,0.080224015,-0.028218012,-0.102858104,-0.05907799,-0.06166311,-0.0011242833,0.007253674,0.015111045,-0.046246503,-0.12446306,1.06345,-1.7774544,-0.12737198,0.9214303,-1.9983294,0.026645869,0.88418096,-2.0488517,0.14168957,0.9983337,-1.7078158,-0.10776445,1.0,-1.7832859,-0.10330477,0.9129649,-2.0291867,0.008922471,0.865682,-2.049189,0.14386567,1.0,-1.7216897
523,10.47483229637146,0.5,0.0,0.0,-0.35866644978523254,-0.35866644978523254,-0.3550797852873802,1.0,0,0.09521325677633286,0.17294509708881378,0.07199954986572266,0.08954295516014099,-0.021272990852594376,0.041380058974027634,1,0.04629177,-0.030590279,-0.013875259,0.08132861,-0.028376535,-0.09521326,-0.058201306,-0.05199867,0.0145891635,-0.010133011,0.024409434,-0.0561343,-0.13022643,1.0719995,-1.762895,-0.11403046,0.91068035,-1.9837606,0.054445095,0.8600631,-2.0129132,0.14797464,1.0167316,-1.7101791,-0.1163389,1.0,-1.7670575,-0.08963187,0.9021674,-2.0123246,0.036984704,0.84446347,-2.0085366,0.14493474,1.0,-1.7270194
524,10.49827790260315,0.5,0.0,0.0,-0.35723987221717834,-0.35723987221717834,-0.35366747349500655,1.0,0,0.11075779050588608,0.18893563747406006,0.08609139919281006,0.10585314780473709,-0.018730666488409042,0.04520763084292412,1,0.06751865,-0.03541804,-0.02398923,0.0930205,-0.016010389,-0.11075779,-0.042299807,-0.056283254,0.019898372,0.023301579,0.015079968,-0.044812527,-0.13302015,1.0860914,-1.7794889,-0.11182316,0.89931047,-1.952527,0.064638264,0.8586681,-1.9914316,0.14260995,1.0267175,-1.7289138,-0.11276455,1.0,-1.7866857,-0.08391701,0.89450735,-1.9857544,0.051948324,0.8417831,-1.9854621,0.14960043,1.0,-1.7423575
525,10.515722036361694,0.5,0.0,0.0,-0.3589651882648468,-0.3589651882648468,-0.3553755363821983,1.0,0,0.09771249443292618,0.18509498238563538,0.09231781959533691,0.11229094862937927,-0.017897697165608406,0.04460355266928673,1,0.063815854,-0.045461282,-0.025828596,0.086076476,-0.02305872,-0.097712494,-0.045928206,-0.06445904,0.0032567517,0.04703831,0.0131328,-0.03612758,-0.12603249,1.0923178,-1.7993189,-0.12104497,0.8727296,-1.9104769,0.066447146,0.8693069,-1.9539996,0.1282319,1.03471,-1.7436829,-0.10688773,1.0,-1.8070675,-0.095222026,0.865812,-1.9397907,0.052668683,0.8499692,-1.9530226,0.14234339,1.0,-1.7545211
526,10.534080266952515,0.5,0.0,0.0,-0.35992196202278137,-0.35992196202278137,-0.35632274240255357,1.0,0,0.09982265532016754,0.20390263199806213,0.1065971851348877,0.13481704890727997,-0.017387719824910164,0.04366692155599594,1,0.06370955,-0.054797336,-0.030631311,0.09250967,-0.03605364,-0.099822655,-0.06617735,-0.06562759,-0.00048299492,0.061509077,0.010537606,-0.03424651,-0.11689836,1.1065972,-1.8428297,-0.11990678,0.8538397,-1.8671932,0.072774485,0.88409674,-1.9126107,0.11176386,1.0578883,-1.7651886,-0.09778549,1.0,-1.8520191,-0.09215388,0.8430236,-1.89714,0.05292128,0.8644085,-1.9127555,0.13021658,1.0,-1.7754625
527,10.553951025009155,0.5,0.0,0.0,-0.36351096630096436,-0.36351096630096436,-0.3598758566379547,1.0,0,0.09507182985544205,0.19964854419231415,0.11288714408874512,0.1448458433151245,-0.011702057905495167,0.04635927826166153,1,0.044569433,-0.061189543,-0.01534832,0.09507183,-0.04887954,-0.08999849,-0.081791,-0.052466303,0.0018829241,0.04959724,0.025665287,-0.042440105,-0.10004907,1.1128871,-1.8899393,-0.124055155,0.86174715,-1.8225852,0.09084639,0.8994985,-1.8731041,0.09682306,1.0710331,-1.7998258,-0.08667824,1.0,-1.8945438,-0.0955336,0.8470833,-1.8495848,0.06630909,0.8837586,-1.8725392,0.11170223,1.0,-1.8125578
528,10.574302673339844,0.5,0.0,0.0,-0.35952576994895935,-0.35952576994895935,-0.35593051224946975,1.0,0,0.09714236110448837,0.1868497133255005,0.09841358661651611,0.1338137835264206,-0.017497340217232704,0.05077197030186653,1,0.012417341,-0.047268257,0.009813673,0.08645412,-0.036669604,-0.079738215,-0.09714236,-0.057684846,-0.0030687586,0.023582889,0.027892845,-0.05606346,-0.07983954,1.0984136,-1.9356259,-0.13728252,0.86870456,-1.7752521,0.10286979,0.9228834,-1.8406365,0.082644284,1.0731426,-1.8541853,-0.07611434,1.0,-1.9326818,-0.11134628,0.8577037,-1.7991736,0.07372708,0.90557796,-1.8415571,0.089719154,1.0,-1.8710043
529,10.59445071220398,0.5,0.0,0.0,-0.3498133420944214,-0.3498133420944214,-0.34631520867347715,1.0,0,0.08276431262493134,0.1572941541671753,0.06899452209472656,0.10207048803567886,-0.03029904142022133,0.05471430718898773,1,0.03228826,-0.016399698,0.03446938,0.04155631,-0.030158222,-0.08276431,-0.048020065,-0.05247935,0.0144454595,0.04601496,-0.04710697,0.05612782,-0.058642592,1.0689945,-1.9639204,-0.16805139,0.87911445,-1.7248522,0.10714466,0.94615394,-1.8215363,0.06910163,1.0604594,-1.9024779,-0.048956115,1.0,-1.9535795,-0.1555845,0.870067,-1.7496815,0.09273864,0.93041015,-1.8172027,0.08290612,1.0,-1.8856395
530,10.614032983779907,0.5,0.0,0.0,-0.35053354501724243,-0.35053354501724243,-0.34702820956707,1.0,0,0.0975014939904213,0.16976404190063477,0.07718312740325928,0.10785098373889923,-0.033612482249736786,0.059908006340265274,1,0.056447007,-0.007614292,0.022516346,0.054151006,-0.032535795,-0.097501494,-0.04164055,-0.054648243,0.010335582,0.026008565,-0.04654163,0.062461134,-0.030542381,1.0771831,-1.9993758,-0.18822095,0.9194691,-1.7108239,0.13181582,0.9558116,-1.8303263,0.0687114,1.0572798,-1.9349451,-0.013608279,1.0,-1.992621,-0.17197564,0.9097084,-1.7400744,0.119323656,0.9394171,-1.8272257,0.07651397,1.0,-1.9162067
531,10.634139776229858,0.5,0.0,0.0,-0.34647080302238464,-0.34647080302238464,-0.3430060949921608,1.0,0,0.0981801301240921,0.18517924845218658,0.078102707862854,0.1016359031200409,-0.03649645298719406,0.062168654054403305,1,0.069514304,-0.0028330677,0.03131866,0.03392007,-0.022544239,-0.09818013,0.018338664,-0.07547045,0.005152129,0.053469047,-0.05521005,0.072155066,-0.014460325,1.0781027,-2.0205293,-0.20264262,0.93969685,-1.7017745,0.14295793,0.94432545,-1.8318267,0.071373,1.0376651,-1.9596219,0.006393967,1.0,-2.0111337,-0.1924666,0.93293357,-1.7312285,0.14845952,0.9216843,-1.830281,0.08741371,1.0,-1.9379754
532,10.65273904800415,0.5,0.0,0.0,-0.34200626611709595,-0.34200626611709595,-0.338586203455925,1.0,0,0.10367457568645477,0.2326747477054596,0.07516825199127197,0.10242774337530136,-0.04122073948383331,0.05973425135016441,1,0.07198662,-0.018618464,0.03629629,0.047929093,-0.024311047,-0.09975638,0.044834282,-0.0990248,-0.0063148136,0.103674576,-0.06848752,0.08459891,-0.011750706,1.0751683,-2.0394201,-0.20367287,0.9344565,-1.6986557,0.14274678,0.9344713,-1.8336252,0.077802986,1.0011274,-1.9620439,0.009845283,1.0,-2.0285313,-0.18929414,0.9271632,-1.7285826,0.15619706,0.9047639,-1.8355197,0.10890536,0.9805811,-1.9366642
533,10.674331665039062,0.5,0.0,0.0,-0.3421550691127777,-0.3421550691127777,-0.33873351842164995,1.0,0,0.10771307349205017,0.22319296002388,0.0466151237487793,0.08082260936498642,-0.0416429229080677,0.05461517348885536,1,0.06559266,-0.03712384,0.022882886,0.050809,-0.028661396,-0.0908787,0.03758843,-0.08900103,-0.005288795,0.10771307,-0.057252746,0.087788925,-0.012216248,1.0466151,-2.0434346,-0.19617438,0.9242391,-1.7027607,0.14443836,0.9331194,-1.8257139,0.09227024,0.98703015,-1.9618679,0.0074615516,1.0,-2.0365698,-0.18093169,0.91564065,-1.7300243,0.15571488,0.9064191,-1.8273005,0.12458417,0.9698543,-1.9355313
534,10.692938804626465,0.5,0.0,0.0,-0.3460744023323059,-0.3460744023323059,-0.3426136583089828,1.0,0,0.10453005135059357,0.2077927589416504,0.031358957290649414,0.062337782233953476,-0.040396712720394135,0.05276602506637573,1,0.080125086,-0.036682647,0.008207329,0.055476315,-0.021487309,-0.10453005,0.010064863,-0.073111035,0.0015518429,0.081182584,-0.046363328,0.081791565,0.006742373,1.006764,-2.045762,-0.19218326,0.91880137,-1.7087102,0.14149931,0.93506134,-1.8122922,0.09919149,0.9895494,-1.9764723,0.0307799,0.99575925,-2.0433,-0.17554036,0.9123552,-1.7400692,0.14451876,0.913128,-1.8118267,0.123546265,0.9756404,-1.9519348
535,10.714072704315186,0.5,0.0,0.0,-0.34720608592033386,-0.34720608592033386,-0.34373402506113054,1.0,0,0.11488619446754456,0.20387423038482666,0.034465909004211426,0.0611623153090477,-0.0430554635822773,0.0534818135201931,1,0.065860756,-0.034561444,0.016408898,0.068983376,-0.018892119,-0.114886194,0.007104313,-0.063421234,0.0193601,0.08008127,-0.033979446,0.073713705,0.006820388,0.9831092,-2.0263374,-0.19409293,0.9238302,-1.7121804,0.13394111,0.9494492,-1.8052648,0.1023768,0.9901981,-1.9798387,0.026578616,0.97274077,-2.0214148,-0.17339791,0.9181626,-1.7466463,0.13607241,0.9304228,-1.7994568,0.12640119,0.98000425,-1.9577246
536,10.734122037887573,0.5,0.0,0.0,-0.34660306572914124,-0.34660306572914124,-0.34313703507184984,1.0,0,0.08573726564645767,0.16877414286136627,0.025721192359924316,0.050632234662771225,-0.050683096051216125,0.05299583822488785,1,-0.00083146914,-0.050681315,0.042202674,0.037560854,-0.035170957,-0.085737266,-0.045533296,-0.05822398,-0.011790802,0.06811273,-0.026442297,0.056522466,0.0016188547,0.98149294,-2.007118,-0.19288045,0.9202708,-1.7190195,0.11281115,0.9668273,-1.8075922,0.12088257,0.9861639,-1.9733889,0.0013694139,0.96628857,-1.9944571,-0.1816122,0.9097195,-1.7447407,0.09915116,0.9493601,-1.8111295,0.14131638,0.97823125,-1.9564322
537,10.754454851150513,0.5,0.0,0.0,-0.349008172750473,-0.349008172750473,-0.34551809102296827,1.0,0,0.07119272649288177,0.1505337804555893,0.021357819437980652,0.04516015946865082,-0.056698597967624664,0.05304684117436409,1,-0.023830496,-0.044969454,0.04627575,0.028404212,-0.02792411,-0.07007074,-0.07119273,-0.042193647,-0.014960736,0.0403166,-0.018022282,0.049087718,-0.012535252,0.9720416,-1.9762549,-0.19096974,0.92273176,-1.726028,0.08806574,0.97029114,-1.8003805,0.14306636,0.97011214,-1.9604346,-0.0196844,0.95855075,-1.9623722,-0.18244848,0.9143545,-1.7470492,0.066707924,0.957633,-1.8048687,0.15516134,0.96470547,-1.9457083
538,10.774295806884766,0.5,0.0,0.0,-0.34920912981033325,-0.34920912981033325,-0.3457170385122299,1.0,0,0.08421535789966583,0.14066317677497864,0.025264620780944824,0.04219897463917732,-0.056272879242897034,0.05729689449071884,1,0.010493376,-0.037407495,0.03975714,0.04543464,-0.020126391,-0.08421536,-0.05160442,-0.03290467,0.007173329,0.027333578,-0.013268105,0.049133558,-0.021145672,0.9631655,-1.9231826,-0.18822956,0.9247609,-1.7453635,0.07354938,0.9597346,-1.7989838,0.1476533,0.96228147,-1.9435877,-0.017997658,0.9519433,-1.9112555,-0.17459917,0.918723,-1.7706281,0.058068056,0.9498632,-1.7968318,0.15585338,0.958301,-1.9288476
539,10.795166492462158,0.5,0.0,0.0,-0.34945768117904663,-0.34945768117904663,-0.34596310436725614,1.0,0,0.0999339371919632,0.13904672861099243,0.029980182647705078,0.041714053601026535,-0.0606001541018486,0.06433477252721786,1,0.018303229,-0.020588255,0.05250326,0.027613424,-0.010031379,-0.09993394,-0.026399668,-0.03791146,0.01544309,0.0170873,-0.02049992,0.043401152,-0.026176788,0.95695627,-1.8740568,-0.1841299,0.921352,-1.7764344,0.06108185,0.9692044,-1.8226638,0.14589055,0.951134,-1.9161276,-0.020685818,0.9507798,-1.8583058,-0.17584586,0.9183426,-1.8064146,0.05316195,0.95783097,-1.8180308,0.15101674,0.9449841,-1.9031072
540,10.814432382583618,0.5,0.0,0.0,-0.3529074788093567,-0.3529074788093567,-0.34937840402126313,1.0,0,0.08668811619281769,0.1501597911119461,0.026006460189819336,0.04504796490073204,-0.06458485126495361,0.0650424137711525,1,0.02852164,-0.021282889,0.037299544,0.024420097,-0.018019507,-0.086688116,-0.022391813,-0.05124622,-0.006155463,0.052839402,-0.025153277,0.0697441,-0.06306213,0.93536747,-1.8050027,-0.17001513,0.90945774,-1.8076367,0.03568127,0.96439713,-1.8586395,0.15189728,0.9326017,-1.858807,-0.05450564,0.9289826,-1.7938129,-0.16268909,0.9040519,-1.8336432,0.028963726,0.94902325,-1.8604861,0.1677491,0.9250557,-1.8378837
541,10.836832284927368,0.5,0.0,0.0,-0.34936195611953735,-0.34936195611953735,-0.345868336558342,1.0,0,0.089366614818573,0.1635647714138031,0.02680998481810093,0.049069419503211975,-0.06522819399833679,0.05545065551996231,1,0.012510251,-0.030235875,0.013862528,0.0493338,-0.0061462964,-0.056692433,-0.089366615,-0.07072159,-0.064018816,0.006587333,0.02951287,-0.042475518,-0.087746166,0.9646312,-1.8165572,-0.14112468,0.8954617,-1.8351777,0.0156257,0.9493207,-1.9124974,0.16919914,0.93432355,-1.804758,-0.08399309,0.95556045,-1.8123984,-0.12632453,0.8936178,-1.8521854,-0.011184284,0.9281042,-1.9317031,0.17117535,0.9431774,-1.8175006
542,10.856758117675781,0.5,0.0,0.0,-0.3608244061470032,-0.3608244061470032,-0.35721616208553314,1.0,0,0.08324366062879562,0.18508775532245636,0.024973101913928986,0.05552633851766586,-0.05561865121126175,0.04117462784051895,1,0.08324366,-0.044566773,-0.026119871,0.063178256,-0.010062487,-0.074069105,-0.04749505,-0.076450996,-0.053985346,0.061351188,0.01733947,-0.0009858893,-0.1059636,0.9673259,-1.8272523,-0.139111,0.8894501,-1.8852397,0.0022354424,0.9305187,-1.9444282,0.16863078,0.9335303,-1.7559329,-0.0809905,0.9539559,-1.8350883,-0.12015752,0.88643134,-1.9074605,-0.012013073,0.9075834,-1.9606239,0.18703614,0.9387321,-1.7562287
543,10.877948999404907,0.5,0.0,0.0,-0.35853612422943115,-0.35853612422943115,-0.35495076298713685,1.0,0,0.09311196208000183,0.1775529533624649,0.02793359011411667,0.05326591432094574,-0.05512860417366028,0.03137587383389473,1,0.03917543,-0.030189436,-0.0055318004,0.056151938,-0.027580809,-0.07302866,-0.09311196,-0.071089424,-0.05577402,0.0005812642,0.034468085,-0.042175107,-0.11427051,0.9702165,-1.8133203,-0.14304,0.89073354,-1.9034265,0.009745672,0.93285364,-1.976161,0.1757721,0.9268119,-1.7026066,-0.10251788,0.9611597,-1.8149798,-0.12619442,0.8824593,-1.9253352,-0.018187918,0.9115268,-1.9928932,0.17594647,0.9371523,-1.7152591
544,10.89380693435669,0.5,0.0,0.0,-0.3406233489513397,-0.3406233489513397,-0.3372171154618263,1.0,0,0.09516653418540955,0.1609465628862381,0.028549909591674805,0.04828394576907158,-0.07858102768659592,0.029178764671087265,1,0.009879093,0.024130508,0.025517134,0.030203968,0.026555639,-0.095166534,-0.049571633,-0.06126944,-0.025934229,-0.03618119,0.03629674,-0.06624377,-0.14658053,0.9838413,-1.7693616,-0.14965166,0.9066078,-1.9241422,0.012260221,0.92111474,-2.05,0.13704097,0.9112274,-1.7230923,-0.14361681,0.99108046,-1.7617065,-0.14059047,0.9145745,-1.9526922,-0.0026112692,0.9027339,-2.0577803,0.12618661,0.9221164,-1.7429655
545,10.914437055587769,0.5,0.0,0.0,-0.34604117274284363,-0.34604117274284363,-0.3425807610154152,1.0,0,0.08803427964448929,0.1919054388999939,0.026410285383462906,0.05757158249616623,-0.10023771971464157,0.02606547437608242,1,-0.011747091,0.028219273,0.038334616,-0.009379761,0.018904544,-0.059720773,-0.08803428,-0.05725411,-0.05382417,-0.08772758,0.04077968,-0.084425606,-0.16630954,0.9859752,-1.7419606,-0.14851761,0.9063944,-1.9347444,0.020503424,0.8929279,-2.05,0.12366399,0.9023669,-1.7272134,-0.16983366,0.994441,-1.7304603,-0.15133154,0.9120658,-1.9526606,-0.0059068613,0.8757517,-2.066147,0.09734572,0.9146008,-1.7525411
546,10.934922456741333,0.5,0.0,0.0,-0.36395585536956787,-0.36395585536956787,-0.3603162968158722,1.0,0,0.06320693343877792,0.15469732880592346,0.018962085247039795,0.04676150158047676,-0.08726894110441208,0.015694670379161835,1,0.06320693,-0.028432032,-0.04187894,0.043010533,-0.008991703,-0.050232336,-0.06028183,-0.052960016,-0.04573516,-0.0128487665,0.050088864,-0.04141887,-0.14942765,1.0102751,-1.7796091,-0.14664061,0.9107653,-1.9653304,0.020491771,0.87571967,-2.05,0.13532609,0.9277581,-1.7090557,-0.13046557,1.0,-1.7921728,-0.13373746,0.90806776,-1.9804001,0.0024072211,0.8598317,-2.0637205,0.13147146,0.9427848,-1.7214813
547,10.956187009811401,0.5,0.0,0.0,-0.36421412229537964,-0.36421412229537964,-0.36057198107242583,1.0,0,0.11400233954191208,0.21898601949214935,0.03420066833496094,0.06569581478834152,-0.06656858325004578,0.0017221905291080475,1,0.099706024,-0.05947442,-0.06722595,0.087053925,-0.0073574907,-0.11400234,0.0008677757,-0.06547843,-0.010345075,0.06987506,0.0068858755,-0.0016923556,-0.1497795,1.013581,-1.7981585,-0.14239314,0.9077014,-1.9778492,0.010535188,0.86558014,-2.05,0.14655398,0.94979686,-1.6891751,-0.11986769,0.9957387,-1.8183264,-0.116276965,0.90549415,-2.01205,0.010795521,0.8459366,-2.0531034,0.1675165,0.95186263,-1.6896828
548,10.974228382110596,0.5,0.0,0.0,-0.35084718465805054,-0.35084718465805054,-0.34733871281147005,1.0,0,0.12494883686304092,0.22824285924434662,0.03748464584350586,0.06847289204597473,-0.07871952652931213,-0.0041457233019173145,1,0.09594312,-0.033692215,-0.023220722,0.064143665,-0.019662777,-0.11504878,0.03169217,-0.05453896,0.042470854,0.12494884,-0.016169881,0.04268204,-0.17708436,1.0039828,-1.7791299,-0.13957632,0.8924149,-1.9749079,0.0073988214,0.8597995,-2.05,0.13475588,0.96455765,-1.7022129,-0.14830142,0.99387515,-1.7860961,-0.12033322,0.8865161,-2.0094225,0.016906474,0.8434378,-2.0372586,0.17224053,0.95970666,-1.6894083
549,10.994627237319946,0.5,0.0,0.0,-0.34777963161468506,-0.34777963161468506,-0.3443018352985382,1.0,0,0.08848748356103897,0.12965774536132812,0.026546239852905273,0.03889733552932739,-0.10049470514059067,-0.0036018863320350647,1,-0.00073888846,-0.03425012,0.010770979,0.044450875,-0.020336006,-0.08848748,-0.059607696,-0.0239932,0.01829134,0.027880182,-0.0076337857,0.001769416,-0.20822957,1.0003213,-1.7479788,-0.11675039,0.88031954,-1.9644439,0.024998829,0.8525703,-2.05,0.12246388,0.9725219,-1.7197773,-0.20845124,0.9900462,-1.7447475,-0.103415124,0.87421876,-1.9909902,0.007116519,0.8453723,-2.0445125,0.13082793,0.9702318,-1.7192465
550,11.016023397445679,0.5,0.0,0.0,-0.35665789246559143,-0.35665789246559143,-0.35309131354093554,1.0,0,0.11454792320728302,0.21057647466659546,0.034364379942417145,0.06317300349473953,-0.10379685461521149,-0.005188107956200838,1,-0.011657166,-0.045525715,-0.023042185,0.07798782,-0.027535498,-0.043574784,-0.11454792,-0.03439723,-0.02597136,-0.04427959,0.06557061,-0.107818685,-0.2174829,1.0072724,-1.737761,-0.10519834,0.8656581,-1.9601226,0.046335526,0.8418162,-2.05,0.1303528,0.9794999,-1.7134013,-0.22098005,0.9936147,-1.7446737,-0.081801996,0.85739744,-1.9731951,0.011971146,0.831497,-2.0577915,0.11706892,0.9991711,-1.745747
551,11.038665771484375,0.5,0.0,0.0,-0.36435312032699585,-0.36435312032699585,-0.3607095891237259,1.0,0,0.07814239710569382,0.18069125711917877,0.023442722856998444,0.054207414388656616,-0.09598727524280548,-0.01586116850376129,1,0.029435072,-0.06174053,-0.05474177,0.06563269,-0.034290537,-0.04340162,-0.0781424,-0.04645839,-0.036655053,0.015647247,0.055896174,-0.06804215,-0.21719712,1.0093448,-1.7648146,-0.094062865,0.84411305,-1.9156525,0.054941744,0.8455408,-2.044714,0.13687398,0.98026156,-1.6999063,-0.2083666,0.9908227,-1.7812371,-0.07437305,0.8338259,-1.928673,0.03149902,0.8316033,-2.0557106,0.14156815,0.99703044,-1.720319
552,11.05501413345337,0.5,0.0,0.0,-0.3632161021232605,-0.3632161021232605,-0.3595839411020279,1.0,0,0.07174208760261536,0.17526279389858246,0.0215226411819458,0.0525788813829422,-0.09620437026023865,-0.02695964276790619,1,0.04829126,-0.05420004,-0.05481247,0.059143715,-0.02264346,-0.05498053,-0.05148142,-0.07174209,-0.033506263,0.033390373,0.04279498,-0.059524186,-0.21516171,1.0147467,-1.7936472,-0.1009861,0.81000984,-1.8578238,0.055644177,0.8496026,-2.0087953,0.09573694,0.9778566,-1.7261316,-0.20067433,0.99848664,-1.8100909,-0.08324298,0.8032168,-1.874318,0.04019975,0.82807994,-2.0188472,0.105754055,0.99069506,-1.7439889
553,11.074694633483887,0.5,0.0,0.0,-0.3479931950569153,-0.3479931950569153,-0.3445132631063461,1.0,0,0.0988108217716217,0.1526557356119156,0.0316014289855957,0.05437685176730156,-0.10653410106897354,-0.030427949503064156,1,0.044506013,-0.039320663,-0.0070097772,0.033175264,-0.030182885,-0.09881082,-0.034284197,-0.05426907,0.008121971,0.05269226,-0.020991698,0.02342904,-0.20131719,1.0316014,-1.8226893,-0.10917196,0.805361,-1.8124238,0.058809556,0.8603372,-1.9866902,0.063418806,0.9833557,-1.7530224,-0.1879654,1.0,-1.8247923,-0.099219374,0.79630613,-1.8420671,0.048524298,0.8440565,-1.9842535,0.07922649,0.9770582,-1.7459937
554,11.09450364112854,0.5,0.0,0.0,-0.34665927290916443,-0.34665927290916443,-0.34319268018007276,1.0,0,0.12324617058038712,0.170893594622612,0.05630683898925781,0.07572368532419205,-0.10619493573904037,-0.018826298415660858,1,0.07635014,-0.026832882,-0.0024324313,0.057195418,-0.030285038,-0.12324617,-0.014502629,-0.02998475,0.035308816,0.014384055,-0.011144401,0.02416645,-0.17036682,1.0563068,-1.7974361,-0.11035147,0.853269,-1.8114586,0.08418433,0.8396686,-1.9642982,0.038371976,0.98018354,-1.7699327,-0.14746179,1.0,-1.7981658,-0.093192846,0.84418344,-1.8484324,0.079833545,0.83067316,-1.9537055,0.042687193,0.9768402,-1.7626828
555,11.114167213439941,0.5,0.0,0.0,-0.34634464979171753,-0.34634464979171753,-0.34288120329380034,1.0,0,0.1245652437210083,0.1919395625591278,0.07673919200897217,0.09579220414161682,-0.10200623422861099,-0.002726932056248188,1,0.11661215,-0.017773185,0.009135317,0.024085477,-0.020345131,-0.12456524,0.012076541,-0.045548737,0.041348632,-0.0056210174,-0.033588633,0.03524907,-0.13424087,1.0767392,-1.8194997,-0.14360437,0.8804445,-1.7899417,0.104827434,0.8224155,-1.9064833,0.03177184,0.9766259,-1.77859,-0.099257216,1.0,-1.8167591,-0.13637872,0.874341,-1.8273113,0.1084504,0.80875087,-1.8940787,0.030085534,0.96654934,-1.7680153
556,11.13432240486145,0.5,0.0,0.0,-0.34558963775634766,-0.34558963775634766,-0.34213374137878416,1.0,0,0.12663203477859497,0.2173032909631729,0.060556888580322266,0.08864936232566833,-0.1038198247551918,0.00433353753760457,1,0.12663203,-0.025450315,-0.011152563,0.07455141,-0.015084688,-0.12081528,-0.014397949,-0.06685124,0.015297056,0.033061564,-0.043436117,0.04627095,-0.10763935,1.0605569,-1.862856,-0.182861,0.9105279,-1.7490947,0.11343173,0.8366484,-1.8506933,0.015986979,0.9683582,-1.8034045,-0.06964974,1.0,-1.8662018,-0.16049558,0.90600246,-1.7853394,0.109112345,0.81659305,-1.8461043,0.025905449,0.9553274,-1.7895231
557,11.152964353561401,0.5,0.0,0.0,-0.3431481719017029,-0.3431481719017029,-0.33971669018268585,1.0,0,0.10715585947036743,0.1951284259557724,0.04171276092529297,0.0709286704659462,-0.105964295566082,0.003266800893470645,1,0.1013427,-0.038850322,-0.018435773,0.04675694,-0.0347776,-0.10715586,-0.03228064,-0.06891844,-0.005134205,0.044966497,-0.031997666,0.047047574,-0.0919608,1.0417128,-1.9470525,-0.20633963,0.92378145,-1.7023715,0.1156306,0.866797,-1.8127159,0.031392686,0.9751879,-1.8377031,-0.061557993,1.0,-1.9525832,-0.19231254,0.9133482,-1.7345183,0.10594641,0.84612143,-1.8142562,0.044882637,0.96558857,-1.8235888
558,11.174331665039062,0.5,0.0,0.0,-0.3448390066623688,-0.3448390066623688,-0.3413906165957451,1.0,0,0.10148671269416809,0.18847917020320892,0.03044605255126953,0.0589679554104805,-0.11015910655260086,0.005033149383962154,1,0.054854944,-0.037625533,-0.015846979,0.097817354,-0.040590715,-0.10148671,-0.057668325,-0.040312767,0.016037712,0.054333556,-0.0015608618,0.03421403,-0.08589767,1.020185,-1.990138,-0.21068175,0.9294197,-1.6845734,0.1322645,0.8806598,-1.7783315,0.04681749,0.979213,-1.8662612,-0.069441184,1.0,-1.9948921,-0.18133655,0.91724247,-1.7150195,0.11496399,0.868566,-1.7735202,0.063117556,0.97874475,-1.8559971
559,11.193742275238037,0.5,0.0,0.0,-0.3500499129295349,-0.3500499129295349,-0.34654941380023957,1.0,0,0.12602756917476654,0.25822392106056213,0.03780826926231384,0.07746722549200058,-0.10187496244907379,0.01767130009829998,1,0.08180527,-0.03388128,-0.0105684595,0.12602757,-0.023526523,-0.12172443,0.041920573,-0.012665631,0.08214193,0.11988101,0.0042860946,0.06648085,-0.10100754,1.0012583,-1.9985884,-0.18902293,0.91980225,-1.7007476,0.14463452,0.9191259,-1.7480404,0.06898244,0.9970118,-1.8878765,-0.076465964,0.9910939,-2.001759,-0.15121466,0.9127443,-1.737265,0.1572107,0.91532624,-1.7233979,0.10494675,0.99829763,-1.8679322
560,11.214044094085693,0.5,0.0,0.0,-0.3489135503768921,-0.3489135503768921,-0.34542441487312314,1.0,0,0.15099629759788513,0.2978670597076416,0.04529888927936554,0.08936015516519547,-0.08607946336269379,0.02614138461649418,1,0.1509963,-0.048221324,-0.039861307,0.102336764,-0.010027673,-0.13611817,0.065642565,-0.045137376,0.06918341,0.115649626,-0.035650615,0.084443435,-0.05884904,0.99967194,-2.041204,-0.18615046,0.91631347,-1.7296672,0.13963023,0.9491639,-1.7309427,0.082608834,0.99396735,-1.9224508,-0.013550151,0.98520553,-2.0531623,-0.15544944,0.91330516,-1.7705027,0.159323,0.9356227,-1.7101877,0.11730372,0.9832722,-1.8971177
561,11.234118223190308,0.5,0.0,0.0,-0.35267964005470276,-0.35267964005470276,-0.3491528436541557,1.0,0,0.10790296643972397,0.23447327315807343,0.03237089142203331,0.07034198939800262,-0.0867004245519638,0.02191336639225483,1,0.10790297,-0.031071449,0.0047707898,0.08147021,-0.011735921,-0.089038126,0.033584815,-0.09642067,-0.0049222647,0.09937414,-0.044368662,0.073148124,-0.01324264,0.9956906,-2.05,-0.19403467,0.9126278,-1.722562,0.14965783,0.9222799,-1.7438844,0.07801767,0.98831505,-1.9388628,0.019128252,0.98636913,-2.0485687,-0.1695936,0.909107,-1.7492734,0.15973328,0.8933537,-1.7453611,0.10782991,0.97500443,-1.9169184
562,11.252954244613647,0.5,0.0,0.0,-0.3524307608604431,-0.3524307608604431,-0.34890645325183867,1.0,0,0.09677965939044952,0.2024412453174591,0.029033899307250977,0.060732368379831314,-0.09138083457946777,0.01577410288155079,1,0.07968605,-0.03185099,0.013050125,0.030407872,-0.024653032,-0.094143994,-0.004712323,-0.09677966,-0.037340187,0.080107205,-0.040950723,0.06461712,0.018989652,0.9999976,-2.05,-0.21286973,0.91222614,-1.6974602,0.13594984,0.9171928,-1.768173,0.09120697,0.9982748,-1.9490463,0.04289547,0.99044234,-2.046085,-0.20374738,0.9048302,-1.7257034,0.13453613,0.8881589,-1.7793751,0.11523913,0.9859896,-1.9296612
563,11.274150609970093,0.5,0.0,0.0,-0.3484744429588318,-0.3484744429588318,-0.3449896985292435,1.0,0,0.10246344655752182,0.17803522944450378,0.03073906898498535,0.053410619497299194,-0.08737733960151672,0.015433916822075844,1,0.029229386,-0.03812471,0.031364586,0.043355975,-0.042633004,-0.10246345,-0.027495917,-0.0632886,-0.027852993,0.062978715,-0.015291561,0.066869065,0.010865435,0.9894533,-2.05,-0.21715094,0.9299177,-1.7064865,0.15382126,0.9198746,-1.7714787,0.12125034,0.9959,-1.9514375,0.01963425,0.9780159,-2.0405905,-0.20414415,0.9171278,-1.7372255,0.14557248,0.900888,-1.7798345,0.14014396,0.9913125,-1.9313767
564,11.295561075210571,0.5,0.0,0.0,-0.34865522384643555,-0.34865522384643555,-0.3451686716079712,1.0,0,0.11410309374332428,0.19106140732765198,0.034230947494506836,0.05731840804219246,-0.07943805307149887,0.01904069073498249,1,0.082475096,-0.034817223,0.014033356,0.053469375,-0.019028042,-0.114103094,0.0061197286,-0.047899563,0.012216062,0.064168565,-0.0190133,0.07136123,0.008405335,0.96735257,-2.0345032,-0.22724369,0.94515795,-1.7106296,0.15492462,0.92750853,-1.7573572,0.13244241,0.97842383,-1.9610512,0.033147864,0.9569074,-2.0302932,-0.21120287,0.93944955,-1.7448605,0.15676053,0.9131387,-1.7536924,0.15169299,0.97271985,-1.9396429
565,11.313845157623291,0.5,0.0,0.0,-0.34875842928886414,-0.34875842928886414,-0.3452708449959755,1.0,0,0.10800524801015854,0.17153356969356537,0.03240156173706055,0.05146009102463722,-0.07655186951160431,0.022232884541153908,1,0.05933114,-0.031045621,0.03889397,0.04395348,-0.01906699,-0.10800525,-0.006916386,-0.058762144,-0.0011119974,0.045861382,-0.024910508,0.056925893,0.014473811,0.9555806,-2.008188,-0.2386252,0.94750834,-1.716045,0.14967448,0.92932725,-1.7504354,0.1275915,0.96725667,-1.9646717,0.032273155,0.9462669,-1.9965198,-0.22543916,0.94178826,-1.7484466,0.14759956,0.9116986,-1.7507689,0.14134993,0.9597835,-1.9475939
566,11.334047079086304,0.5,0.0,0.0,-0.3513026237487793,-0.3513026237487793,-0.3477895975112915,1.0,0,0.10311678051948547,0.15454870462417603,0.030935049057006836,0.04636460915207863,-0.0818420872092247,0.025180168449878693,1,0.025084684,-0.025614768,0.05060151,0.031672217,-0.017697312,-0.10311678,-0.037944064,-0.0556374,-0.011976725,0.035343852,-0.017006079,0.04327733,0.016282171,0.9490795,-1.9726169,-0.2433432,0.94222164,-1.7096435,0.12861612,0.9368806,-1.7587595,0.13096295,0.96670157,-1.9580277,0.023807576,0.9413951,-1.9574364,-0.23384154,0.9369125,-1.7405785,0.117232904,0.9201894,-1.7623525,0.14156611,0.96159977,-1.9450445
567,11.353992462158203,0.5,0.0,0.0,-0.3514726758003235,-0.3514726758003235,-0.34795794904232025,1.0,0,0.08808694034814835,0.1498303860425949,0.026426076889038086,0.04494910314679146,-0.08389481157064438,0.028294924646615982,1,0.0070574367,-0.033932127,0.049121894,0.015641725,-0.027995132,-0.08808694,-0.06038594,-0.049924806,-0.024840966,0.037465848,-0.009438467,0.042408623,0.007494539,0.9409403,-1.9410999,-0.24401379,0.94477034,-1.7140826,0.11273888,0.94497037,-1.7676731,0.1532553,0.96577185,-1.9433844,0.0096117705,0.9307607,-1.9263633,-0.23932126,0.9363718,-1.7405087,0.0946231,0.9299929,-1.7751254,0.16449505,0.96294034,-1.9306618
568,11.374425411224365,0.5,0.0,0.0,-0.3522608280181885,-0.3522608280181885,-0.3487382197380066,1.0,0,0.09267096221446991,0.14346840977668762,0.0278012752532959,0.043040528893470764,-0.08303088694810867,0.0316198468208313,1,0.023588091,-0.029361878,0.04000457,0.03157174,-0.023196077,-0.09267096,-0.04234653,-0.04476566,-0.006893265,0.036918353,-0.008951914,0.046408523,-0.008003712,0.9291765,-1.897899,-0.23529842,0.9460751,-1.7316277,0.103453316,0.95017713,-1.7759324,0.1597822,0.9480035,-1.9166065,-0.0009272839,0.92036796,-1.8858976,-0.2258269,0.93911624,-1.759429,0.09074935,0.93674743,-1.7780004,0.17085771,0.9453179,-1.902684
569,11.394513607025146,0.5,0.0,0.0,-0.354728102684021,-0.354728102684021,-0.3511808216571808,1.0,0,0.11005713790655136,0.16278840601444244,0.03301715850830078,0.04883652552962303,-0.0820242315530777,0.03760644420981407,1,0.06924606,-0.012853799,0.028088855,0.03703501,-0.0057742377,-0.11005714,0.0018096343,-0.044440944,0.017260214,0.038818374,-0.01624332,0.05644853,-0.024087548,0.9227815,-1.8413506,-0.21834654,0.9384557,-1.7636878,0.08567618,0.9562095,-1.7953736,0.15973607,0.9248485,-1.8847585,-0.0033137295,0.9189254,-1.8329239,-0.20723604,0.9367234,-1.796705,0.08621907,0.9428772,-1.7901955,0.17138158,0.9199755,-1.867824
570,11.414262056350708,0.5,0.0,0.0,-0.3555058240890503,-0.3555058240890503,-0.35195076584815976,1.0,0,0.10586582869291306,0.16731230914592743,0.03175973892211914,0.05019368976354599,-0.07871287316083908,0.04114221781492233,1,0.07024197,-0.012208627,0.029121647,0.027614405,-0.013432254,-0.10586583,-0.00062128867,-0.04879189,0.0034653659,0.053612996,-0.01686837,0.066029266,-0.04608505,0.93036854,-1.7959412,-0.19826208,0.93041235,-1.8151461,0.07414661,0.95393443,-1.830804,0.1628423,0.91476303,-1.8329773,-0.025012456,0.92670596,-1.7872047,-0.18997777,0.92638266,-1.8469058,0.07396023,0.93929684,-1.8297644,0.1789262,0.90970254,-1.8131685
571,11.434032678604126,0.5,0.0,0.0,-0.3573009967803955,-0.3573009967803955,-0.35372798681259154,1.0,0,0.0928221344947815,0.16646979749202728,0.027846693992614746,0.049940984696149826,-0.07410278171300888,0.03876068443059921,1,0.051080346,-0.01713478,0.0073932386,0.048086602,-8.7320805e-06,-0.092822134,-0.069436945,-0.06342025,-0.045786265,0.00093898067,0.038372662,-0.03759145,-0.06420235,0.9487598,-1.7943083,-0.1766673,0.9249115,-1.8568705,0.054261073,0.95010376,-1.8748409,0.1789565,0.9125976,-1.7786602,-0.04887825,0.9436194,-1.7920903,-0.16224132,0.9249089,-1.8847172,0.033429988,0.93107766,-1.8885767,0.17923819,0.9241094,-1.7899376
572,11.45450234413147,0.5,0.0,0.0,-0.36098408699035645,-0.36098408699035645,-0.3573742461204529,1.0,0,0.07007971405982971,0.15975359082221985,0.021023869514465332,0.047926053404808044,-0.06777013093233109,0.030596043914556503,1,0.060350686,-0.028452232,-0.010385167,0.050451808,-0.008125462,-0.070079714,-0.06249298,-0.066988744,-0.04987705,0.024833435,0.037782073,-0.0226777,-0.083408415,0.9605276,-1.7858794,-0.15541884,0.9188053,-1.8909343,0.0294322,0.9419909,-1.9210606,0.18098184,0.90315235,-1.7259499,-0.06530321,0.9519919,-1.7889949,-0.1402833,0.91636765,-1.9119582,0.010684304,0.9218943,-1.9360237,0.18843187,0.91448694,-1.7327532
573,11.474387168884277,0.5,0.0,0.0,-0.3581281304359436,-0.3581281304359436,-0.3545468491315842,1.0,0,0.08616916090250015,0.16175317764282227,0.025850772857666016,0.048525966703891754,-0.06917553395032883,0.02503514289855957,1,0.04346638,-0.007819521,9.782612e-05,0.061196826,-0.006783174,-0.08616916,-0.06865491,-0.06018917,-0.02747991,-0.008880724,0.044290382,-0.043191854,-0.10270597,0.96671647,-1.7752917,-0.15112172,0.92035913,-1.9226239,0.020318508,0.93568087,-1.9600612,0.18867177,0.9108996,-1.685281,-0.08966605,0.9643706,-1.7752624,-0.13276267,0.9183242,-1.9484746,-0.00027796626,0.9176241,-1.9683051,0.18600754,0.9241867,-1.6982386
574,11.496731042861938,0.5,0.0,0.0,-0.3540106415748596,-0.3540106415748596,-0.35047053515911103,1.0,0,0.10599932074546814,0.16087904572486877,0.0317997932434082,0.04826371744275093,-0.07819632440805435,0.0268934927880764,1,0.039460544,0.012389538,0.007538001,0.04948468,0.010827554,-0.10599932,-0.037911735,-0.04122517,0.0046441597,-0.02923393,0.056633927,-0.05560917,-0.12487596,0.989547,-1.7494566,-0.15304911,0.9326896,-1.9682965,0.028288312,0.9124942,-2.0223215,0.16960818,0.91886497,-1.6938471,-0.1130378,0.9932639,-1.7471952,-0.13820371,0.9359379,-2.0000963,0.016914792,0.90012664,-2.0209281,0.160838,0.93585515,-1.7105298
575,11.515926361083984,0.5,0.0,0.0,-0.3605956435203552,-0.3605956435203552,-0.35698968708515166,1.0,0,0.09095439314842224,0.15188783407211304,0.027286291122436523,0.04588482528924942,-0.07619499415159225,0.028071824461221695,1,0.046634145,-0.009840588,-0.002546199,0.048592344,0.008454188,-0.09095439,-0.035440695,-0.04975223,-0.0027989007,-0.017043035,0.055107437,-0.054954555,-0.12881553,1.0061514,-1.7468488,-0.1606091,0.9388303,-1.993149,0.037023045,0.8811377,-2.05,0.17001772,0.9303533,-1.6950401,-0.114825286,1.0,-1.7476127,-0.1460314,0.94136655,-2.0204353,0.026390836,0.86621207,-2.0508397,0.1649048,0.9468855,-1.7115265
576,11.535896301269531,0.5,0.0,0.0,-0.3669174909591675,-0.3669174909591675,-0.3632483160495758,1.0,0,0.0833127424120903,0.17217084765434265,0.024993896484375,0.05182259529829025,-0.05974191054701805,0.023186199367046356,1,0.08314092,-0.04137732,-0.048651427,0.06955967,-0.012725406,-0.08331274,-0.034070786,-0.05350078,-0.008632905,0.02929746,0.032267213,-0.026695568,-0.1271446,1.0131078,-1.7596216,-0.15267754,0.9386122,-2.0129478,0.03288293,0.8611525,-2.05,0.18113878,0.9521418,-1.6780673,-0.102202326,1.0,-1.774217,-0.13180964,0.9347946,-2.0379417,0.022661693,0.8451023,-2.05259,0.18992803,0.961822,-1.686076
577,11.553740501403809,0.5,0.0,0.0,-0.3609878122806549,-0.3609878122806549,-0.35737793415784835,1.0,0,0.10288535058498383,0.1991623044013977,0.03086566925048828,0.061498042196035385,-0.04872677102684975,0.018937774002552032,1,0.084079556,-0.04964205,-0.056105956,0.081415266,-0.026118837,-0.10288535,-0.036086306,-0.064365864,-0.0018479293,0.04694042,0.018774485,-0.032916915,-0.13872473,1.02083,-1.7727395,-0.13668486,0.93028194,-2.0376842,0.017979108,0.85719097,-2.05,0.17634577,0.97109604,-1.6769239,-0.11350086,1.0,-1.7895713,-0.11226028,0.9224463,-2.0685499,0.007153216,0.8378812,-2.0505543,0.1904279,0.9767284,-1.6867989
578,11.573976278305054,0.5,0.0,0.0,-0.349514901638031,-0.349514901638031,-0.3460197526216507,1.0,0,0.11512954533100128,0.18969722092151642,0.034538984298706055,0.061713527888059616,-0.05067876726388931,0.01901198737323284,1,0.07641592,-0.03698383,-0.021073412,0.054177906,-0.029998455,-0.115129545,0.0065055,-0.03519036,0.043650057,0.070172556,-0.026100283,0.04952132,-0.15440825,1.026325,-1.7577015,-0.13109973,0.92513657,-2.05,0.02131679,0.8453777,-2.05,0.1694756,0.9851246,-1.6757001,-0.13148347,1.0,-1.7640235,-0.114846356,0.91613704,-2.084539,0.023268439,0.83482057,-2.036905,0.19052736,0.9772945,-1.6608437
579,11.594871997833252,0.5,0.0,0.0,-0.3486555218696594,-0.3486555218696594,-0.3451689666509628,1.0,0,0.09036581963300705,0.16880016028881073,0.027109861373901367,0.055789776146411896,-0.06364848464727402,0.020019713789224625,1,0.016324675,-0.014716873,-0.005889203,0.07478025,0.0019850105,-0.09036582,-0.0620234,-0.04321078,-0.0031526303,-0.02434809,0.03960103,-0.07955274,-0.16972023,1.0238237,-1.738466,-0.120328896,0.9098071,-2.0313911,0.039934315,0.8354572,-2.05,0.13938968,0.977438,-1.6973926,-0.16482283,1.0,-1.7402328,-0.09789482,0.9104026,-2.058501,0.021327294,0.822494,-2.0509458,0.13208525,0.9893183,-1.7212584
580,11.613895893096924,0.5,0.0,0.0,-0.35257211327552795,-0.35257211327552795,-0.34904639214277267,1.0,0,0.08219517767429352,0.15498574078083038,0.028586506843566895,0.05410544201731682,-0.07577406615018845,0.016488006338477135,1,0.004802884,-0.023953713,-0.00670962,0.043023486,-0.008776784,-0.052396372,-0.080001,-0.051251717,-0.030388424,-0.026006514,0.036366742,-0.08219518,-0.17692295,1.0285865,-1.7302456,-0.11824098,0.8968146,-2.0184846,0.047172286,0.8276207,-2.05,0.11912971,0.96884525,-1.702342,-0.17548208,1.0,-1.7322584,-0.10533394,0.89418155,-2.0342035,0.023171986,0.8122452,-2.0591164,0.11132775,0.9797553,-1.7270006
581,11.634093999862671,0.5,0.0,0.0,-0.3619765043258667,-0.3619765043258667,-0.35835673928260803,1.0,0,0.06496687233448029,0.16340035200119019,0.03223729133605957,0.057072896510362625,-0.07066108286380768,0.004825633484870195,1,0.06496687,-0.045325663,-0.050625376,0.051314365,-0.022063721,-0.042981606,-0.05805247,-0.059918147,-0.051794287,0.020210722,0.032543194,-0.042234972,-0.17556205,1.0322373,-1.7427306,-0.112286024,0.8716587,-1.9847991,0.051158383,0.8372877,-2.05,0.11321597,0.9667274,-1.6898826,-0.15607199,1.0,-1.7579182,-0.096891716,0.8650396,-1.9976937,0.033742644,0.8193123,-2.0655382,0.11927918,0.9764903,-1.7025532
582,11.65467619895935,0.5,0.0,0.0,-0.36145463585853577,-0.36145463585853577,-0.3578400894999504,1.0,0,0.10710089653730392,0.20714972913265228,0.043353915214538574,0.07418087124824524,-0.0681232437491417,-0.009523439221084118,1,0.09400096,-0.051505648,-0.034057517,0.039164912,-0.037184622,-0.06862906,0.016338348,-0.06954968,-0.006857993,0.1071009,-0.036543023,0.06839902,-0.17215502,1.0433539,-1.7707841,-0.11932179,0.8477343,-1.9268649,0.05456105,0.8427509,-2.0415385,0.09982139,0.9737081,-1.6899133,-0.14395474,1.0,-1.7810014,-0.10757232,0.8365789,-1.9474536,0.059462555,0.821886,-2.0435958,0.13195166,0.9627452,-1.6693935
583,11.67410945892334,0.5,0.0,0.0,-0.3546924889087677,-0.3546924889087677,-0.35114556401968,1.0,0,0.07476285845041275,0.16247045993804932,0.04141354560852051,0.0628741905093193,-0.08655605465173721,-0.018116537481546402,1,0.052582342,-0.039103303,-0.012220228,0.044624247,-0.04193085,-0.06934172,-0.030835982,-0.06792943,-0.011836854,0.07476286,-0.034437835,0.03024445,-0.18670985,1.0414135,-1.7696164,-0.10995803,0.81825817,-1.8667575,0.05855891,0.8422513,-2.012486,0.059324216,0.97506094,-1.7243109,-0.17093515,1.0,-1.7732824,-0.09657075,0.8056789,-1.88756,0.049308114,0.8218725,-2.016037,0.081753075,0.9647296,-1.7152375
584,11.693736791610718,0.5,0.0,0.0,-0.3483487069606781,-0.3483487069606781,-0.34486521989107133,1.0,0,0.08220671117305756,0.12494507431983948,0.05102109909057617,0.0626097172498703,-0.1105240136384964,-0.021096263080835342,1,-0.009917984,-0.031302914,0.015061321,0.01688891,-0.030043075,-0.052799173,-0.08220671,-0.039455023,-0.02695892,0.023111848,-0.027090926,-0.004594964,-0.19171122,1.0510211,-1.7615836,-0.10625589,0.8050083,-1.8135955,0.0666177,0.8318641,-1.9898353,0.034617186,0.9828377,-1.7508459,-0.1946866,1.0,-1.7570652,-0.10118922,0.79599535,-1.8294352,0.041955683,0.8200276,-1.9979229,0.04155074,0.9747104,-1.7522244
585,11.713978290557861,0.5,0.0,0.0,-0.3478595018386841,-0.3478595018386841,-0.34438090682029726,1.0,0,0.06314435601234436,0.1305100917816162,0.07118034362792969,0.07989414036273956,-0.10023488849401474,-0.019435200840234756,1,0.063144356,-0.04904945,-0.028121252,0.023637513,-0.032728016,-0.056552492,-0.0547009,-0.024871696,0.0050274674,0.0082124835,0.017696317,0.031690832,-0.16730289,1.0711803,-1.8089486,-0.12536815,0.8121705,-1.7459946,0.099218324,0.83312297,-1.9312346,0.038213734,0.994184,-1.7606647,-0.14835958,1.0,-1.817385,-0.118276894,0.8023521,-1.7629603,0.082808055,0.8256615,-1.9297264,0.04067748,0.9994929,-1.7511574
586,11.736672163009644,0.5,0.0,0.0,-0.34340953826904297,-0.34340953826904297,-0.33997544288635256,1.0,0,0.10599233955144882,0.19819195568561554,0.09296011924743652,0.10947906225919724,-0.08885248005390167,-0.012961048632860184,1,0.09973452,-0.046082094,-0.01998709,0.09222997,-0.032488078,-0.10599234,-0.022098087,-0.04381457,0.032804415,0.03240635,-0.019859068,0.032940663,-0.118404806,1.0929601,-1.887721,-0.15318124,0.87209123,-1.7267964,0.11266212,0.84490323,-1.8634719,0.03669952,0.9940809,-1.7874454,-0.08848445,1.0,-1.893717,-0.12551224,0.8623448,-1.758594,0.10603269,0.83175886,-1.8536305,0.046421424,0.9881232,-1.7775632
587,11.754767894744873,0.5,0.0,0.0,-0.33885809779167175,-0.33885809779167175,-0.33546951681375503,1.0,0,0.14225007593631744,0.24581703543663025,0.05868363380432129,0.09415902942419052,-0.09928248077630997,-0.0018551609246060252,1,0.13616638,-0.013411135,-0.0023286175,0.10210491,0.0046134177,-0.14225008,0.010406163,-0.049790177,0.06612849,0.044959698,-0.04096414,0.018918462,-0.08979801,1.0586836,-1.9076631,-0.19813296,0.9053929,-1.7004493,0.09622146,0.8521248,-1.8191749,0.012978464,0.9876364,-1.8335415,-0.048948094,1.0,-1.9083617,-0.1675015,0.9067769,-1.7431244,0.09934331,0.83718777,-1.7993363,0.026466373,0.97534716,-1.827866
588,11.774356126785278,0.5,0.0,0.0,-0.3458828926086426,-0.3458828926086426,-0.3424240636825561,1.0,0,0.1425434798002243,0.20658716559410095,0.04276299476623535,0.06524574756622314,-0.11546313762664795,0.014085079543292522,1,0.056920305,-0.0138571225,0.045920637,0.095635004,-0.016193602,-0.14254348,-0.035968762,-0.035285342,0.040135525,0.045931976,-0.026316173,0.02141782,-0.107929274,1.0201283,-1.9001288,-0.20738438,0.90432787,-1.6842358,0.10033772,0.87858236,-1.7945967,0.03910743,1.0095097,-1.8623987,-0.090853184,1.0,-1.8863527,-0.17869388,0.8994698,-1.7269988,0.08954709,0.86799675,-1.782556,0.052887022,1.0,-1.8559734
589,11.794120073318481,0.5,0.0,0.0,-0.35176366567611694,-0.35176366567611694,-0.34824602901935575,1.0,0,0.0928119644522667,0.17002232372760773,0.027843594551086426,0.051004521548748016,-0.10541431605815887,0.029157625511288643,1,0.009056471,-0.025386658,0.007055589,0.0805838,-0.036883097,-0.092811964,-0.08592937,-0.003488499,0.021668708,0.021334501,0.025695622,0.051789466,-0.10265545,0.99459445,-1.9394125,-0.20673198,0.9066043,-1.6860547,0.1272458,0.92798096,-1.7494068,0.09173396,1.0076944,-1.889101,-0.099938504,0.9869785,-1.9372958,-0.18255684,0.89553934,-1.7138983,0.10146698,0.9269344,-1.7429062,0.09813431,1.0,-1.8735642
590,11.813901424407959,0.5,0.0,0.0,-0.350477010011673,-0.350477010011673,-0.34697223991155624,1.0,0,0.08554543554782867,0.17875227332115173,0.025663629174232483,0.053625695407390594,-0.10246863961219788,0.028721367940306664,1,0.061773013,-0.0406662,-0.020841168,0.085545436,-0.024176149,-0.07034803,-0.069022454,-0.0569221,-0.0058362517,0.050007705,-0.01230428,0.05006563,-0.018046245,0.99035823,-1.9964927,-0.22052535,0.91285545,-1.6600497,0.10775031,0.9311797,-1.7161562,0.08385125,1.0007241,-1.9604619,0.0004856605,0.97815835,-2.0027452,-0.19486172,0.9056026,-1.6811541,0.087043576,0.9141031,-1.7179071,0.09885356,0.9970328,-1.9454422
591,11.833970308303833,0.5,0.0,0.0,-0.35492366552352905,-0.35492366552352905,-0.3513744288682938,1.0,0,0.0917726531624794,0.1479557454586029,0.027531743049621582,0.04663989692926407,-0.12060023099184036,0.030023569241166115,1,0.01810934,-0.0018238345,0.021916047,0.06986974,-0.006194096,-0.09177265,-0.04470639,-0.060392626,0.008722256,0.037442934,-0.0014018528,0.024718406,-0.01181303,0.9702332,-2.0080278,-0.22975248,0.894022,-1.6538821,0.09587973,0.9328742,-1.7352618,0.061767843,1.0143275,-1.9920206,-0.0063802274,0.96968603,-2.001453,-0.20879155,0.89216375,-1.6814139,0.08246782,0.9147564,-1.7326452,0.07300072,1.0,-1.9846051
592,11.853808879852295,0.5,0.0,0.0,-0.35496145486831665,-0.35496145486831665,-0.35141184031963346,1.0,0,0.10781140625476837,0.17503276467323303,0.035856008529663086,0.06358402222394943,-0.12342114746570587,0.034204889088869095,1,0.026388407,-0.020549517,0.020410543,0.06605513,-0.029069595,-0.107811406,-0.027739545,-0.055012744,0.0058222464,0.072874,-0.00019668786,0.05593913,-0.032765873,0.96208906,-1.988306,-0.21818087,0.8808661,-1.676234,0.08858316,0.9563878,-1.7553166,0.0814923,1.035856,-1.9878771,-0.024849351,0.9559242,-1.9821829,-0.19836433,0.87214524,-1.7085774,0.08026129,0.939884,-1.75357,0.1033545,1.0,-1.9710954
593,11.872695207595825,0.5,0.0,0.0,-0.3512037396430969,-0.3512037396430969,-0.34769170224666596,1.0,0,0.09896944463253021,0.17936021089553833,0.029690861701965332,0.05694417282938957,-0.10845722258090973,0.03448557108640671,1,0.04361416,-0.043132465,0.012477787,0.04829257,-0.036365174,-0.098969445,-0.022360323,-0.05537668,-0.020015076,0.07205403,-0.0035784007,0.07503656,-0.014518872,0.9752247,-2.0188155,-0.22781217,0.89985526,-1.6908276,0.106775045,0.9322454,-1.7513719,0.1305937,1.0186676,-1.9907043,-0.0014346233,0.9622849,-2.015072,-0.2133244,0.8889457,-1.7205185,0.100066945,0.91563237,-1.7573764,0.15220991,1.0,-1.9681933
594,11.894383907318115,0.5,0.0,0.0,-0.3538684844970703,-0.3538684844970703,-0.3503297996520996,1.0,0,0.09550075232982635,0.19082026183605194,0.028650283813476562,0.05724611133337021,-0.10929615050554276,0.03130649775266647,1,0.081867464,-0.0066701686,0.030951496,0.04731271,0.007212835,-0.09550075,0.012443175,-0.09074981,-0.01524687,0.057160094,-0.03517867,0.06456819,0.009270944,0.95604354,-1.9878366,-0.25999734,0.9024507,-1.6726414,0.10745457,0.9027545,-1.7416269,0.12045406,0.99228954,-1.986082,0.033831187,0.9540425,-1.9785511,-0.24580352,0.9046145,-1.7012917,0.11118752,0.8755295,-1.7462009,0.13760209,0.98173594,-1.9667115
595,11.913092136383057,0.5,0.0,0.0,-0.35614949464797974,-0.35614949464797974,-0.35258799970149995,1.0,0,0.11922840774059296,0.17618240416049957,0.03576850891113281,0.052854716777801514,-0.12060903012752533,0.03384566679596901,1,0.05248987,0.0077479538,0.059085622,0.030379891,0.0121178925,-0.11922841,-0.006615813,-0.07736423,-0.013384288,0.020248568,-0.025734501,0.046565194,0.01405181,0.93035424,-1.9215271,-0.28555307,0.903445,-1.6688985,0.09490974,0.9107342,-1.7610472,0.11184958,0.99079084,-1.9796878,0.029798772,0.93267864,-1.9038014,-0.2764391,0.90708035,-1.704667,0.092925,0.8875249,-1.7650626,0.117924154,0.9830705,-1.9657183
596,11.933282852172852,0.5,0.0,0.0,-0.3552570939064026,-0.3552570939064026,-0.35170452296733856,1.0,0,0.1006537601351738,0.1820729374885559,0.03019613027572632,0.0546218641102314,-0.1280350387096405,0.041875582188367844,1,-0.036237475,-0.010683727,0.082694225,0.012299708,-0.016405473,-0.096679226,-0.10065376,-0.039598435,-0.037861295,-0.022041779,0.002135301,0.038659174,0.012253411,0.9142327,-1.8825779,-0.27530146,0.9100787,-1.6874474,0.076641135,0.9391615,-1.7809289,0.13489766,0.9880429,-1.9752345,0.0013821684,0.91102755,-1.8577696,-0.27161154,0.9051571,-1.7164512,0.046445005,0.927282,-1.7922872,0.12828512,0.98868346,-1.9636368
597,11.954181909561157,0.5,0.0,0.0,-0.3591630458831787,-0.3591630458831787,-0.35557141542434695,1.0,0,0.15232649445533752,0.23256485164165497,0.04569794982671738,0.069769486784935,-0.11900810152292252,0.04569295048713684,1,0.0030979416,-0.026505219,0.0024382577,0.07911115,-0.0149227595,-0.07753517,-0.1523265,-0.03818779,-0.056611285,-0.052944843,0.0745121,-0.068217784,-0.011461742,0.9072236,-1.824832,-0.26370147,0.90747,-1.7087796,0.05922655,0.93105805,-1.779934,0.16859302,0.9593786,-1.9381157,-0.01053236,0.899272,-1.8241005,-0.23996812,0.90299314,-1.7320402,0.0135286,0.91960174,-1.7969174,0.15270957,0.98173225,-1.9585811
598,11.974313020706177,0.5,0.0,0.0,-0.36080533266067505,-0.36080533266067505,-0.3571972793340683,1.0,0,0.09909205883741379,0.1924048215150833,0.029727619141340256,0.057721421122550964,-0.11062392592430115,0.043289728462696075,1,0.030627703,-0.02322417,0.0009473551,0.06537991,0.0024499102,-0.098198734,-0.09909206,-0.067469865,-0.046703994,-0.012570235,0.049879763,-0.049184266,-0.01929158,0.93370694,-1.837703,-0.23913804,0.89420646,-1.7326453,0.03486514,0.93320245,-1.7852176,0.16810176,0.94918454,-1.903891,-0.010103269,0.9267397,-1.8374188,-0.21952406,0.89494145,-1.7621049,0.005137522,0.9129615,-1.7992288,0.16433069,0.96414846,-1.9186462
599,11.994076251983643,0.5,0.0,0.0,-0.3569316565990448,-0.3569316565990448,-0.35336234003305433,1.0,0,0.12093640118837357,0.19790787994861603,0.03628087043762207,0.05937232822179794,-0.10940056294202805,0.04013703390955925,1,0.060059775,-0.0021698934,-0.010520694,0.08373291,0.015359738,-0.1209364,-0.07091421,-0.070534736,-0.028327405,0.0024984567,0.03624238,-0.03802706,-0.040492672,0.9355376,-1.8074471,-0.22785118,0.8845983,-1.7702254,0.01926013,0.94161093,-1.8054776,0.15538172,0.9393613,-1.8611603,-0.02247474,0.93488663,-1.8106033,-0.20273131,0.88920623,-1.8065063,-0.0020141322,0.9204505,-1.8139758,0.15613127,0.950234,-1.8725684
600,12.014498472213745,0.5,0.0,0.0,-0.3564198315143585,-0.3564198315143585,-0.3528556331992149,1.0,0,0.11984649300575256,0.19827549159526825,0.03595399856567383,0.05948268622159958,-0.11190403997898102,0.036388132721185684,1,0.041194618,-0.0014806048,0.005779456,0.07834242,0.008485605,-0.11984649,-0.08169425,-0.06810599,-0.035478197,-0.00024741888,0.045663666,-0.048492756,-0.06066719,0.9484822,-1.7790873,-0.2147951,0.8740317,-1.802535,0.004609555,0.94545424,-1.8451833,0.16031015,0.93092465,-1.816712,-0.048308805,0.94803804,-1.7773535,-0.19129238,0.8765774,-1.838489,-0.019898722,0.9250224,-1.8558267,0.16023593,0.94462377,-1.8312598
601,12.034330606460571,0.5,0.0,0.0,-0.3568945527076721,-0.3568945527076721,-0.3533256071805954,1.0,0,0.09644482284784317,0.18554870784282684,0.0289334487169981,0.05566460266709328,-0.11087143421173096,0.029352450743317604,1,0.03980155,-0.003612098,-0.0005191711,0.04342379,-0.0055485545,-0.087280825,-0.09644482,-0.067571834,-0.06744926,-0.014417226,0.05199792,-0.044360884,-0.08737765,0.96199226,-1.7667222,-0.20152138,0.8727642,-1.8387146,0.008782066,0.9301017,-1.8829652,0.1794088,0.9189123,-1.7623166,-0.07543719,0.96090865,-1.766878,-0.18849425,0.87109965,-1.8648988,-0.020151382,0.90983015,-1.9032,0.17508364,0.93451166,-1.7756249
602,12.054271697998047,0.5,0.0,0.0,-0.3571769595146179,-0.3571769595146179,-0.35360518991947176,1.0,0,0.07704788446426392,0.1710536777973175,0.023114366456866264,0.05131608992815018,-0.11188241839408875,0.017854532226920128,1,0.0515099,0.015980253,-0.00928039,0.04391457,0.012123934,-0.07402467,-0.077047884,-0.06712708,-0.05886603,-0.022969965,0.051039554,-0.0408556,-0.09149714,0.9772697,-1.7614771,-0.19543043,0.8694093,-1.8582714,0.0073153004,0.9141502,-1.9207742,0.1733122,0.89483434,-1.7250277,-0.07604417,0.9820638,-1.7642612,-0.18225606,0.8730465,-1.8804787,-0.015799066,0.89401203,-1.938434,0.1664212,0.91014624,-1.7372843
603,12.074235916137695,0.5,0.0,0.0,-0.3568108081817627,-0.3568108081817627,-0.3532427000999451,1.0,0,0.0810466781258583,0.17186766862869263,0.024314045906066895,0.05111169442534447,-0.11979285627603531,0.006649411283433437,1,0.059443466,0.030133877,0.0046926253,0.01972237,0.019698724,-0.08104668,-0.05746507,-0.07682415,-0.057768766,-0.029609745,0.048376057,-0.044395156,-0.097933,0.99402833,-1.7516779,-0.20157555,0.8797691,-1.8886107,0.0053862557,0.89508826,-1.9790324,0.14598796,0.87697726,-1.6963902,-0.08009996,1.0,-1.7502701,-0.19565883,0.8856787,-1.9129248,-0.0118532665,0.872041,-1.996363,0.13710503,0.8914901,-1.7097087
604,12.094425201416016,0.5,0.0,0.0,-0.35667043924331665,-0.35667043924331665,-0.3531037348508835,1.0,0,0.11764363944530487,0.20521201193332672,0.0352931022644043,0.05980844795703888,-0.13000847399234772,0.007773952558636665,1,0.04267998,0.049240626,0.02552855,0.0441537,0.024137175,-0.11764364,-0.05750494,-0.051592514,-0.014937779,-0.08018409,0.060065128,-0.067917705,-0.12530848,0.9977227,-1.6976147,-0.18984565,0.89302516,-1.9262756,-0.0032570437,0.8738446,-2.0278282,0.1416811,0.86793923,-1.682366,-0.11250449,1.0,-1.6899561,-0.17659955,0.9002663,-1.9615687,-0.020508526,0.85836685,-2.0323095,0.11762588,0.8859588,-1.7027414
605,12.113112688064575,0.5,0.0,0.0,-0.36338183283805847,-0.36338183283805847,-0.35974801450967786,1.0,0,0.11710149794816971,0.19514471292495728,0.03513050079345703,0.0647580698132515,-0.12635253369808197,0.013696162030100822,1,0.062269207,0.02366826,0.0042596175,0.057275694,0.01237052,-0.1171015,-0.04015321,-0.0384349,0.008168827,-0.058237653,0.07592465,-0.06455193,-0.11871345,1.0285778,-1.6967542,-0.18153375,0.9081932,-2.0076861,0.006954752,0.8390877,-2.05,0.1409201,0.9055087,-1.6813825,-0.10003269,1.0,-1.6954763,-0.16435105,0.91190434,-2.0428166,-0.0050912118,0.82755727,-2.0475492,0.123448804,0.9282861,-1.7007481
606,12.134390592575073,0.5,0.0,0.0,-0.3724820613861084,-0.3724820613861084,-0.3687572407722473,1.0,0,0.12893813848495483,0.2024378478527069,0.04237771034240723,0.07303373515605927,-0.09406828135251999,0.015409871004521847,1,0.102547295,-0.040858097,-0.06939388,0.04770296,0.013560879,-0.12893814,0.006156642,-0.04598889,0.02235505,0.024960317,0.039580755,-0.0073104505,-0.105477504,1.0423777,-1.713488,-0.18842971,0.90966064,-2.05,0.02348499,0.80839294,-2.0484707,0.15837963,0.9306202,-1.6659863,-0.07471331,1.0,-1.7343061,-0.17411882,0.9137289,-2.0886815,0.025331983,0.79459625,-2.0417643,0.16586773,0.9424944,-1.6681794
607,12.153914213180542,0.5,0.0,0.0,-0.3654405474662781,-0.3654405474662781,-0.3617861419916153,1.0,0,0.15100903809070587,0.2407054603099823,0.045302629470825195,0.08046136796474457,-0.06158982217311859,0.014347267337143421,1,0.11491363,-0.054356173,-0.09422815,0.05733705,0.008576223,-0.15100904,-0.0024521817,-0.050981432,0.03319196,0.054758336,-0.0053082947,0.0014641839,-0.1095201,1.0390568,-1.746049,-0.18736902,0.91067076,-2.05,0.02641362,0.7985575,-2.0390232,0.18545647,0.96849203,-1.643515,-0.07504601,1.0,-1.7743175,-0.17016791,0.91324365,-2.0953026,0.025677964,0.7832631,-2.0290656,0.20188397,0.9668995,-1.6430757
608,12.173839807510376,0.5,0.0,0.0,-0.3497399091720581,-0.3497399091720581,-0.3462425100803375,1.0,0,0.15699586272239685,0.30714550614356995,0.04805171489715576,0.1024947464466095,-0.04478409141302109,0.024035582318902016,1,0.15088391,-0.05718014,-0.06864216,0.09553657,-0.023836372,-0.15699586,0.047402658,-0.01783319,0.10848874,0.09851431,-0.04261657,0.05824001,-0.13543986,1.0480517,-1.7361748,-0.15414938,0.91811794,-2.05,0.027358115,0.7917124,-2.0230558,0.1923385,0.9966593,-1.642899,-0.09017468,1.0,-1.7567675,-0.12548842,0.91096705,-2.0970988,0.04157891,0.78636247,-1.9905092,0.22189279,0.9838743,-1.625427
609,12.194520711898804,0.5,0.0,0.0,-0.3481682538986206,-0.3481682538986206,-0.3446865713596344,1.0,0,0.1304149329662323,0.21686850488185883,0.05461013317108154,0.083992600440979,-0.043906211853027344,0.041557759046554565,1,0.085137665,-0.042214714,-0.012571396,0.08753858,-0.023525301,-0.13041493,-0.0025031827,0.00052008015,0.099645786,0.040568,-0.024624854,0.020759132,-0.15412517,1.0546101,-1.7157812,-0.12679072,0.9216822,-2.05,0.035504036,0.7861016,-2.0129158,0.19243158,1.0061377,-1.6515958,-0.12858386,1.0,-1.7195526,-0.10052914,0.9146246,-2.0891244,0.03475308,0.7862576,-1.9830221,0.20460199,0.99875027,-1.6453681
610,12.21849775314331,0.5,0.0,0.0,-0.36148878931999207,-0.36148878931999207,-0.35787390142679215,1.0,0,0.09704319387674332,0.19683873653411865,0.0548323392868042,0.07916782796382904,-0.049994662404060364,0.055388566106557846,1,0.015544649,-0.03110918,0.0071652546,0.085377246,-0.012806244,-0.081287734,-0.084939286,-0.033661555,0.032457877,-0.052386824,0.043135878,-0.097043194,-0.159456,1.0548323,-1.6931411,-0.11825958,0.9140357,-2.05,0.056586012,0.77412784,-2.0151477,0.17629933,0.9946681,-1.659141,-0.1547926,1.0,-1.6909915,-0.092646405,0.9101938,-2.0743864,0.031104226,0.7640294,-2.0054104,0.16058329,1.0,-1.6882539
611,12.235902786254883,0.5,0.0,0.0,-0.36592280864715576,-0.36592280864715576,-0.3622635805606842,1.0,0,0.06843411922454834,0.14957216382026672,0.05900073051452637,0.07312744110822678,-0.04130517318844795,0.05490360036492348,1,0.06682056,-0.04040436,-0.033392075,0.06843412,-0.013789568,-0.06711522,-0.021381915,-0.052535668,0.012228773,0.02892646,0.029248394,-0.02687997,-0.14734311,1.0590007,-1.7066184,-0.12305315,0.9065144,-2.05,0.072658,0.77998114,-1.9889193,0.17824161,0.98038936,-1.6340741,-0.12729694,1.0,-1.7166361,-0.10252291,0.90237755,-2.0701344,0.066243425,0.7642204,-1.9852506,0.18691956,0.9891639,-1.6421381
612,12.25771427154541,0.5,0.0,0.0,-0.36621296405792236,-0.36621296405792236,-0.36255083441734315,1.0,0,0.11074461042881012,0.20959718525409698,0.05913734436035156,0.08472460508346558,-0.020975515246391296,0.04749251529574394,1,0.11074461,-0.055050634,-0.072818585,0.079780504,-0.028427904,-0.08681556,-0.016310344,-0.062249895,-0.002379962,0.066742145,0.0020858524,0.0042270385,-0.14186771,1.0591373,-1.7210209,-0.12341395,0.8893159,-2.0101929,0.07330872,0.799811,-1.96658,0.18684885,0.9781578,-1.6180003,-0.10864433,1.0,-1.7428665,-0.099479795,0.88078755,-2.0362375,0.06841562,0.78113604,-1.967294,0.2068715,0.97878355,-1.6167321
613,12.27465033531189,0.5,0.0,0.0,-0.35993483662605286,-0.35993483662605286,-0.35633548825979233,1.0,0,0.09906484931707382,0.18876536190509796,0.07076609134674072,0.09017455577850342,-0.025593390688300133,0.04752136766910553,1,0.077356115,-0.027715793,-0.034456186,0.09080655,-0.012338829,-0.09906485,-0.039805107,-0.05927035,0.02048933,0.045771338,0.019468525,-0.038598076,-0.14705169,1.0707661,-1.7333899,-0.11232705,0.87804914,-1.9781241,0.06182745,0.81008154,-1.9646252,0.15586369,0.99553335,-1.6482551,-0.123844855,1.0,-1.7437267,-0.08508508,0.8743475,-2.0078435,0.049885917,0.79230046,-1.9584785,0.16959509,1.0,-1.6598345
614,12.298585653305054,0.5,0.0,0.0,-0.36853837966918945,-0.36853837966918945,-0.36485299587249753,1.0,0,0.10005737841129303,0.18471680581569672,0.08571302890777588,0.10222715884447098,-0.02686741203069687,0.056340835988521576,1,0.049860653,-0.035115212,-0.012681894,0.10005738,-0.027551424,-0.08578101,-0.06829178,-0.034886163,0.038021702,-0.0048474045,0.03386862,-0.060119253,-0.14431095,1.085713,-1.7021661,-0.093573116,0.85977185,-1.9589218,0.077444196,0.7972726,-1.9346073,0.1371552,1.015718,-1.6680154,-0.12935275,1.0,-1.7059706,-0.063555904,0.8515064,-1.9846561,0.05695666,0.78680676,-1.9232007,0.13570099,1.0,-1.6860511
615,12.314820766448975,0.5,0.0,0.0,-0.36792445182800293,-0.36792445182800293,-0.3642452073097229,1.0,0,0.08762098103761673,0.1607932448387146,0.12309873104095459,0.13668693602085114,-0.01546994037926197,0.06262426823377609,1,0.055755883,-0.03093717,-0.017948512,0.08762098,-0.023247901,-0.062585756,-0.059294753,-0.040926225,0.022143198,-0.0100168,0.03733812,-0.046432693,-0.12186967,1.1230987,-1.7205535,-0.09103182,0.8376575,-1.9170705,0.11004649,0.79292005,-1.8877267,0.13995653,1.0376129,-1.6709701,-0.10514291,1.0,-1.7259381,-0.06474552,0.8306831,-1.9358462,0.092258066,0.7806422,-1.8810837,0.13695149,1.0,-1.6848999
616,12.338544845581055,0.5,0.0,0.0,-0.369210422039032,-0.369210422039032,-0.36551831781864164,1.0,0,0.11690358817577362,0.2063487470149994,0.14187395572662354,0.16009610891342163,0.00012798773241229355,0.0672987774014473,1,0.11690359,-0.03523671,-0.043105975,0.07387011,-0.012513884,-0.09784753,0.002678221,-0.062006474,0.030326046,0.076464675,-0.0015211579,0.0022963495,-0.10251963,1.141874,-1.7743821,-0.12020734,0.82622296,-1.8595301,0.119282,0.8164691,-1.8534988,0.12597251,1.0422175,-1.694446,-0.06744856,1.0,-1.7873139,-0.0980463,0.8224688,-1.8888843,0.12008546,0.7978671,-1.844401,0.14891191,1.0,-1.693757
617,12.352298974990845,0.5,0.0,0.0,-0.3695630431175232,-0.3695630431175232,-0.365867412686348,1.0,0,0.07795414328575134,0.15289977192878723,0.13678598403930664,0.15296638011932373,0.00043139528133906424,0.07002932578325272,1,0.044150915,-0.031107519,-0.0040890705,0.07795414,-0.028428873,-0.048372883,-0.064577624,-0.05436919,0.014421842,0.0062391795,0.037263934,-0.049576808,-0.093019634,1.136786,-1.8255333,-0.1284442,0.8195854,-1.7853765,0.11847682,0.849876,-1.7952293,0.10379205,1.0528803,-1.7318674,-0.07977436,1.0,-1.8267599,-0.105057955,0.81105673,-1.7998884,0.09910353,0.83356524,-1.7909027,0.105663806,1.0,-1.7467405
618,12.37628984451294,0.5,0.0,0.0,-0.35049641132354736,-0.35049641132354736,-0.3469914472103119,1.0,0,0.08436387777328491,0.179533913731575,0.13195133209228516,0.15522730350494385,-0.009166528470814228,0.0732792392373085,1,0.012332635,-0.03621496,0.024444047,0.071630776,-0.06648451,-0.046267908,-0.08436388,-0.04023948,0.008004541,0.06892351,-0.04054001,0.05731426,-0.086297914,1.1319513,-1.8845842,-0.11881183,0.82855713,-1.757692,0.10646355,0.89373195,-1.8147345,0.08148713,1.0636349,-1.7831444,-0.08259812,1.0,-1.877251,-0.0973226,0.80861175,-1.7715724,0.08115439,0.8816601,-1.8123331,0.10216418,1.0,-1.7659501
619,12.394771814346313,0.5,0.0,0.0,-0.35244637727737427,-0.35244637727737427,-0.3489219135046005,1.0,0,0.09511550515890121,0.1974918246269226,0.11526298522949219,0.14025159180164337,-0.013725879602134228,0.06873994320631027,1,0.019018797,-0.035642713,0.020967947,0.059819493,-0.066282585,-0.03621619,-0.07321796,-0.06095653,-0.021839188,0.095115505,-0.045461442,0.08355036,-0.062517345,1.115263,-1.9437156,-0.1178395,0.8099518,-1.7017353,0.10060085,0.92544454,-1.8074025,0.08650438,1.0563474,-1.8318127,-0.056811705,1.0,-1.9374251,-0.09989365,0.790067,-1.7126001,0.07863547,0.9071576,-1.8139542,0.11503903,1.0,-1.8067477
620,12.418363809585571,0.5,0.0,0.0,-0.33975017070770264,-0.33975017070770264,-0.3363526690006256,1.0,0,0.13942882418632507,0.26170453429222107,0.10829710960388184,0.13450098037719727,-0.0030253995209932327,0.05895182117819786,1,0.10484075,-0.041662224,-0.018754695,0.10268509,-0.041689925,-0.044428993,0.039334115,-0.07981597,0.00935865,0.13942882,-0.055335954,0.103180334,-0.029200919,1.1082971,-1.9865202,-0.1689615,0.8421457,-1.6533073,0.13637316,0.9070954,-1.7950174,0.08253433,1.0251001,-1.8250477,0.0022513084,1.0,-1.9921466,-0.13815597,0.8296387,-1.666636,0.14817339,0.8831506,-1.7922097,0.124362975,1.0,-1.7940936
621,12.43486213684082,0.5,0.0,0.0,-0.3381539583206177,-0.3381539583206177,-0.3347724187374115,1.0,0,0.08090252429246902,0.1775578409433365,0.10568106174468994,0.1180446669459343,0.00451941043138504,0.05729356035590172,1,0.080902524,-0.02815787,0.008006499,0.05319479,-0.040753104,-0.052434556,0.015947277,-0.07556475,-0.009305821,0.0632311,-0.0475993,0.067601085,-0.0001783222,1.1056811,-2.0234284,-0.1599406,0.86146945,-1.6687521,0.1499558,0.9139811,-1.8033508,0.083453156,1.0125613,-1.8535954,0.024092436,1.0,-2.0210264,-0.14398216,0.8492435,-1.6844825,0.15473998,0.89131165,-1.8061426,0.10242249,0.99828154,-1.833315
622,12.454806327819824,0.5,0.0,0.0,-0.3423791825771332,-0.3423791825771332,-0.33895539075136183,1.0,0,0.08954710513353348,0.18337349593639374,0.03291010856628418,0.06408841907978058,-0.0025865091010928154,0.05798472836613655,1,0.07998313,0.004810423,0.036786083,0.042870462,-0.0137162125,-0.089547105,0.032022193,-0.06757254,0.012884945,0.06207721,-0.051367808,0.059647,-0.0068273693,1.0329101,-2.036069,-0.17645174,0.8721058,-1.6640276,0.1599211,0.91575783,-1.7886062,0.0855061,0.9946159,-1.8801005,0.01716757,1.0,-2.025033,-0.16359061,0.8679909,-1.6908917,0.16952775,0.89548606,-1.7847407,0.10412926,0.97920555,-1.8622063
623,12.476251363754272,0.5,0.0,0.0,-0.3445793688297272,-0.3445793688297272,-0.3411335751414299,1.0,0,0.11138559132814407,0.21878518164157867,0.03341567516326904,0.0656355544924736,-0.001900073722936213,0.05868525803089142,1,0.104624406,-0.019739289,-0.0045272964,0.049848143,-0.034366287,-0.11138559,0.0040872027,-0.06605092,0.013138115,0.07839059,-0.048257716,0.08609293,-0.02378925,0.9777271,-2.05,-0.16243573,0.8991048,-1.6708479,0.1719073,0.95932114,-1.7858084,0.10425676,0.99288136,-1.8999574,0.0075980723,0.97180533,-2.0513582,-0.14748128,0.8887949,-1.7042636,0.17313346,0.9395059,-1.781867,0.12777394,0.97840405,-1.8741295
624,12.493865013122559,0.5,0.0,0.0,-0.34469231963157654,-0.34469231963157654,-0.34124539643526075,1.0,0,0.10717421770095825,0.23243848979473114,0.032152265310287476,0.06973154842853546,0.0017176134278997779,0.05382659286260605,1,0.10717422,-0.04140177,-0.0037444576,0.048639573,-0.034678973,-0.08230068,0.0050030323,-0.09287149,-0.013885906,0.104711466,-0.05421794,0.087888174,-0.013087839,0.99168915,-2.05,-0.14618155,0.9114008,-1.6778138,0.17349882,0.96301615,-1.7966204,0.111919284,0.9846721,-1.8991035,0.019064426,0.9792686,-2.0511234,-0.13158968,0.9009971,-1.7025039,0.17499973,0.9351547,-1.8007861,0.14333272,0.96840674,-1.872737
625,12.51676344871521,0.5,0.0,0.0,-0.34191808104515076,-0.34191808104515076,-0.33849890023469925,1.0,0,0.1296345740556717,0.270640105009079,0.03889037296175957,0.0840594470500946,0.003727441653609276,0.04235849529504776,1,0.12963457,-0.041109238,-0.012879041,0.059256826,-0.032436404,-0.09479865,0.03304747,-0.11385779,-0.021721503,0.11521135,-0.06983176,0.09141737,-0.0008208379,1.0250188,-2.05,-0.13397232,0.90733904,-1.6817048,0.1721443,0.958397,-1.8028499,0.10070043,0.9610349,-1.8896359,0.038069535,1.0,-2.0538638,-0.11619527,0.8976081,-1.7101444,0.18205854,0.92423964,-1.8093663,0.13526383,0.94008535,-1.8622108
626,12.534646987915039,0.5,0.0,0.0,-0.3411157727241516,-0.3411157727241516,-0.33770461499691007,1.0,0,0.12462999671697617,0.25926730036735535,0.03738899901509285,0.08243966102600098,0.007857847027480602,0.03417659178376198,1,0.12463,-0.04280716,-0.016184099,0.05943429,-0.03776533,-0.106725104,0.027326271,-0.10208885,-0.011313217,0.10571608,-0.060427174,0.08437667,-0.0022020787,1.0301903,-2.05,-0.11834215,0.89967966,-1.6877517,0.16841292,0.95421636,-1.8044274,0.104785785,0.93960893,-1.8691752,0.03518692,1.0,-2.054855,-0.10051186,0.88835007,-1.7197692,0.1766108,0.9235897,-1.8078214,0.13650061,0.9214808,-1.8438622
627,12.556682825088501,0.5,0.0,0.0,-0.340861439704895,-0.340861439704895,-0.3374528253078461,1.0,0,0.11553210765123367,0.24855957925319672,0.034659624099731445,0.07545457780361176,0.015426886267960072,0.028947720304131508,1,0.108752556,-0.047449518,-0.0146357315,0.064480305,-0.0489662,-0.11553211,0.017719029,-0.075008266,0.0018733653,0.11304213,-0.04179834,0.0843604,-0.013894044,1.0183209,-2.0492694,-0.09530843,0.90430987,-1.7053419,0.16521254,0.96095055,-1.7937348,0.12083275,0.93369544,-1.8316776,0.018731724,1.0,-2.0536602,-0.07596434,0.88962,-1.7400016,0.17052825,0.9384481,-1.7931728,0.15474539,0.9211559,-1.8063694
628,12.574632406234741,0.5,0.0,0.0,-0.34026390314102173,-0.34026390314102173,-0.33686126410961154,1.0,0,0.12045807391405106,0.20662449300289154,0.03613746166229248,0.06198738142848015,0.013430079445242882,0.03219275549054146,1,0.08133868,-0.029949056,0.0043350267,0.07543255,-0.032568887,-0.120458074,-0.00076590886,-0.04860448,0.032709524,0.08229473,-0.02279568,0.056356438,-0.03838961,0.9843304,-2.018115,-0.09940431,0.9255526,-1.7220368,0.15135597,0.9898095,-1.7673988,0.14282797,0.9337717,-1.8248764,-0.013988003,0.9753457,-2.0168145,-0.07677455,0.9157819,-1.7581743,0.15112619,0.9752282,-1.757586,0.1675164,0.92693305,-1.8079695
629,12.598016023635864,0.5,0.0,0.0,-0.33732905983924866,-0.33732905983924866,-0.3339557692408562,1.0,0,0.10874632000923157,0.16784952580928802,0.032623887062072754,0.05035482719540596,0.0024118819274008274,0.03767647594213486,1,0.0398769,-0.031177936,0.028105747,0.059261248,-0.030401593,-0.10874632,-0.049959876,-0.050484832,0.016451817,0.041188095,-0.03031529,0.025070703,-0.045150883,0.97618467,-1.9781756,-0.09359846,0.9322148,-1.7492379,0.13047199,1.0141852,-1.7789083,0.14246152,0.9439549,-1.8200206,-0.033187814,0.96683127,-1.969744,-0.07582009,0.92309433,-1.7818618,0.11548403,0.99903977,-1.7739727,0.15481795,0.9348603,-1.8124994
630,12.614665508270264,0.5,0.0,0.0,-0.3421133756637573,-0.3421133756637573,-0.3386922419071198,1.0,0,0.08523248881101608,0.17671607434749603,0.025569796562194824,0.0535874105989933,-0.004956274759024382,0.03552456572651863,1,0.055171262,-0.039316766,0.010013136,0.04206549,-0.040700257,-0.08523249,-0.046003312,-0.06758178,-0.013822356,0.07263675,-0.04226226,0.04371705,-0.0422052,0.9717468,-1.9357455,-0.08817433,0.9299424,-1.7606574,0.10632426,1.0217277,-1.8209493,0.15266293,0.9401372,-1.7908804,-0.02565382,0.95995176,-1.9327415,-0.075554684,0.91773236,-1.7862272,0.09252327,1.0,-1.825096,0.17445396,0.9274585,-1.7777653
631,12.637512683868408,0.5,0.0,0.0,-0.347478449344635,-0.347478449344635,-0.34400366485118866,1.0,0,0.07252627611160278,0.161604106426239,0.021757841110229492,0.04848121106624603,-0.006741190329194069,0.030249159783124924,1,0.04825661,-0.041442763,0.0058929427,0.031656392,-0.047518495,-0.072526276,-0.041976247,-0.06482149,-0.014112453,0.06428654,-0.03210481,0.046779174,-0.055584677,0.9607684,-1.8908012,-0.07553159,0.9211265,-1.7700353,0.084757626,1.0122627,-1.8708448,0.16805631,0.94697076,-1.7554809,-0.04110769,0.9483356,-1.8890333,-0.06603467,0.90687096,-1.7917931,0.07216475,0.99281627,-1.8750786,0.18734227,0.9373393,-1.7414471
632,12.657813549041748,0.5,0.0,0.0,-0.3416329026222229,-0.3416329026222229,-0.33821657359600066,1.0,0,0.10169427841901779,0.179959237575531,0.03050827980041504,0.053987767547369,-0.006609942298382521,0.03500561788678169,1,0.056575876,-0.030445298,0.010311825,0.06317397,-0.045073252,-0.10169428,-0.014185939,-0.04505512,0.028157735,0.07756741,-0.0248974,0.046112098,-0.10590628,0.96462595,-1.8494271,-0.07416697,0.9323501,-1.8265618,0.071804926,0.9937383,-1.8890995,0.19750074,0.972417,-1.7205058,-0.08893351,0.9554924,-1.8463335,-0.055214778,0.9188281,-1.8570701,0.06754915,0.98022175,-1.8806522,0.22077096,0.96494776,-1.7066722
633,12.674569845199585,0.5,0.0,0.0,-0.34685373306274414,-0.34685373306274414,-0.3433851957321167,1.0,0,0.11221000552177429,0.17498038709163666,0.033663034439086914,0.05249416083097458,-0.0035046327393501997,0.044507406651973724,1,0.062427122,-0.009902375,0.0117659895,0.07226866,-0.02749492,-0.112210006,-0.02053938,-0.015088104,0.06660802,0.027199956,-0.015935205,0.04283414,-0.11990282,0.96396655,-1.8250018,-0.08811024,0.955196,-1.909717,0.07318865,0.97073334,-1.8761221,0.21404926,0.99443984,-1.6921284,-0.10117468,0.96099585,-1.821472,-0.066429645,0.9469476,-1.94338,0.06702683,0.9662069,-1.8561397,0.22220924,0.98965925,-1.6792781
634,12.698282957077026,0.5,0.0,0.0,-0.35569310188293457,-0.35569310188293457,-0.3521361708641052,1.0,0,0.1254778504371643,0.20549586415290833,0.03764331340789795,0.06164873018860817,-0.006062596570700407,0.059798918664455414,1,0.06483477,0.011488621,-0.004247578,0.08855951,0.01190631,-0.12547785,-0.06694696,-0.050240636,0.045758013,-0.03475094,0.010237149,-0.06110234,-0.12391777,0.96601546,-1.7831283,-0.10027052,0.96339893,-1.9401054,0.0789957,0.9546385,-1.8979949,0.21260178,0.98901075,-1.6898634,-0.10446734,0.96946204,-1.7844025,-0.07370266,0.9669708,-1.9777488,0.058911607,0.9395663,-1.8842674,0.2021765,0.9920819,-1.7081941
635,12.714522361755371,0.5,0.0,0.0,-0.35280537605285645,-0.35280537605285645,-0.3492773222923279,1.0,0,0.10401284694671631,0.17712028324604034,0.031203866004943848,0.053136084228754044,-0.014078508131206036,0.05761438608169556,1,0.07039366,-0.008344083,-0.009438779,0.06889768,0.0071241283,-0.10401285,-0.057095498,-0.07675128,-0.0063620275,0.014206965,-0.0040282034,-0.035101328,-0.1284474,0.99056345,-1.7839539,-0.10435318,0.9727697,-1.960977,0.07121914,0.9471812,-2.0116484,0.2009694,0.98037684,-1.677146,-0.1073293,0.98806024,-1.7867855,-0.08368388,0.9749069,-1.9921808,0.05409049,0.92415583,-2.013557,0.20523149,0.97916836,-1.6876763
636,12.734487533569336,0.5,0.0,0.0,-0.3602801561355591,-0.3602801561355591,-0.35667735457420346,1.0,0,0.08626331388950348,0.17240232229232788,0.025878965854644775,0.05172070488333702,-0.01399198267608881,0.04889471083879471,1,0.0789001,-0.016885592,-0.027396392,0.045336127,-0.016948745,-0.058246102,-0.08047928,-0.086263314,-0.048240956,-0.001217661,-0.0026501543,-0.021735886,-0.121350795,0.9974929,-1.774058,-0.10801614,0.9718118,-1.9932928,0.055723958,0.91872007,-2.05,0.1907928,0.9732805,-1.6716367,-0.09768076,0.99242723,-1.7822769,-0.0944153,0.96672714,-2.0107667,0.031580172,0.8928411,-2.0644722,0.1904275,0.9724854,-1.6781574
637,12.754688739776611,0.5,0.0,0.0,-0.355198472738266,-0.355198472738266,-0.35164648801088333,1.0,0,0.06971299648284912,0.1456385850906372,0.020913898944854736,0.04371156543493271,-0.016104936599731445,0.04485148563981056,1,0.027081784,-0.0035241258,-0.009764577,0.040807575,-0.0297047,-0.05620441,-0.069713,-0.057889447,-0.0121287,-0.048520904,0.029120719,-0.055698782,-0.1252329,1.0016913,-1.7739114,-0.11700913,0.96986353,-2.0101457,0.062057827,0.9162452,-2.05,0.18935128,0.9703668,-1.6659935,-0.11710837,1.0,-1.7768407,-0.10476686,0.9609521,-2.027007,0.041143928,0.8988784,-2.0536385,0.174795,0.97910297,-1.6827031
638,12.775839805603027,0.5,0.0,0.0,-0.34378886222839355,-0.34378886222839355,-0.3403509736061096,1.0,0,0.10161638259887695,0.1634942889213562,0.030484914779663086,0.049454934895038605,-0.028853824362158775,0.04469684511423111,1,0.027992422,-0.0053691887,-0.009682637,0.070997536,-0.007837637,-0.10161638,-0.051911764,-0.045127,0.024976809,-0.029991787,0.024280472,-0.05959939,-0.15279959,1.0065306,-1.766337,-0.1227188,0.9638959,-2.0057836,0.060042955,0.898698,-2.05,0.17524558,0.9691944,-1.6843922,-0.14440186,1.0,-1.7692418,-0.10141954,0.96154463,-2.0362685,0.044469424,0.88515985,-2.042507,0.16624805,0.9764786,-1.702272
639,12.793843269348145,0.5,0.0,0.0,-0.34950196743011475,-0.34950196743011475,-0.3460069477558136,1.0,0,0.08814918249845505,0.16799618303775787,0.026444673538208008,0.050690390169620514,-0.03599204123020172,0.04193464294075966,1,0.031600114,-0.04335415,-0.017022956,0.083214775,-0.014154123,-0.08814918,-0.06184857,-0.056128677,-0.0013232982,0.02565837,0.017743101,-0.04699871,-0.16634887,1.0140939,-1.7652953,-0.12401492,0.95296794,-2.0099335,0.03611377,0.87098086,-2.05,0.18001772,0.99010134,-1.6906409,-0.15686885,1.0,-1.7704022,-0.09905049,0.9487217,-2.0363781,0.017559197,0.85414225,-2.050397,0.18771523,0.9954243,-1.7047405
640,12.813883304595947,0.5,0.0,0.0,-0.35605281591415405,-0.35605281591415405,-0.3524922877550125,1.0,0,0.0914979800581932,0.17753948271274567,0.02744939923286438,0.05753391236066818,-0.03380366414785385,0.03716985136270523,1,0.044764943,-0.05557006,-0.033034857,0.09149798,-0.028413355,-0.079885475,-0.05815564,-0.053367157,-0.00018116085,0.034196787,0.025758889,-0.041388918,-0.16276276,1.0259024,-1.7624131,-0.12334962,0.94045043,-2.0206568,0.024082035,0.85170466,-2.05,0.19423133,1.0118335,-1.6820472,-0.14933328,1.0,-1.7723236,-0.09590022,0.9319264,-2.0446224,0.006635342,0.8356945,-2.0500543,0.20449036,1.0,-1.694464
641,12.834506034851074,0.5,0.0,0.0,-0.35902899503707886,-0.35902899503707886,-0.35543870508670805,1.0,0,0.09610141068696976,0.1838768571615219,0.028830423951148987,0.06206582486629486,-0.02817535027861595,0.035995930433273315,1,0.048154086,-0.049700342,-0.033522397,0.09610141,-0.030492269,-0.08973771,-0.054170538,-0.044674184,0.016532153,0.032088224,0.034525502,-0.0474835,-0.16081423,1.0270231,-1.7656893,-0.12929815,0.92196554,-2.0048075,0.03411167,0.85072243,-2.03312,0.20235163,1.0202127,-1.67057,-0.146368,1.0,-1.775746,-0.10046773,0.91281784,-2.0317287,0.01786051,0.83732015,-2.0281603,0.2119781,1.0,-1.684815
642,12.853902339935303,0.5,0.0,0.0,-0.3561803102493286,-0.3561803102493286,-0.35261850714683535,1.0,0,0.10076131671667099,0.18635831773281097,0.03888881206512451,0.07070638984441757,-0.029488731175661087,0.03854948282241821,1,0.03877154,-0.038509216,-0.020805648,0.10076132,-0.02248153,-0.10056585,-0.057720438,-0.043001596,0.024487011,0.017561153,0.031213848,-0.058953404,-0.17139407,1.0388888,-1.7599387,-0.12174794,0.9037458,-1.9806278,0.051605448,0.8502216,-2.0118098,0.18203738,1.0241363,-1.6865933,-0.1597626,1.0,-1.7661804,-0.09151954,0.8970013,-2.0107975,0.034289315,0.8373211,-2.0044637,0.18730573,1.0,-1.7042793
643,12.874061346054077,0.5,0.0,0.0,-0.3599932789802551,-0.3599932789802551,-0.3563933461904526,1.0,0,0.09499374777078629,0.1849665492773056,0.05089104175567627,0.07975763082504272,-0.032668933272361755,0.041082341223955154,1,0.041028958,-0.048557624,-0.021150641,0.0899288,-0.031318467,-0.09499375,-0.06931741,-0.04841533,0.008966851,0.028907333,0.02449899,-0.054470416,-0.17156243,1.050891,-1.7603841,-0.113839895,0.8835556,-1.9562232,0.053553596,0.8485443,-2.000451,0.16734841,1.0309591,-1.7016943,-0.15925375,1.0,-1.7667292,-0.08686125,0.87416005,-1.9847214,0.032758374,0.8340197,-1.997761,0.17602062,1.0,-1.7180353
644,12.896014928817749,0.5,0.0,0.0,-0.3648222088813782,-0.3648222088813782,-0.3611739867925644,1.0,0,0.09376609325408936,0.18677198886871338,0.0658484697341919,0.0948578342795372,-0.02827492170035839,0.040318574756383896,1,0.047080316,-0.0569116,-0.027353933,0.09376609,-0.038440846,-0.07962939,-0.07578787,-0.04985401,-0.005343174,0.036240038,0.026072055,-0.04264464,-0.16267502,1.0658485,-1.7663693,-0.10613764,0.8600362,-1.9277695,0.060142174,0.8403782,-1.9630373,0.15579446,1.0433028,-1.7052026,-0.14855093,1.0,-1.7745755,-0.07800781,0.84850395,-1.9516584,0.03740581,0.82542205,-1.9646403,0.16666646,1.0,-1.717996
645,12.914687395095825,0.5,0.0,0.0,-0.36439913511276245,-0.36439913511276245,-0.3607551437616348,1.0,0,0.09438745677471161,0.18624350428581238,0.08765625953674316,0.11782611906528473,-0.024382196366786957,0.04072277992963791,1,0.055324975,-0.05036992,-0.027030643,0.09438746,-0.03453119,-0.08827453,-0.059437666,-0.051343907,0.007479568,0.04176086,0.027696421,-0.04157138,-0.15196912,1.0876563,-1.7948068,-0.11128302,0.8379016,-1.8813485,0.0766512,0.8485549,-1.9171653,0.14011556,1.0580944,-1.7146931,-0.13537163,1.0,-1.802916,-0.08296678,0.82754225,-1.9078308,0.058819897,0.83315176,-1.9149214,0.15264381,1.0,-1.7271645
646,12.935216665267944,0.5,0.0,0.0,-0.36270248889923096,-0.36270248889923096,-0.35907546401023865,1.0,0,0.10727262496948242,0.20205099880695343,0.1039438247680664,0.13941548764705658,-0.024214791133999825,0.04353371635079384,1,0.05581498,-0.05267926,-0.017810436,0.09677562,-0.036978923,-0.107272625,-0.06843923,-0.056138564,0.009933557,0.045480195,0.017341703,-0.045533225,-0.13812077,1.1039438,-1.8331009,-0.114939734,0.8351908,-1.8325672,0.08986561,0.8655009,-1.8851907,0.11130744,1.0723531,-1.7494287,-0.121376276,1.0,-1.838444,-0.08590705,0.8240971,-1.864749,0.06933384,0.84865934,-1.8822106,0.124951504,1.0,-1.7630887
647,12.95631456375122,0.5,0.0,0.0,-0.365004301071167,-0.365004301071167,-0.36135425806045535,1.0,0,0.09632605314254761,0.20229220390319824,0.10576677322387695,0.14453448355197906,-0.024359291419386864,0.046891406178474426,1,0.04706472,-0.05818008,-0.012770855,0.093489215,-0.04185031,-0.09632605,-0.08386364,-0.057391148,0.0027975296,0.055244595,0.01715491,-0.041324385,-0.11770673,1.1057668,-1.8776134,-0.12375115,0.8360527,-1.7824663,0.092837855,0.8895623,-1.8487462,0.08643307,1.0796978,-1.7928253,-0.103587314,1.0,-1.8814447,-0.095704384,0.8234976,-1.811364,0.067678764,0.872345,-1.847907,0.103006445,1.0,-1.8052226
648,12.974440813064575,0.5,0.0,0.0,-0.3615846633911133,-0.3615846633911133,-0.35796881675720216,1.0,0,0.10945946723222733,0.18733379244804382,0.09668302536010742,0.1364865005016327,-0.02988353557884693,0.049148380756378174,1,-0.008525558,-0.049937956,0.012620093,0.081233814,-0.033537734,-0.06325323,-0.10945947,-0.059840426,-0.0055429563,0.016637707,0.034551807,-0.059832256,-0.09133385,1.096683,-1.9331582,-0.13456747,0.84458447,-1.7325612,0.099650875,0.91675615,-1.8038327,0.079325706,1.0803392,-1.8331141,-0.09389152,1.0,-1.9293721,-0.11019732,0.83452314,-1.7515372,0.06681304,0.898804,-1.8054955,0.08431702,1.0,-1.8510638
649,12.996201515197754,0.5,0.0,0.0,-0.3486250042915344,-0.3486250042915344,-0.34513875424861906,1.0,0,0.09245473146438599,0.18044614791870117,0.07708537578582764,0.12009526044130325,-0.03400452062487602,0.05623910576105118,1,0.057347678,-0.02467929,0.0033795617,0.071320884,-0.043503918,-0.09245473,-0.032520674,-0.033716515,0.036747452,0.07158574,-0.027663024,0.0607445,-0.062354445,1.0770854,-1.9693272,-0.16159274,0.8716397,-1.7019476,0.10333162,0.9416133,-1.8046228,0.06970093,1.0753255,-1.8807149,-0.045150142,1.0,-1.9683133,-0.14019647,0.8585886,-1.729684,0.09357542,0.93149835,-1.7935985,0.091176644,1.0,-1.8624915
650,13.014493227005005,0.5,0.0,0.0,-0.3482499122619629,-0.3482499122619629,-0.3447674131393433,1.0,0,0.10048352181911469,0.188374325633049,0.09000015258789062,0.12658797204494476,-0.032740574330091476,0.06055862456560135,1,0.08329392,-0.007068342,0.0062811794,0.062753476,-0.027372396,-0.10048352,0.0034365207,-0.056028116,0.024612388,0.057176944,-0.04012324,0.070976086,-0.036839202,1.0900002,-2.0035193,-0.17696938,0.89614034,-1.69865,0.12653267,0.94279355,-1.8109682,0.06598481,1.0698587,-1.9100405,-0.011851024,1.0,-2.0016348,-0.15814334,0.8879286,-1.728795,0.12756363,0.9259851,-1.8035845,0.08313789,1.0,-1.8887477
651,13.040243148803711,0.5,0.0,0.0,-0.34119701385498047,-0.34119701385498047,-0.33778504371643064,1.0,0,0.11341463029384613,0.23923076689243317,0.09860944747924805,0.12347401678562164,-0.03439093008637428,0.05720134451985359,1,0.082675666,-0.01941619,0.030967157,0.05455961,-0.024258997,-0.0895398,0.057380814,-0.09918171,-0.0070079113,0.11341463,-0.068039514,0.082502015,-0.01796797,1.0986094,-2.0394123,-0.1810896,0.8990216,-1.69268,0.13669176,0.92623943,-1.8170122,0.059060566,1.0286664,-1.9217805,0.0068347324,1.0,-2.030122,-0.16472171,0.8917439,-1.7195419,0.153906,0.8964849,-1.8191146,0.09308496,1.0,-1.8970299
652,13.052733898162842,0.5,0.0,0.0,-0.3409695327281952,-0.3409695327281952,-0.3375598374009132,1.0,0,0.11241555213928223,0.24127012491226196,0.07312130928039551,0.10214703530073166,-0.029643462970852852,0.052096594125032425,1,0.08288023,-0.04105865,0.019723695,0.042489834,-0.028656846,-0.079976775,0.051753316,-0.09509448,-0.023107491,0.11241555,-0.06883384,0.10302302,-0.016221367,1.0731213,-2.05,-0.17946252,0.8937118,-1.6951979,0.14864749,0.91343474,-1.8138262,0.08724404,0.9719548,-1.910674,0.008642703,1.0,-2.0440829,-0.16671558,0.8851147,-1.719191,0.16417348,0.8849064,-1.8207585,0.12096871,0.9513047,-1.8797671
653,13.078691720962524,0.5,0.0,0.0,-0.3428739905357361,-0.3428739905357361,-0.3394452506303787,1.0,0,0.12792888283729553,0.26494234800338745,0.05666518211364746,0.09699428081512451,-0.023637499660253525,0.043948836624622345,1,0.12792888,-0.036599148,-0.012123146,0.068604164,-0.017419163,-0.10433344,0.058639124,-0.09156778,0.0054844017,0.10770719,-0.06351233,0.09465106,0.0012706667,1.0566652,-2.05,-0.17682141,0.8931077,-1.6940217,0.14983454,0.91127765,-1.8038398,0.09205864,0.9647135,-1.9117107,0.039649334,1.0,-2.0536368,-0.15624017,0.88788193,-1.7253218,0.16742629,0.8838073,-1.8021945,0.1243708,0.9456598,-1.8833154
654,13.092627048492432,0.5,0.0,0.0,-0.3457708954811096,-0.3457708954811096,-0.3423131865262985,1.0,0,0.11205364763736725,0.1996271163225174,0.033616065979003906,0.0598880872130394,-0.02474759891629219,0.04460114240646362,1,0.077379875,-0.02962777,0.013250674,0.044301346,-0.024900077,-0.11205365,0.015653772,-0.068027675,0.0019538156,0.07489766,-0.040628023,0.07439353,0.008187585,0.9981663,-2.05,-0.18061125,0.9053498,-1.7008585,0.14641714,0.93738246,-1.796944,0.09642485,0.9850475,-1.9398062,0.03140155,0.989278,-2.0460248,-0.16732085,0.8978798,-1.7344745,0.15111327,0.9169742,-1.7963579,0.118894145,0.9728591,-1.9174882
655,13.1141836643219,0.5,0.0,0.0,-0.34763139486312866,-0.34763139486312866,-0.34415508091449737,1.0,0,0.08111681044101715,0.17117685079574585,0.024335026741027832,0.051353055983781815,-0.029538733884692192,0.04330209642648697,1,0.036168326,-0.046777885,0.020011446,0.04637067,-0.030133035,-0.08111681,-0.024247488,-0.06448113,-0.01078072,0.07706288,-0.027842889,0.06473536,0.00030287355,0.9960149,-2.0450485,-0.17040184,0.89891547,-1.7090777,0.14100468,0.9443982,-1.7981766,0.101371326,0.9761776,-1.930228,0.011153372,0.9819815,-2.039045,-0.15649064,0.88987553,-1.7334127,0.13373044,0.9250539,-1.8014109,0.12449019,0.9678247,-1.9108074
656,13.134675025939941,0.5,0.0,0.0,-0.34800052642822266,-0.34800052642822266,-0.34452052116394044,1.0,0,0.08321584761142731,0.17435574531555176,0.024964749813079834,0.05230674147605896,-0.026413215324282646,0.03914622589945793,1,0.03653135,-0.06205212,0.0123750325,0.03866387,-0.038051937,-0.06995545,-0.035985466,-0.05517567,-0.018923204,0.08321585,-0.026711341,0.06992423,0.00044691563,1.0029763,-2.0297198,-0.16467065,0.8970822,-1.7063277,0.11188983,0.9537071,-1.7902172,0.13231824,0.9559802,-1.9124907,0.011406321,0.98436064,-2.0260074,-0.15307148,0.8856666,-1.7273144,0.101094194,0.9371544,-1.7958941,0.157283,0.94796675,-1.8915135
657,13.154659509658813,0.5,0.0,0.0,-0.3447640538215637,-0.3447640538215637,-0.3413164132833481,1.0,0,0.09388629347085953,0.17585958540439606,0.02816593647003174,0.05275788530707359,-0.024609563872218132,0.03935365006327629,1,0.04727851,-0.04598517,0.017633157,0.0578969,-0.029995121,-0.09388629,-0.004533326,-0.052235346,0.0062118033,0.077665485,-0.025342537,0.061135426,-0.0049200356,1.008716,-2.0027363,-0.16038948,0.90180576,-1.7154677,0.09907475,0.951262,-1.7825179,0.13935001,0.95747375,-1.9116045,0.009263517,0.99492043,-1.9974464,-0.1430204,0.89280725,-1.7436336,0.09771475,0.9355914,-1.7806543,0.16264966,0.949871,-1.8932639
658,13.174522876739502,0.5,0.0,0.0,-0.3458904027938843,-0.3458904027938843,-0.3424314987659454,1.0,0,0.10487236082553864,0.15646132826805115,0.03146171569824219,0.04693838953971863,-0.02893809974193573,0.04232017323374748,1,0.038511645,-0.03153297,0.035925422,0.038879897,-0.021545539,-0.10487236,-0.011724105,-0.045598745,0.009749607,0.050520286,-0.025418963,0.047199454,-0.012415804,0.99148655,-1.9640843,-0.16411692,0.902153,-1.7320993,0.092074916,0.9592964,-1.78453,0.12996064,0.95620435,-1.9024314,-0.0008623097,0.98202664,-1.9533067,-0.15245295,0.89568937,-1.763561,0.08855768,0.9456168,-1.7816051,0.14511673,0.94857866,-1.8882716
659,13.19419550895691,0.5,0.0,0.0,-0.3500153422355652,-0.3500153422355652,-0.34651518881320953,1.0,0,0.08798182010650635,0.1461448222398758,0.02639460563659668,0.04384348541498184,-0.033635564148426056,0.04327046871185303,1,0.032324955,-0.034040228,0.03311739,0.02085478,-0.021861238,-0.08798182,-0.02780782,-0.052475955,-0.012218244,0.04558246,-0.027033472,0.05403161,-0.023331322,0.9736421,-1.9213208,-0.16813834,0.90236294,-1.7477884,0.079256505,0.96198785,-1.8024353,0.13548604,0.9483557,-1.8673733,-0.013633835,0.96343005,-1.9113855,-0.16188191,0.8958046,-1.774183,0.07091416,0.9462451,-1.8061007,0.14916077,0.9402456,-1.8511639
660,13.214040517807007,0.5,0.0,0.0,-0.3498780131340027,-0.3498780131340027,-0.34637923300266266,1.0,0,0.08201050758361816,0.140531986951828,0.02460312843322754,0.04215956851840019,-0.02975800447165966,0.04316502436995506,1,0.0341137,-0.031993367,0.031245887,0.014303848,-0.027282745,-0.08201051,-0.019394595,-0.04684034,-0.015258106,0.040557075,-0.024766218,0.06204612,-0.036498874,0.9762387,-1.8880764,-0.15883458,0.90380657,-1.7739303,0.06581866,0.947969,-1.8296218,0.15890555,0.9408137,-1.8208824,-0.026264764,0.9666407,-1.8787026,-0.15454343,0.8956217,-1.7985334,0.06000028,0.9339169,-1.8341992,0.17107268,0.9333839,-1.8022686
661,13.234821081161499,0.5,0.0,0.0,-0.351091206073761,-0.351091206073761,-0.34758029401302337,1.0,0,0.08938024193048477,0.1541728526353836,0.02681410312652588,0.046251870691776276,-0.027121422812342644,0.043916866183280945,1,0.06754116,-0.012120942,0.024433194,0.016020743,-0.010036625,-0.08938024,0.020242643,-0.050749846,0.00053144596,0.03993368,-0.032306995,0.0670321,-0.05127432,0.98254883,-1.8372563,-0.14768067,0.8981907,-1.8235083,0.051028952,0.9273172,-1.8637351,0.15743168,0.9251199,-1.7816876,-0.031011969,0.97891253,-1.8299264,-0.14287445,0.8951797,-1.8503224,0.057101745,0.91209227,-1.8635757,0.16941178,0.9154278,-1.761578
662,13.256117820739746,0.5,0.0,0.0,-0.3523062765598297,-0.3523062765598297,-0.34878321379423144,1.0,0,0.08900576084852219,0.13757607340812683,0.026701688766479492,0.04127282276749611,-0.03709286078810692,0.04685438796877861,1,0.040381446,-0.001637751,0.045958444,0.02370476,-0.0001846738,-0.08900576,-0.0131858755,-0.04006953,0.0022651174,0.03100293,-0.026466442,0.05702158,-0.073421955,0.9832111,-1.7826669,-0.14507034,0.893342,-1.8797598,0.036137655,0.9094186,-1.9145021,0.15218055,0.92142653,-1.728175,-0.06130752,0.9827198,-1.7688794,-0.13795891,0.89328665,-1.9064615,0.032181893,0.8973977,-1.9138227,0.16148143,0.9134866,-1.7110685
663,13.27412223815918,0.5,0.0,0.0,-0.35392647981643677,-0.35392647981643677,-0.3503872150182724,1.0,0,0.07718867063522339,0.1536136120557785,0.02315664291381836,0.046084143221378326,-0.045939378440380096,0.046842336654663086,1,0.021422243,-0.017434262,0.0229767,0.056209765,0.008949166,-0.07718867,-0.07354698,-0.058310553,-0.034526873,-0.0050360346,0.031883832,-0.04544563,-0.111501224,0.9857818,-1.7605902,-0.1319128,0.8954952,-1.9351095,0.01616887,0.90205693,-1.9752752,0.16452208,0.9348747,-1.7155492,-0.105074555,0.9805515,-1.7536972,-0.11504987,0.89817995,-1.9582661,-0.0058952253,0.88456374,-1.9856333,0.16301127,0.9444399,-1.729183
664,13.294118165969849,0.5,0.0,0.0,-0.3608819842338562,-0.3608819842338562,-0.35727316439151763,1.0,0,0.09915672242641449,0.16350802779197693,0.029747018590569496,0.04905238747596741,-0.042287569493055344,0.04276038333773613,1,0.021539642,-0.04286666,-0.018110678,0.06561851,-0.016790995,-0.032271773,-0.09915672,-0.056527935,-0.028822593,-0.006720764,0.042687662,-0.052445855,-0.13162169,0.98207074,-1.7676544,-0.12976435,0.8947987,-1.9713283,0.013890035,0.8986061,-1.9993382,0.19508699,0.95241416,-1.6946217,-0.1251598,0.96921074,-1.7730876,-0.1100788,0.8897614,-1.9810098,-0.015856983,0.88164777,-2.0079849,0.19307075,0.96522045,-1.7103554
665,13.313950300216675,0.5,0.0,0.0,-0.3591170907020569,-0.3591170907020569,-0.35552591979503634,1.0,0,0.06676740944385529,0.14930008351802826,0.020030200481414795,0.04479001462459564,-0.032807525247335434,0.03607916831970215,1,0.045119256,-0.047393695,-0.034496192,0.05840084,-0.01886802,-0.04372774,-0.04772054,-0.06676741,-0.019672146,0.033013318,0.039166927,-0.037333388,-0.13270107,0.9930662,-1.7807901,-0.12912542,0.9045816,-2.0054126,0.015471153,0.8947544,-2.0272353,0.19269928,0.96508956,-1.6794578,-0.119165294,0.9788481,-1.791139,-0.11160517,0.8989212,-2.0185308,0.0011549899,0.8747242,-2.0331368,0.20260328,0.97683966,-1.6906579
666,13.334106922149658,0.5,0.0,0.0,-0.3521469235420227,-0.3521469235420227,-0.34862545430660247,1.0,0,0.07561568170785904,0.15218213200569153,0.022684812545776367,0.04565469175577164,-0.03511351719498634,0.03039887547492981,1,0.049526684,-0.03676049,-0.026637686,0.05300223,-0.009229021,-0.07561568,-0.021773659,-0.07221191,-0.009526117,0.041438915,0.03239697,-0.03856583,-0.14832203,1.0017353,-1.7823248,-0.13455555,0.91101015,-2.0087004,0.02383966,0.88307756,-2.05,0.17241201,0.9650981,-1.6954834,-0.13346402,0.99070716,-1.7903161,-0.11865488,0.90824145,-2.0313852,0.017307563,0.861414,-2.0528579,0.18484369,0.97481716,-1.7070532
667,13.3544602394104,0.5,0.0,0.0,-0.35002654790878296,-0.35002654790878296,-0.34652628242969513,1.0,0,0.07389239966869354,0.14562378823757172,0.022167682647705078,0.0436871163547039,-0.05019732937216759,0.024216631427407265,1,0.03637654,-0.024830194,-0.0168499,0.047198802,0.0002339482,-0.0738924,-0.042130154,-0.07199252,-0.023259869,0.02648902,0.026130386,-0.049105473,-0.16529816,0.9985229,-1.7678721,-0.1229876,0.9067461,-2.0073454,0.015873224,0.8763084,-2.05,0.14107251,0.95650065,-1.7154236,-0.15438521,0.99107385,-1.772927,-0.108827956,0.90681624,-2.0295131,0.003234177,0.85471064,-2.056978,0.14901921,0.9643398,-1.7301552
668,13.374329090118408,0.5,0.0,0.0,-0.3531249761581421,-0.3531249761581421,-0.34959372639656067,1.0,0,0.06379689276218414,0.14685818552970886,0.01913905143737793,0.044057462364435196,-0.055612776428461075,0.018426276743412018,1,0.03891834,-0.046262782,0.0013030737,0.0013523516,-0.03524784,-0.059676092,-0.017680453,-0.06379689,-0.020603837,0.06268099,-0.03559192,0.055699393,-0.16520822,1.0058994,-1.7645408,-0.115877904,0.90896326,-2.0210319,0.018609792,0.8733543,-2.05,0.13470651,0.96310496,-1.7123295,-0.15353271,0.9920206,-1.7641499,-0.1154722,0.8983889,-2.0389347,0.013305656,0.85421526,-2.0561812,0.15351081,0.9524274,-1.6956197
669,13.394665241241455,0.5,0.0,0.0,-0.35200053453445435,-0.35200053453445435,-0.3484805291891098,1.0,0,0.07008431106805801,0.16905920207500458,0.02102518081665039,0.052763357758522034,-0.056380342692136765,0.008536288514733315,1,0.06884225,-0.047310878,-0.015640981,0.029645484,-0.030397838,-0.07008431,-0.007952686,-0.065557756,-0.018182192,0.067070894,-0.038897187,0.06277703,-0.15721866,1.0203257,-1.7656369,-0.119189866,0.9018466,-2.0168543,0.022895023,0.8702313,-2.05,0.13667506,0.96508074,-1.7016401,-0.13656598,1.0,-1.7703292,-0.11029622,0.89272726,-2.0378795,0.020509217,0.85056394,-2.0554545,0.15679634,0.9534116,-1.682807
670,13.416234016418457,0.5,0.0,0.0,-0.3506630063056946,-0.3506630063056946,-0.3471563762426376,1.0,0,0.07345045357942581,0.15622198581695557,0.022589445114135742,0.05169489607214928,-0.07184340804815292,-0.0012020058929920197,1,0.046426404,-0.01954968,-0.023483168,0.05636843,0.0050010057,-0.071674615,-0.045050416,-0.07345045,-0.035657875,0.016332446,0.029081002,-0.056286253,-0.16111559,1.0225894,-1.7648274,-0.12237246,0.88102734,-1.9843,0.024955556,0.86585224,-2.05,0.09678468,0.9494045,-1.7120465,-0.14718767,1.0,-1.7718723,-0.10546193,0.88252765,-2.0058024,0.011440431,0.8438171,-2.0606973,0.101684414,0.95812875,-1.7289324
671,13.43407917022705,0.5,0.0,0.0,-0.3473842740058899,-0.3473842740058899,-0.343910431265831,1.0,0,0.0825735554099083,0.15489734709262848,0.024772047996520996,0.050136175006628036,-0.0895693227648735,-0.00947505608201027,1,0.0054893224,-0.021400275,-0.011880144,0.02850511,-0.0039839125,-0.053793114,-0.070868246,-0.06347754,-0.04999123,-0.015865719,0.03195142,-0.082573555,-0.17234042,1.0198863,-1.7570201,-0.12134993,0.8616079,-1.9475112,0.03448675,0.86603606,-2.05,0.0747402,0.94619006,-1.7257681,-0.17069362,1.0,-1.7605841,-0.1127984,0.8604127,-1.9636492,0.013226274,0.8469928,-2.0649974,0.06998049,0.9557755,-1.7505401
672,13.455761909484863,0.5,0.0,0.0,-0.35622546076774597,-0.35622546076774597,-0.3526632061600685,1.0,0,0.05831921473145485,0.13979966938495636,0.02219092845916748,0.044526439160108566,-0.09450702369213104,-0.022533340379595757,1,0.04120396,-0.05464949,-0.02470062,-0.0016301217,-0.040357646,-0.035663765,-0.037139874,-0.058319215,-0.039800555,0.05508612,-0.022584742,0.037908554,-0.17926863,1.0221909,-1.7711781,-0.11602836,0.84298384,-1.8990082,0.04877808,0.8715688,-2.05,0.07012978,0.9479137,-1.7367276,-0.16690744,1.0,-1.7785883,-0.116517395,0.8308765,-1.9097073,0.037636116,0.85407305,-2.0619402,0.08665562,0.94113827,-1.725355
673,13.476689577102661,0.5,0.0,0.0,-0.3552680015563965,-0.3552680015563965,-0.3517153215408325,1.0,0,0.08409959822893143,0.17633052170276642,0.02849709987640381,0.05764390528202057,-0.09603691101074219,-0.03177406266331673,1,0.069543615,-0.056527473,-0.031256367,0.041419987,-0.032752678,-0.0733865,-0.009751893,-0.060985953,-0.0058389595,0.0840996,-0.018957695,0.05127647,-0.17639059,1.0284971,-1.8072205,-0.11913439,0.82469165,-1.839678,0.053376757,0.8712871,-2.0075421,0.063061036,0.9563224,-1.7429585,-0.1555275,1.0,-1.8165973,-0.10670839,0.8148658,-1.861694,0.05045119,0.85299134,-2.0092938,0.088290915,0.9506351,-1.7275757
674,13.496399879455566,0.5,0.0,0.0,-0.34884196519851685,-0.34884196519851685,-0.3453535455465317,1.0,0,0.10635318607091904,0.15775087475776672,0.039794325828552246,0.0609259158372879,-0.10581686347723007,-0.02924908511340618,1,0.049240965,-0.035167113,0.0018153111,0.052560885,-0.03034087,-0.106353186,-0.03477603,-0.049442064,0.010287319,0.040998973,-0.01468965,0.023874866,-0.157053,1.0397943,-1.8217151,-0.12870352,0.84076625,-1.8084782,0.054272205,0.8672113,-1.9742454,0.040075216,0.9598035,-1.767627,-0.1422807,1.0,-1.8211706,-0.11293525,0.83166397,-1.8403842,0.043839395,0.85237867,-1.9711592,0.052374907,0.95539665,-1.7604645
675,13.516827821731567,0.5,0.0,0.0,-0.34391725063323975,-0.34391725063323975,-0.34047807812690734,1.0,0,0.11836213618516922,0.15178897976875305,0.045538902282714844,0.06403177976608276,-0.11794120073318481,-0.017125435173511505,1,0.054384887,-0.022928625,0.028631505,0.024092672,-0.021877423,-0.118362136,-0.03582338,-0.041065354,0.007205386,-0.0008898964,-0.022320513,0.0121420445,-0.127958,1.0455389,-1.8220447,-0.15677905,0.86987096,-1.8000203,0.059615187,0.863258,-1.9470081,0.028960891,0.9497179,-1.7928845,-0.11164253,1.0,-1.8134552,-0.14955124,0.8633077,-1.835529,0.048868172,0.8509384,-1.9448465,0.028693922,0.9430217,-1.7892419
676,13.534746885299683,0.5,0.0,0.0,-0.34747374057769775,-0.34747374057769775,-0.3439990031719208,1.0,0,0.10924865305423737,0.15173174440860748,0.038417696952819824,0.05929291620850563,-0.12187402695417404,-0.0081093218177557,1,0.0646619,-0.018942883,0.01410475,0.05074902,-0.008792992,-0.10924865,-0.041730333,-0.030963177,0.020189289,-0.019025762,-0.0077646687,0.012865453,-0.09295845,1.0384177,-1.8334365,-0.19700906,0.903224,-1.7430432,0.09366463,0.85741895,-1.8763123,0.016696721,0.92919457,-1.8046902,-0.07355988,1.0,-1.829205,-0.18178435,0.90058607,-1.7758178,0.08114553,0.84813,-1.8702555,0.010988993,0.92686516,-1.8008306
677,13.558894395828247,0.5,0.0,0.0,-0.3464058041572571,-0.3464058041572571,-0.3429417461156845,1.0,0,0.09336686134338379,0.16699548065662384,0.028010010719299316,0.051837772130966187,-0.13179390132427216,-0.005410957150161266,1,0.05541897,-0.040722363,0.0032912313,0.04207283,-0.034815524,-0.09336686,-0.068858325,-0.06763685,-0.026443101,0.020887222,-0.019317908,0.024951264,-0.07430709,1.0180702,-1.9037207,-0.23249707,0.9302918,-1.7051744,0.0964897,0.87857926,-1.8359069,0.030453697,0.9465148,-1.8519404,-0.0576814,1.0,-1.9027333,-0.21987522,0.91984713,-1.7331845,0.0758322,0.8582882,-1.8438398,0.036719862,0.9407194,-1.844455
678,13.574405670166016,0.5,0.0,0.0,-0.3457145392894745,-0.3457145392894745,-0.3422573938965797,1.0,0,0.09127812087535858,0.1497967690229416,0.02738344669342041,0.04493902996182442,-0.14604440331459045,-0.007815688848495483,1,0.031055314,-0.03470571,0.0022760772,0.039218523,-0.028464807,-0.09127812,-0.0760548,-0.04734642,-0.016282901,0.031423166,-0.0021025785,0.017376887,-0.077173375,0.97476107,-1.9506122,-0.24134216,0.92201686,-1.6601294,0.07506382,0.9067797,-1.7901533,0.057058875,0.956531,-1.9080915,-0.06785678,0.9643493,-1.9499294,-0.2295766,0.9134774,-1.6875129,0.052247375,0.8925758,-1.7950381,0.06648582,0.9559002,-1.9028785
679,13.596442461013794,0.5,0.0,0.0,-0.3541441559791565,-0.3541441559791565,-0.3506027144193649,1.0,0,0.10618070513010025,0.18612121045589447,0.031854212284088135,0.05583637207746506,-0.15764062106609344,-0.003312049899250269,1,-0.01378531,-0.025870237,-0.0029657732,0.106180705,-0.0363285,-0.09860747,-0.08528758,-0.030539582,0.01761405,0.04677505,0.024117745,0.013000299,-0.081247404,0.9438004,-1.9571129,-0.217125,0.91862625,-1.6490905,0.06462608,0.93982273,-1.7600117,0.057832196,0.97336805,-1.9517586,-0.085383,0.9360393,-1.9580027,-0.18527079,0.9077277,-1.6786728,0.039039806,0.93066084,-1.7547275,0.07186471,0.9806034,-1.9478586
680,13.616746187210083,0.5,0.0,0.0,-0.35364893078804016,-0.35364893078804016,-0.35011244148015974,1.0,0,0.11573270708322525,0.22460947930812836,0.03471982479095459,0.0672784298658371,-0.14151369035243988,0.013532000593841076,1,0.05473172,-0.0652587,-0.018335046,0.10897247,-0.022596978,-0.11573271,-0.0045786714,0.005585453,0.07957148,0.08335965,0.030989999,0.052785523,-0.084459126,0.937659,-1.969971,-0.20889542,0.9163294,-1.702639,0.08507663,0.97542346,-1.7429667,0.090210155,0.99149275,-1.9790809,-0.06803961,0.9180814,-1.9754715,-0.17620367,0.9095503,-1.7373588,0.083703026,0.9770991,-1.7190952,0.11521805,1.0,-1.9632453
681,13.636811971664429,0.5,0.0,0.0,-0.3470158576965332,-0.3470158576965332,-0.3435456991195679,1.0,0,0.13757279515266418,0.2686297297477722,0.04127183556556702,0.08078807592391968,-0.11948659271001816,0.03446516394615173,1,0.09011912,-0.0752648,-0.011427171,0.1375728,-0.0028586637,-0.13292913,-0.0038148272,-0.008308047,0.0940723,0.091946475,-0.012803877,0.063947104,-0.048515745,0.92082113,-1.9633149,-0.20162877,0.90721256,-1.7241699,0.060616143,0.98176956,-1.7045316,0.10696899,1.006848,-2.0306656,-0.021480007,0.8982417,-1.966743,-0.16035694,0.90635496,-1.7640486,0.059471697,0.97927713,-1.6763098,0.13455294,1.0,-2.0114815
682,13.656723499298096,0.5,0.0,0.0,-0.3643271327018738,-0.3643271327018738,-0.36068386137485503,1.0,0,0.10257665067911148,0.17280034720897675,0.030773043632507324,0.054372359067201614,-0.1363062858581543,0.045883018523454666,1,-0.030082833,-0.0067767818,0.052826684,0.0807975,-0.0033303828,-0.10257665,-0.081527226,-0.036958296,0.009053963,0.016698675,0.02014252,0.01667215,-0.025687046,0.87642145,-1.9197786,-0.20766982,0.8953438,-1.7039481,0.026495263,1.0148274,-1.6728996,0.09977788,1.0144413,-2.05,-0.034711897,0.8743884,-1.9039305,-0.18343057,0.8943447,-1.7347212,0.002037095,1.0,-1.6701834,0.104787484,1.0,-2.0449984
683,13.676398038864136,0.5,0.0,0.0,-0.35792675614356995,-0.35792675614356995,-0.3543474885821342,1.0,0,0.13714012503623962,0.19730336964130402,0.04114203900098801,0.068150095641613,-0.16041527688503265,0.04374382272362709,1,-0.07458647,-0.004720637,0.052891843,-0.02066467,0.0012141257,-0.062041342,-0.13714013,-0.047051907,-0.06282918,-0.02540916,-0.0110872835,0.023036042,-0.019296966,0.87542254,-1.9039947,-0.22827142,0.8869168,-1.6848984,-0.0034000203,1.0273073,-1.7169464,0.12075897,1.0246066,-2.05,-0.041672908,0.87400633,-1.8881271,-0.23447083,0.88728106,-1.7035108,-0.04454206,1.0,-1.7357951,0.113136224,1.0,-2.0430892
684,13.69649362564087,0.5,0.0,0.0,-0.3562336564064026,-0.3562336564064026,-0.35267131984233857,1.0,0,0.17621730268001556,0.2642984092235565,0.05286519229412079,0.07861526310443878,-0.1472252756357193,0.03634011372923851,1,0.0086444495,-0.010960611,-0.027014654,0.05851936,-0.022483109,-0.06594376,-0.1762173,-0.05410546,-0.101067975,-0.07355499,0.07207642,-0.07648781,-0.010523118,0.9038505,-1.9291859,-0.23017359,0.8972387,-1.676689,0.014486656,1.0077208,-1.7335519,0.14664352,1.0190021,-2.05,-0.007929783,0.9005623,-1.9372903,-0.21261778,0.89049375,-1.6964722,-0.038378537,0.9914892,-1.7638723,0.12457702,1.0,-2.0729463
685,13.716910123825073,0.5,0.0,0.0,-0.36148369312286377,-0.36148369312286377,-0.3578688561916351,1.0,0,0.1014513298869133,0.20206740498542786,0.03043544292449951,0.05878058448433876,-0.13474223017692566,0.03208094835281372,1,0.045373842,-0.009394315,-0.009434146,0.054476384,0.001441579,-0.10145133,-0.09815391,-0.07511728,-0.06827477,-0.018539628,0.050425008,-0.050084233,0.010790348,0.9230982,-1.9280691,-0.24039418,0.90460825,-1.6756394,0.02641572,0.97485614,-1.7275414,0.13361856,0.99697006,-2.0439973,0.024402501,0.9202799,-1.9308994,-0.22405127,0.90504074,-1.7060748,-0.0030304547,0.95232093,-1.7480239,0.12805668,1.0,-2.0590227
686,13.736095428466797,0.5,0.0,0.0,-0.36438673734664917,-0.36438673734664917,-0.36074286997318267,1.0,0,0.11875331401824951,0.17593015730381012,0.03562593460083008,0.05277900770306587,-0.1479586809873581,0.03169875964522362,1,0.045160446,0.024020823,0.043461826,0.021875057,0.011562848,-0.118753314,-0.038896948,-0.08195977,-0.021374978,0.03467163,-0.011178828,0.041437954,-0.01085943,0.9012055,-1.856118,-0.2674591,0.9029293,-1.68754,-0.0030255318,0.9780488,-1.7372421,0.12208887,0.98156106,-2.0085962,0.002688705,0.90841174,-1.8430794,-0.26089656,0.9063982,-1.723166,-0.014694616,0.9534609,-1.7436546,0.13249037,0.9782074,-1.9961648
687,13.756622076034546,0.5,0.0,0.0,-0.35791754722595215,-0.35791754722595215,-0.35433837175369265,1.0,0,0.12232711911201477,0.2036915421485901,0.036698102951049805,0.06110744923353195,-0.17163483798503876,0.03241657838225365,1,-0.03479553,0.011339687,0.06282135,0.004803748,-0.005804397,-0.12232712,-0.12011453,-0.05098428,-0.054711785,-0.016882734,-0.0054789903,0.02912707,-0.045569688,0.89114374,-1.8008411,-0.2428743,0.8927128,-1.7242765,-0.020375073,1.0005432,-1.781391,0.1374501,0.97197497,-1.9779826,-0.056008346,0.8945457,-1.7819947,-0.24143317,0.8909715,-1.7609746,-0.056409433,0.98524797,-1.7978046,0.13238528,0.97033125,-1.9692445
688,13.776976108551025,0.5,0.0,0.0,-0.35318198800086975,-0.35318198800086975,-0.349650168120861,1.0,0,0.17283400893211365,0.26669928431510925,0.051850199699401855,0.08000980317592621,-0.17002998292446136,0.025829926133155823,1,-0.03127271,-0.004617977,-0.008885938,0.06421161,-0.019995663,-0.08455084,-0.17283401,-0.03837753,-0.08044223,-0.0783776,0.07971782,-0.08980576,-0.06789474,0.9105472,-1.7980323,-0.20992446,0.87694967,-1.7285094,-0.019073889,1.0043303,-1.7820299,0.16494098,0.9382116,-1.9345005,-0.07727656,0.9091618,-1.800698,-0.19066098,0.870951,-1.7538747,-0.07092409,0.99281704,-1.8061626,0.1414277,0.962127,-1.9614422
689,13.794719934463501,0.5,0.0,0.0,-0.3669716715812683,-0.3669716715812683,-0.36330195486545563,1.0,0,0.11221455782651901,0.20806029438972473,0.03366436809301376,0.06241811439394951,-0.15932612121105194,0.012523127719759941,1,0.030552572,-0.010162116,-0.038245086,0.053443845,-0.019695917,-0.070995614,-0.11221456,-0.06464237,-0.08251221,-0.019968135,0.070229754,-0.059959732,-0.05598988,0.93878603,-1.8375006,-0.20437258,0.85912853,-1.7080919,-0.006674126,0.9734956,-1.765834,0.16035986,0.9142216,-1.876243,-0.04682411,0.9357374,-1.8489741,-0.18833943,0.85321975,-1.7293905,-0.040338494,0.9541029,-1.7905877,0.15436941,0.9352905,-1.894231
690,13.817111492156982,0.5,0.0,0.0,-0.3580244779586792,-0.3580244779586792,-0.3544442331790924,1.0,0,0.11062245815992355,0.19669103622436523,0.03318679332733154,0.059007350355386734,-0.17020070552825928,-0.004120315425097942,1,0.061437886,0.039349735,-0.016519714,0.07668059,0.02499562,-0.11062246,-0.042677812,-0.080506355,-0.036125124,0.016839005,0.039983258,-0.053474452,-0.056030754,0.94367516,-1.8164088,-0.22107631,0.86067766,-1.7100495,-0.014493197,0.9592104,-1.8078058,0.14554176,0.89904654,-1.8285501,-0.037599385,0.9554801,-1.8213646,-0.19807214,0.86817634,-1.7432363,-0.027296541,0.9350585,-1.8186433,0.15059346,0.9110415,-1.8445925
691,13.83443570137024,0.5,0.0,0.0,-0.35877978801727295,-0.35877978801727295,-0.35519199013710023,1.0,0,0.0966297909617424,0.15332090854644775,0.028988957405090332,0.04599630460143089,-0.1883114129304886,-0.007404139265418053,1,0.0048595923,0.016234322,0.049641445,-0.009047727,-0.012073204,-0.09662979,-0.034424033,-0.06533832,-0.02938823,0.06623042,0.008656143,0.020291511,-0.09180005,0.93650746,-1.755483,-0.20421484,0.8611024,-1.7472534,-0.033571713,0.9601295,-1.8627677,0.14584771,0.8839174,-1.7855338,-0.09034217,0.94137776,-1.7405906,-0.20692916,0.85748047,-1.7762424,-0.043898925,0.940528,-1.8715842,0.16571683,0.88651425,-1.7794464
692,13.858824729919434,0.5,0.0,0.0,-0.36163532733917236,-0.36163532733917236,-0.35801897406578065,1.0,0,0.11516858637332916,0.17449311912059784,0.03455057740211487,0.05234794318675995,-0.20141397416591644,-0.008297652937471867,1,-0.028477559,0.012977039,0.055557843,-0.030318955,-0.007845115,-0.06525648,-0.11516859,-0.03227689,-0.06763882,-0.024557723,0.033442277,0.023249194,-0.12626126,0.9515904,-1.7308064,-0.18388641,0.8622194,-1.7901064,-0.034683652,0.9504344,-1.9016637,0.15922245,0.8591596,-1.7422669,-0.13480453,0.95548356,-1.714139,-0.19298209,0.85986584,-1.8096833,-0.06923423,0.9407513,-1.9219553,0.15185514,0.86919224,-1.7352921
693,13.87498426437378,0.5,0.0,0.0,-0.36429333686828613,-0.36429333686828613,-0.36065040349960326,1.0,0,0.10241605341434479,0.22301284968852997,0.030724816024303436,0.06690385192632675,-0.19452229142189026,-0.012146586552262306,1,0.048514746,0.02485472,-0.019761916,0.07552064,-0.0027807215,-0.085622154,-0.10241605,-0.045508485,-0.05831156,-0.06654274,0.08587738,-0.074614614,-0.13307504,0.96110594,-1.732925,-0.17203131,0.85469,-1.8243059,-0.021238647,0.92568916,-1.9272306,0.15980142,0.8361143,-1.7037469,-0.11852062,0.96856236,-1.7388536,-0.14937513,0.8538558,-1.8499925,-0.051963463,0.9120366,-1.9447241,0.1398386,0.8618775,-1.7261313
694,13.898776531219482,0.5,0.0,0.0,-0.36651676893234253,-0.36651676893234253,-0.36285160124301913,1.0,0,0.0828142762184143,0.19221314787864685,0.024844281375408173,0.057663917541503906,-0.18406249582767487,-0.023676056414842606,1,0.082814276,0.024787623,-0.028320218,0.035013646,0.024474848,-0.0824497,-0.058017757,-0.0638399,-0.053896803,-0.047597505,0.06370531,-0.058120172,-0.1112376,0.95926243,-1.7484736,-0.17493653,0.8426039,-1.8155824,-0.018228233,0.91160643,-1.9511526,0.13341719,0.817491,-1.6816128,-0.08639332,0.9666987,-1.7569697,-0.16443244,0.8499464,-1.8403172,-0.03563356,0.89245445,-1.9673216,0.119137935,0.83660257,-1.6990489
695,13.91469693183899,0.5,0.0,0.0,-0.3590465784072876,-0.3590465784072876,-0.3554561126232147,1.0,0,0.07167907804250717,0.13997086882591248,0.021503746509552002,0.04199128597974777,-0.1936599761247635,-0.030665086582303047,1,0.050402325,0.02008888,0.037756033,-0.05272945,0.018666705,-0.05325475,-0.030703567,-0.07167908,-0.041405927,0.010618074,0.003999312,0.036519475,-0.11870163,0.96734065,-1.7325568,-0.19445038,0.849136,-1.8148558,-0.024496272,0.8872664,-1.9881449,0.10062373,0.8069154,-1.6547464,-0.10358093,0.97336733,-1.72123,-0.21026921,0.85473603,-1.8308322,-0.033707343,0.86576265,-2.0005667,0.10380915,0.8081152,-1.6437906
696,13.937248468399048,0.5,0.0,0.0,-0.35144752264022827,-0.35144752264022827,-0.34793304741382597,1.0,0,0.0825776606798172,0.14959664642810822,0.024773240089416504,0.04487897455692291,-0.2054835706949234,-0.02971925586462021,1,0.046252552,0.04227407,0.04253353,-0.055281673,0.0038357368,-0.08257766,-0.04107806,-0.038767915,-0.032662995,-0.033466592,0.022950873,0.02915183,-0.1358586,0.9728653,-1.6999092,-0.19866443,0.8613888,-1.8341702,-0.02586677,0.87449825,-2.0191822,0.09434172,0.81048423,-1.6502415,-0.12198283,0.9855475,-1.6871492,-0.21524893,0.8625395,-1.8589435,-0.038190186,0.8628679,-2.0289812,0.08430174,0.8173695,-1.641496
697,13.95678162574768,0.5,0.0,0.0,-0.3601018190383911,-0.3601018190383911,-0.3565008008480072,1.0,0,0.14004173874855042,0.29625436663627625,0.042012523859739304,0.08876670151948929,-0.19997620582580566,-0.02004493959248066,1,0.041915573,0.04546755,0.0064499825,0.10269626,0.0008715159,-0.11734524,-0.11580169,-0.023271022,-0.013521331,-0.14004174,0.10231103,-0.12397587,-0.1389417,0.9870934,-1.668706,-0.18083489,0.8760952,-1.8977925,-0.012654774,0.8454444,-2.0352414,0.09828983,0.8108581,-1.6331925,-0.12636703,1.0,-1.666771,-0.15002601,0.8763566,-1.932996,-0.04739528,0.83846307,-2.0392978,0.05627731,0.84155136,-1.6703854
698,13.976344347000122,0.5,0.0,0.0,-0.3698805868625641,-0.3698805868625641,-0.36618178099393844,1.0,0,0.10256436467170715,0.20647577941417694,0.03076934814453125,0.06194274500012398,-0.1830887794494629,-0.017555808648467064,1,0.08111594,0.00522669,-0.03715831,0.046975803,0.0085351,-0.102564365,-0.06139438,-0.048302595,-0.022949746,-0.05442034,0.08436591,-0.07167349,-0.14103696,0.9921999,-1.6726786,-0.17220333,0.86642826,-1.9351631,-0.0011991188,0.8197898,-2.0306742,0.10426581,0.83463454,-1.6229303,-0.11670218,0.9937679,-1.6838261,-0.15811059,0.8689888,-1.9659325,-0.019617433,0.80529904,-2.037559,0.08793971,0.85994434,-1.6444323
699,13.99600625038147,0.5,0.0,0.0,-0.36970412731170654,-0.36970412731170654,-0.3660070860385895,1.0,0,0.10736396163702011,0.19136285781860352,0.032209187746047974,0.05740887671709061,-0.16773785650730133,-0.0269775353372097,1,0.10736396,-0.026477728,-0.07092005,0.03744362,0.023389451,-0.09643112,0.0030849904,-0.062363107,-0.021747407,0.01658981,0.052097037,-0.027440865,-0.13657108,0.9926301,-1.7134382,-0.19268957,0.8472916,-1.9079328,0.013119444,0.8145282,-2.0224762,0.09799546,0.84145504,-1.6297412,-0.10436189,0.9846868,-1.7347142,-0.18145648,0.8543084,-1.9368621,0.014044941,0.7958193,-2.0290005,0.1029724,0.85708416,-1.6379734
700,14.014613628387451,0.5,0.0,0.0,-0.3607720732688904,-0.3607720732688904,-0.3571643525362015,1.0,0,0.12407983094453812,0.2206299602985382,0.037223950028419495,0.0661890059709549,-0.1611594408750534,-0.03585997596383095,1,0.12407983,-0.04248714,-0.045310367,0.02625507,-0.014277093,-0.08799631,0.04588598,-0.060404256,0.025222579,0.10070587,-0.008441383,0.06468207,-0.14388973,0.9931854,-1.7404846,-0.18605573,0.8367065,-1.8782864,0.02727595,0.82647145,-2.002399,0.080143064,0.85234594,-1.6415023,-0.106665775,0.98043925,-1.7540777,-0.17817922,0.8324234,-1.9046853,0.041041743,0.80835015,-1.9948322,0.110354826,0.8498135,-1.6220976
701,14.035124778747559,0.5,0.0,0.0,-0.36166679859161377,-0.36166679859161377,-0.3580501306056976,1.0,0,0.10513594001531601,0.1842014491558075,0.03154078125953674,0.055260442197322845,-0.15575799345970154,-0.034774839878082275,1,0.10513594,-0.05684234,-0.05000421,0.023820624,-0.041444972,-0.08182715,0.021890169,-0.04221149,0.011598179,0.062083665,0.007840944,0.04304617,-0.17907968,0.9927417,-1.7195516,-0.14106181,0.82911515,-1.8971537,0.040308617,0.8209871,-1.9839711,0.098945856,0.9011821,-1.6457019,-0.1475389,0.975689,-1.7345529,-0.13391562,0.8166817,-1.9217019,0.046875667,0.8083237,-1.9804916,0.11757096,0.9035344,-1.6327881
702,14.058654546737671,0.5,0.0,0.0,-0.352356493473053,-0.352356493473053,-0.34883292853832243,1.0,0,0.11073426902294159,0.20154978334903717,0.03322029113769531,0.06046494469046593,-0.15054871141910553,-0.022200437262654305,1,0.06957591,-0.056208704,-0.03249851,0.097925134,-0.020890085,-0.11073427,-0.040428516,0.00741417,0.06469832,0.047803458,0.029558774,0.015618181,-0.22236301,0.99389905,-1.6911293,-0.081659965,0.827997,-1.8883954,0.046667308,0.80715096,-1.9695377,0.12103515,0.9247844,-1.6585946,-0.20149024,0.9770364,-1.7008789,-0.052282423,0.82173,-1.9216157,0.034538753,0.8093752,-1.9501282,0.13537619,0.93365204,-1.6539092
703,14.074388027191162,0.5,0.0,0.0,-0.36590588092803955,-0.36590588092803955,-0.36224682211875914,1.0,0,0.11249944567680359,0.2299242466688156,0.03374983370304108,0.0689772441983223,-0.14369331300258636,-0.01944611966609955,1,0.032647345,-0.06320738,-0.03768493,0.112499446,-0.036928907,-0.08357101,-0.09701429,-0.035146676,-0.013684245,-0.009088737,0.08094624,-0.088942595,-0.2137907,1.0123352,-1.7105454,-0.08330862,0.8082091,-1.8643894,0.080231145,0.80046767,-1.9307897,0.119488195,0.933569,-1.6643665,-0.2039965,0.993373,-1.7218509,-0.04955879,0.79713047,-1.8894607,0.051126856,0.78992367,-1.934895,0.11676157,0.9578529,-1.6910492
704,14.097958326339722,0.5,0.0,0.0,-0.3660527765750885,-0.3660527765750885,-0.3623922488093376,1.0,0,0.06912355124950409,0.17515096068382263,0.02234792709350586,0.053675577044487,-0.13755597174167633,-0.027420880272984505,1,0.0637132,-0.064924724,-0.052616928,0.039275996,-0.019446824,-0.04832472,-0.03526328,-0.06496337,-0.031645246,0.037622996,0.06912355,-0.05215313,-0.18081215,1.0223479,-1.7697014,-0.11269362,0.80052286,-1.7954867,0.0975712,0.818175,-1.8744768,0.094865814,0.92118126,-1.6756052,-0.16169819,1.0,-1.7854865,-0.10091082,0.7946888,-1.8099841,0.08699222,0.798686,-1.8839704,0.10615271,0.9419183,-1.6912512
705,14.11460256576538,0.5,0.0,0.0,-0.3611685037612915,-0.3611685037612915,-0.35755681872367856,1.0,0,0.07745099067687988,0.18065841495990753,0.041306376457214355,0.06660512089729309,-0.1330384761095047,-0.0353563018143177,1,0.07745099,-0.04799891,-0.05952836,0.05547747,-0.009032504,-0.059617184,-0.04731176,-0.066620715,-0.024005434,-0.0066625704,0.054126594,-0.062053837,-0.14430273,1.0413064,-1.8498955,-0.12755716,0.8248479,-1.7229906,0.10526002,0.8451899,-1.8176612,0.058839288,0.9202256,-1.7088997,-0.12106743,1.0,-1.867754,-0.11091392,0.82213813,-1.7408758,0.091066495,0.8252037,-1.8248628,0.056840517,0.9364636,-1.7275159
706,14.137993335723877,0.5,0.0,0.0,-0.34035924077033997,-0.34035924077033997,-0.3369556483626366,1.0,0,0.12281472980976105,0.1799517571926117,0.04761147499084473,0.07175382226705551,-0.1349361687898636,-0.027972562238574028,1,0.10269496,-0.01905433,0.0053925803,0.03584297,-0.018997222,-0.12281473,0.007966787,-0.039690997,0.02926849,0.031797145,-0.0167444,0.030467076,-0.099198274,1.0476115,-1.8955392,-0.1669574,0.897433,-1.709576,0.10519816,0.844649,-1.8013743,0.034237422,0.9200444,-1.7532299,-0.06838979,1.0,-1.8939214,-0.1562045,0.8917338,-1.7464204,0.107588194,0.83274174,-1.7925937,0.043776564,0.9150211,-1.7440897
707,14.154355764389038,0.5,0.0,0.0,-0.34124553203582764,-0.34124553203582764,-0.33783307671546936,1.0,0,0.14452537894248962,0.2263738512992859,0.04335761070251465,0.07210283726453781,-0.12775492668151855,-0.008164456114172935,1,0.12392203,-0.01192299,0.015226423,0.060565002,-0.009490043,-0.14452538,0.04056048,-0.01440213,0.080876686,0.008461382,-0.021155795,0.04422567,-0.06597969,1.0244857,-1.8469551,-0.21329686,0.94520265,-1.7051328,0.13761464,0.83881444,-1.7637109,0.034047738,0.9268396,-1.8005944,-0.02880308,1.0,-1.8423871,-0.19512735,0.94235563,-1.7484905,0.14978278,0.8344938,-1.7394478,0.03658615,0.9204928,-1.7873267
708,14.176868915557861,0.5,0.0,0.0,-0.3444647789001465,-0.3444647789001465,-0.34102013111114504,1.0,0,0.15949051082134247,0.2600916028022766,0.04784715175628662,0.07802750170230865,-0.10635004937648773,0.026874279603362083,1,0.12667367,-0.03088054,0.013810117,0.078814976,-0.019453553,-0.15949051,0.019556312,-0.008315988,0.10398415,0.0427932,-0.030012477,0.0665831,-0.06279679,1.0089251,-1.8628433,-0.20829014,0.96424294,-1.7038,0.15500847,0.86118543,-1.7369611,0.04895402,0.9458773,-1.8442641,-0.024794683,0.9996609,-1.8587003,-0.18464565,0.95840687,-1.7516471,0.16087537,0.8586906,-1.7057658,0.061791983,0.93687356,-1.8242892
709,14.196775674819946,0.5,0.0,0.0,-0.3691342771053314,-0.3691342771053314,-0.3654429343342781,1.0,0,0.1543118804693222,0.2381938099861145,0.04629356414079666,0.07145816087722778,-0.10435526072978973,0.03227495402097702,1,-0.010096071,-0.056288797,-0.0036560835,0.09144795,-0.023183206,-0.039104044,-0.15431188,-0.058271863,-0.05329274,-0.032935277,0.068565436,-0.08479043,-0.028558232,0.9785407,-1.9198551,-0.22979024,0.95151234,-1.6879994,0.15846726,0.9100947,-1.6770964,0.08741112,0.9562564,-1.8753716,-0.031587053,0.96165407,-1.920952,-0.20235586,0.94455737,-1.6997306,0.1121737,0.8926131,-1.6930842,0.07753053,0.976826,-1.9008087
710,14.218004941940308,0.5,0.0,0.0,-0.35323959589004517,-0.35323959589004517,-0.3497071999311447,1.0,0,0.09994569420814514,0.1680966168642044,0.029983706772327423,0.05042899399995804,-0.11375068128108978,0.021234119310975075,1,0.009752274,-0.05014404,-0.0027019863,0.04816579,-0.038317334,-0.039011884,-0.052063968,-0.065962315,-0.007693806,0.099945694,-0.0111113,0.055642355,-0.016351946,0.98129463,-2.0103464,-0.21747918,0.9143037,-1.6666607,0.09859064,0.92387223,-1.7152143,0.087266,0.9633232,-1.9280745,-0.013426264,0.96625143,-2.011157,-0.20302945,0.90280855,-1.6783643,0.08297145,0.90408355,-1.7175224,0.117249705,0.9599898,-1.9113817
711,14.23469090461731,0.5,0.0,0.0,-0.3525505065917969,-0.3525505065917969,-0.3490250015258789,1.0,0,0.11363609880208969,0.23896895349025726,0.034090831875801086,0.07169070839881897,-0.09934592992067337,0.014715391211211681,1,0.10151602,-0.06499867,-0.043035056,0.07463719,-0.04034376,-0.1008463,-0.008234517,-0.06123325,0.0036731595,0.1136361,-0.018795578,0.07910917,-0.011689439,0.9806851,-2.0408766,-0.17618185,0.8943974,-1.6757438,0.10808747,0.94557786,-1.7200654,0.09548034,0.98928136,-1.9517746,0.01876537,0.9611855,-2.0537872,-0.1537907,0.88229424,-1.7059977,0.10561712,0.9272079,-1.7189634,0.12957117,0.9836427,-1.9280418
712,14.258182048797607,0.5,0.0,0.0,-0.3460346460342407,-0.3460346460342407,-0.3425742995738983,1.0,0,0.16426804661750793,0.32636284828186035,0.04928041994571686,0.0979088544845581,-0.07712861895561218,0.015623810701072216,1,0.15018794,-0.045747694,-0.029164433,0.112444304,-0.021659326,-0.12763214,0.08906493,-0.058068432,0.052924715,0.16426805,-0.045639414,0.09185638,-0.010087378,1.0076368,-2.05,-0.15247467,0.88535017,-1.6981586,0.13093421,0.9385576,-1.7114775,0.08981404,0.994633,-1.9603091,0.034969006,0.99391246,-2.0587492,-0.11874138,0.87885237,-1.7364483,0.15765369,0.9211371,-1.6956002,0.13909446,0.9809412,-1.9327523
713,14.274070978164673,0.5,0.0,0.0,-0.34723448753356934,-0.34723448753356934,-0.3437621426582336,1.0,0,0.12292079627513885,0.27053073048591614,0.03687624633312225,0.08115922659635544,-0.06385277211666107,0.01397494412958622,1,0.117124505,-0.056622036,-0.008651421,0.08687048,-0.036381077,-0.11650736,0.05814878,-0.07484336,0.0066243666,0.1229208,-0.042133912,0.088500395,-0.010634489,1.0055485,-2.05,-0.16132322,0.88420576,-1.7229413,0.13450803,0.93338823,-1.7121875,0.107985124,0.9738332,-1.9473604,0.024502862,0.98856187,-2.0525954,-0.13526207,0.87329143,-1.7578934,0.15195267,0.9109352,-1.7102002,0.14486137,0.961193,-1.9208102
714,14.298438787460327,0.5,0.0,0.0,-0.3522447347640991,-0.3522447347640991,-0.3487222874164581,1.0,0,0.10873907059431076,0.21296542882919312,0.03262174129486084,0.06388963758945465,-0.06049385666847229,0.005284457001835108,1,0.08013428,-0.039952215,0.022176608,0.029648017,-0.02922475,-0.10873907,-0.004710023,-0.08496182,-0.029735021,0.092910446,-0.03590851,0.0723939,0.0006636679,0.9697999,-2.05,-0.17019676,0.89856595,-1.7058791,0.12714083,0.93478703,-1.7134285,0.12646858,0.96360296,-1.9374019,0.024703953,0.9578142,-2.043347,-0.16130236,0.8897985,-1.7385008,0.12572783,0.9092985,-1.722349,0.15434171,0.95283043,-1.9156837
715,14.312626361846924,0.5,0.0,0.0,-0.34975191950798035,-0.34975191950798035,-0.34625440031290056,1.0,0,0.10491082817316055,0.1957549899816513,0.03147327899932861,0.05872652679681778,-0.06091661751270294,0.0033809898886829615,1,0.07757698,-0.04052859,0.017497709,0.027376914,-0.02695481,-0.10491083,-0.016623877,-0.06776342,-0.027623845,0.083880536,-0.029259063,0.06593485,0.015578233,0.95729935,-2.034334,-0.20077139,0.92938775,-1.6872871,0.12892568,0.9459285,-1.7167468,0.1413104,0.9591831,-1.9478389,0.03885133,0.9451408,-2.0290847,-0.19255832,0.9213013,-1.7187604,0.123938516,0.9255995,-1.725034,0.16647455,0.95040536,-1.9280584
716,14.335813045501709,0.5,0.0,0.0,-0.3463280200958252,-0.3463280200958252,-0.34286473989486693,1.0,0,0.11024244129657745,0.17153964936733246,0.033072710037231445,0.05146186426281929,-0.060247860848903656,0.008017639629542828,1,0.032986417,-0.031165766,0.04864092,0.047046505,-0.034752794,-0.11024244,-0.02617764,-0.05504153,-0.013021694,0.05122018,-0.019931618,0.050207548,0.014228493,0.9552708,-1.997839,-0.20426816,0.94100726,-1.6851418,0.13080212,0.9516767,-1.7181957,0.14044282,0.9538706,-1.9451777,0.024124417,0.9459211,-1.9832467,-0.19015421,0.9305814,-1.7182145,0.12294883,0.9351643,-1.7221022,0.15580887,0.9478911,-1.9301155
717,14.35309910774231,0.5,0.0,0.0,-0.34905123710632324,-0.34905123710632324,-0.34556072473526,1.0,0,0.102983757853508,0.15273642539978027,0.030895113945007324,0.04582090303301811,-0.06016666442155838,0.011830238625407219,1,0.044243928,-0.025381872,0.048395935,0.024685428,-0.021214664,-0.10298376,-0.023897856,-0.04946102,-0.010953428,0.039647643,-0.015612234,0.042026687,0.008504957,0.9479989,-1.9598793,-0.22342499,0.95199704,-1.6972789,0.12603445,0.9576912,-1.7132957,0.14664993,0.9351891,-1.9317806,0.021778136,0.9403843,-1.9453605,-0.21601936,0.94563264,-1.728174,0.118865095,0.9428529,-1.7165817,0.15854421,0.93050545,-1.9191725
718,14.37592077255249,0.5,0.0,0.0,-0.34935981035232544,-0.34935981035232544,-0.3458662122488022,1.0,0,0.10192407667636871,0.1664697825908661,0.03057718276977539,0.04994094744324684,-0.059199582785367966,0.014465751126408577,1,0.050185923,-0.031369526,0.038990155,0.016556824,-0.03172714,-0.10192408,-0.027272148,-0.0590111,-0.024041994,0.05282564,-0.022343595,0.054093856,-0.00444106,0.92624426,-1.9227723,-0.22493914,0.9610679,-1.7045096,0.11403987,0.96507263,-1.722192,0.156908,0.9204595,-1.914344,0.010614717,0.9168334,-1.9110752,-0.21997209,0.95154977,-1.7350868,0.10585822,0.9473693,-1.7294047,0.1727557,0.91375643,-1.8981158
719,14.39403247833252,0.5,0.0,0.0,-0.3511553406715393,-0.3511553406715393,-0.3476437872648239,1.0,0,0.10248634219169617,0.16104170680046082,0.030745863914489746,0.04831245541572571,-0.05681750923395157,0.01701897196471691,1,0.06019143,-0.02117362,0.030671498,0.023281684,-0.0256908,-0.10248634,-0.011827881,-0.053404428,-0.0069324174,0.05482403,-0.016201597,0.05393239,-0.024836406,0.9084328,-1.8789872,-0.2116234,0.95811343,-1.7208972,0.1035064,0.97397196,-1.7348965,0.16030668,0.90548563,-1.8777494,-0.006778976,0.9020807,-1.8697858,-0.2046389,0.9504062,-1.7516431,0.09995804,0.95795065,-1.7369763,0.17675388,0.90062517,-1.8615698
720,14.414773941040039,0.5,0.0,0.0,-0.35145771503448486,-0.35145771503448486,-0.34794313788414,1.0,0,0.11145763099193573,0.16534750163555145,0.033437252044677734,0.04960423335433006,-0.050932157784700394,0.022159798070788383,1,0.075854644,-0.012818984,0.027663637,0.024163898,-0.019775013,-0.11145763,0.004963226,-0.04600479,0.0065030814,0.042992234,-0.018169133,0.053821046,-0.03465081,0.91785806,-1.8345467,-0.1889006,0.9543447,-1.7662927,0.09363917,0.9837364,-1.7635,0.15716176,0.89729106,-1.8313916,-0.011894416,0.9140124,-1.8262476,-0.18165143,0.9484122,-1.79973,0.09512814,0.96993494,-1.761549,0.17005943,0.89184034,-1.8152453
721,14.435724258422852,0.5,0.0,0.0,-0.3536034822463989,-0.3536034822463989,-0.3500674474239349,1.0,0,0.10290411859750748,0.1681167483329773,0.030871272087097168,0.050435055047273636,-0.04705240577459335,0.025623561814427376,1,0.08284032,-0.0051417924,0.027422376,0.017548457,-0.015007867,-0.10290412,0.01624068,-0.049479235,0.0039820573,0.052607585,-0.019451339,0.060217388,-0.046196528,0.92740875,-1.7942952,-0.17136109,0.94379646,-1.8148758,0.07830644,0.97631687,-1.8004203,0.16136046,0.8886174,-1.7797986,-0.021344429,0.92586625,-1.7860684,-0.16609655,0.9392941,-1.8457471,0.08317864,0.9614731,-1.7992257,0.17714274,0.882782,-1.7617334
722,14.454962968826294,0.5,0.0,0.0,-0.3543059229850769,-0.3543059229850769,-0.35076286375522614,1.0,0,0.08741969615221024,0.16659869253635406,0.026225924491882324,0.04997961223125458,-0.0459982231259346,0.025988269597291946,1,0.082169816,-0.0029123097,0.023313742,0.020193806,-0.013349142,-0.087419696,0.008815783,-0.054185685,-0.0040532136,0.059184734,-0.02058287,0.0725694,-0.06370236,0.93245834,-1.7616313,-0.15711853,0.9406188,-1.8572518,0.05954314,0.9713648,-1.8562095,0.16996855,0.87983936,-1.722803,-0.039051414,0.93158466,-1.7546371,-0.15106039,0.9366141,-1.8834777,0.062187877,0.9551091,-1.8574255,0.18772396,0.8736645,-1.7010322
723,14.474628925323486,0.5,0.0,0.0,-0.36102014780044556,-0.36102014780044556,-0.3574099463224411,1.0,0,0.08920060098171234,0.17643558979034424,0.026760220527648926,0.05293072387576103,-0.05073557794094086,0.03023170679807663,1,0.02318975,-0.0065307184,0.028543757,0.07660521,0.0040140706,-0.0892006,-0.08173855,-0.046392225,-0.0095412,-0.025232261,0.05012174,-0.06180469,-0.0998287,0.9354654,-1.7342279,-0.14128381,0.9468824,-1.9139957,0.040508144,0.9734835,-1.9020419,0.19430886,0.89968985,-1.6756963,-0.09287177,0.9335062,-1.7256647,-0.11830225,0.9480866,-1.940756,0.015986579,0.9595658,-1.9049042,0.18673918,0.9147264,-1.6942377
724,14.494096994400024,0.5,0.0,0.0,-0.3647327423095703,-0.3647327423095703,-0.3610854148864746,1.0,0,0.08942588418722153,0.18093276023864746,0.026827765628695488,0.054279811680316925,-0.0466163232922554,0.038398124277591705,1,0.022838486,-0.021966612,0.012633094,0.08853143,-0.0026771692,-0.07582791,-0.089425884,-0.03129215,0.018323893,-0.027155386,0.059104703,-0.066598445,-0.12952614,0.9590323,-1.7332668,-0.12742676,0.95603704,-1.9805454,0.02723471,0.9672692,-1.9327645,0.21579075,0.93627495,-1.6641262,-0.12267459,0.9524423,-1.7294769,-0.10086733,0.9552339,-2.0032938,0.00040694512,0.9578815,-1.9272673,0.20764413,0.9540064,-1.6841056
725,14.51473879814148,0.5,0.0,0.0,-0.3661535382270813,-0.3661535382270813,-0.3624920028448105,1.0,0,0.09027364104986191,0.17967145144939423,0.027082204818725586,0.053901467472314835,-0.024827150627970695,0.044020622968673706,1,0.0756766,-0.039199922,-0.051588222,0.07479849,-0.012577212,-0.09027364,-0.035545006,-0.03125705,0.03983592,0.010019034,0.056096602,-0.037148558,-0.12971005,0.9729974,-1.7393106,-0.13308425,0.96254665,-2.013149,0.02819737,0.95388585,-1.9392846,0.2416307,0.95813644,-1.648542,-0.10700707,0.96123743,-1.7547871,-0.110644706,0.9587735,-2.0402312,0.017533869,0.94450873,-1.9273338,0.24463642,0.9749654,-1.6596866
726,14.538110733032227,0.5,0.0,0.0,-0.35741308331489563,-0.35741308331489563,-0.3538389524817467,1.0,0,0.12341710180044174,0.21299979090690613,0.03702521324157715,0.06389997154474258,-0.012037825770676136,0.04535556212067604,1,0.094627716,-0.030574186,-0.057374295,0.087698475,-0.006636893,-0.1234171,-0.008854358,-0.052134212,0.04278706,0.059648287,0.019674197,-0.025474666,-0.13082065,0.98336565,-1.7613802,-0.14709446,0.9679237,-2.0157297,0.025911689,0.94638544,-1.9784751,0.24305078,0.9602576,-1.6475958,-0.10243233,0.9741934,-1.7785925,-0.120784916,0.9659326,-2.0527549,0.023255382,0.9307452,-1.965639,0.26094526,0.9661598,-1.6552382
727,14.55443263053894,0.5,0.0,0.0,-0.35908645391464233,-0.35908645391464233,-0.3554955893754959,1.0,0,0.1041923463344574,0.18147553503513336,0.03125762939453125,0.054442618042230606,-0.011463680304586887,0.047762684524059296,1,0.07017134,-0.029031726,-0.026802722,0.0760742,-0.018017266,-0.10419235,-0.03245482,-0.0551447,0.029132985,0.049016673,0.019820046,-0.04173396,-0.13739407,0.9934059,-1.7472154,-0.1356356,0.97116196,-2.0497348,0.011487797,0.91250515,-2.0014124,0.21954238,0.9678444,-1.6642355,-0.116342664,0.9846964,-1.7552562,-0.11281334,0.9657568,-2.0809925,0.0017513512,0.89596176,-1.9926724,0.23424739,0.97379047,-1.6767557
728,14.57785439491272,0.5,0.0,0.0,-0.36066004633903503,-0.36066004633903503,-0.3570534458756447,1.0,0,0.08710476756095886,0.17745426297187805,0.026131391525268555,0.05375078320503235,-0.007278726436197758,0.05924135074019432,1,0.038501572,-0.0069469516,-0.004138226,0.08497197,-0.020484064,-0.08710477,-0.07427661,-0.03537294,0.043955658,-0.03294323,0.029063491,-0.063913085,-0.13201337,1.0077064,-1.7340263,-0.118981205,0.9733335,-2.05,0.016121678,0.8891413,-2.0007665,0.20379886,0.9765841,-1.664932,-0.120462894,1.0,-1.7352678,-0.09348961,0.96718824,-2.0761313,-0.006161306,0.8785294,-1.9875798,0.19391589,0.9853031,-1.684106
729,14.594061851501465,0.5,0.0,0.0,-0.3607715368270874,-0.3607715368270874,-0.35716382145881653,1.0,0,0.0821814239025116,0.15288247168064117,0.04025876522064209,0.0609896294772625,-0.003398754633963108,0.0648796558380127,1,0.046840172,-0.0071532615,6.869435e-05,0.070376754,-0.018416526,-0.082181424,-0.05378461,-0.043348756,0.024604525,-0.029818604,0.018134236,-0.049867313,-0.11073354,1.0402588,-1.7373621,-0.12104954,0.9804472,-2.05,0.036477968,0.8698997,-2.0076764,0.18652764,0.98270226,-1.6693664,-0.09668149,1.0,-1.7373415,-0.099936515,0.97492224,-2.0746543,0.020342585,0.8568951,-2.000295,0.17758206,0.98814255,-1.6843265
730,14.61433219909668,0.5,0.0,0.0,-0.35905611515045166,-0.35905611515045166,-0.35546555399894714,1.0,0,0.09959761053323746,0.1774207353591919,0.04769480228424072,0.0712956041097641,0.0033685897942632437,0.06604152172803879,1,0.09959761,-0.016586058,-0.03568903,0.066238515,-0.013359191,-0.09884136,-0.0023420728,-0.06469974,0.01955001,0.030655775,-0.0050436486,-0.011620946,-0.103677936,1.0476948,-1.7324187,-0.1323629,0.9714244,-2.05,0.03563202,0.86476785,-2.0080166,0.17745003,0.97666115,-1.6684904,-0.07379865,1.0,-1.7431253,-0.11249135,0.96741664,-2.0796523,0.0349294,0.84535795,-2.0021515,0.18664676,0.975148,-1.6719767
731,14.633103132247925,0.5,0.0,0.0,-0.3582507073879242,-0.3582507073879242,-0.35466820031404495,1.0,0,0.105438232421875,0.18167810142040253,0.05355525016784668,0.07632915675640106,0.0064379023388028145,0.0662197694182396,1,0.0867698,-0.011855824,-0.027566867,0.078856125,-0.014505614,-0.10543823,-0.030139856,-0.061434653,0.024168355,0.03703182,-0.002286977,-0.01970274,-0.10227844,1.0535553,-1.7351785,-0.13078427,0.9574722,-2.05,0.031952806,0.85790765,-1.9922166,0.17532225,0.99312943,-1.6653757,-0.0762475,1.0,-1.7434485,-0.107127436,0.9531205,-2.0816314,0.022910848,0.83947724,-1.984966,0.1864318,0.9924433,-1.6712866
732,14.654362201690674,0.5,0.0,0.0,-0.36104825139045715,-0.36104825139045715,-0.3574377688765526,1.0,0,0.10860434919595718,0.19606508314609528,0.07155942916870117,0.09263671934604645,0.012132407166063786,0.07333920896053314,1,0.084399804,-0.01707078,-0.031741656,0.099433005,-0.019334655,-0.10860435,-0.039305694,-0.040484607,0.058611017,0.011361193,0.0068291645,-0.034186035,-0.093594655,1.0715594,-1.730195,-0.118585706,0.95444113,-2.0418894,0.036794573,0.85178983,-1.965127,0.16379765,1.0056124,-1.6798923,-0.068274714,1.0,-1.7397175,-0.0887558,0.9486407,-2.0744708,0.025002863,0.83964443,-1.9475437,0.167206,1.0,-1.6901481
733,14.674642086029053,0.5,0.0,0.0,-0.36632829904556274,-0.36632829904556274,-0.3626650160551071,1.0,0,0.09053605049848557,0.16898813843727112,0.0938270092010498,0.11166507005691528,0.020383136346936226,0.08308449387550354,1,0.06608767,-0.018400878,-0.0034743734,0.09053605,-0.016457966,-0.089548476,-0.03496959,-0.03907361,0.05459054,0.0060014524,0.011478061,-0.03814009,-0.082240865,1.093827,-1.7338228,-0.11232982,0.94037884,-2.0220826,0.061278015,0.83328235,-1.9246299,0.16777506,1.033731,-1.6869634,-0.062414564,1.0,-1.7348652,-0.085169,0.93544143,-2.048947,0.050787136,0.82156026,-1.9082527,0.1695755,1.0,-1.6984055
734,14.696853160858154,0.5,0.0,0.0,-0.3630378842353821,-0.3630378842353821,-0.35940750539302824,1.0,0,0.08614028990268707,0.15594063699245453,0.10240709781646729,0.12084248661994934,0.02297535166144371,0.08782219141721725,1,0.07368368,-0.015592227,-0.011690453,0.08614029,-0.010020345,-0.07040974,-0.019790834,-0.054812007,0.03685288,0.025819115,0.005765831,-0.024006024,-0.082717896,1.1024071,-1.7518648,-0.11602752,0.91165626,-1.9896324,0.079270914,0.8470995,-1.8931289,0.1579949,1.0441813,-1.7054149,-0.06061279,1.0,-1.7553719,-0.09018543,0.90865016,-2.0107553,0.073333666,0.8306559,-1.882073,0.16574062,1.0,-1.7126167
735,14.714399576187134,0.5,0.0,0.0,-0.3622024655342102,-0.3622024655342102,-0.3585804408788681,1.0,0,0.09233922511339188,0.17964881658554077,0.1174771785736084,0.14073868095874786,0.021331775933504105,0.0870339646935463,1,0.07654541,-0.02413943,-0.009136777,0.092339225,-0.018313723,-0.069537476,-0.052418243,-0.0719827,0.004495596,0.062019195,-0.013692629,-0.008225407,-0.07085322,1.1174772,-1.7755945,-0.10965136,0.88936365,-1.9497716,0.072507516,0.8724888,-1.8948104,0.13525353,1.0563132,-1.7269436,-0.047889594,1.0,-1.7783355,-0.08194959,0.8838695,-1.9706329,0.056782044,0.850894,-1.8934617,0.15385929,1.0,-1.7294112
736,14.734811782836914,0.5,0.0,0.0,-0.362266480922699,-0.362266480922699,-0.35864381611347196,1.0,0,0.08991687744855881,0.164568692445755,0.12209749221801758,0.1519240140914917,0.018202075734734535,0.08527135103940964,1,0.03703288,-0.029037697,0.010346694,0.08991688,-0.032160204,-0.053264093,-0.0773476,-0.061374016,-0.0015392478,0.05172994,0.0037242307,-0.019056324,-0.060651045,1.1220975,-1.8000816,-0.10338366,0.86810607,-1.8899337,0.07732385,0.89629775,-1.8842642,0.12721434,1.0762416,-1.7419696,-0.049541183,1.0,-1.7969776,-0.076408595,0.858458,-1.9059129,0.054119565,0.8778855,-1.884726,0.14273332,1.0,-1.7476865
737,14.756202936172485,0.5,0.0,0.0,-0.35569050908088684,-0.35569050908088684,-0.352133603990078,1.0,0,0.08779162913560867,0.20408299565315247,0.12772440910339355,0.16539432108402252,0.020916474983096123,0.08623632788658142,1,0.074223414,-0.017295254,0.010409431,0.08779163,-0.057999566,-0.07016002,-0.022568727,-0.05421279,0.027872182,0.074438274,-0.05961093,0.08012347,-0.046309687,1.1277244,-1.8380725,-0.113470286,0.85066205,-1.8323284,0.09657094,0.9219233,-1.8694041,0.10982849,1.0874071,-1.7761303,-0.024042662,1.0,-1.8349497,-0.0871328,0.8332622,-1.8533764,0.08980032,0.90565944,-1.8610424,0.13215998,1.0,-1.7520933
738,14.774507999420166,0.5,0.0,0.0,-0.353571355342865,-0.353571355342865,-0.35003564178943636,1.0,0,0.10722125321626663,0.23553287982940674,0.11989450454711914,0.16028589010238647,0.02441219426691532,0.08722028881311417,1,0.10722125,-0.0012274956,0.008444072,0.10180797,-0.045060474,-0.07628698,0.0016503871,-0.062452897,0.034246717,0.08929964,-0.06536825,0.09147763,-0.028989218,1.1198945,-1.889006,-0.13276091,0.84711987,-1.7716564,0.1172308,0.94346565,-1.8525059,0.09480998,1.081907,-1.8121966,0.0031771585,1.0,-1.8864728,-0.10221852,0.8336017,-1.7945424,0.117725916,0.92472976,-1.8422319,0.121599875,1.0,-1.7847533
739,14.7947678565979,0.5,0.0,0.0,-0.34802669286727905,-0.34802669286727905,-0.34454642593860624,1.0,0,0.09559150785207748,0.2052537500858307,0.10469746589660645,0.13707594573497772,0.018311772495508194,0.08677280694246292,1,0.047625784,-0.0101678055,0.04201752,0.07127878,-0.064012036,-0.04626381,-0.020438774,-0.08374951,-0.0008074001,0.09559151,-0.06903913,0.07305457,-0.013078734,1.1046975,-1.9522146,-0.15538892,0.8501842,-1.7324499,0.135433,0.9585518,-1.8503978,0.08663657,1.0668948,-1.8522401,0.001209001,1.0,-1.9396093,-0.13400528,0.8309806,-1.7463291,0.12930137,0.933427,-1.85064,0.11531403,1.0,-1.8303237
740,14.814527750015259,0.5,0.0,0.0,-0.3493703007698059,-0.3493703007698059,-0.34587659776210783,1.0,0,0.10295407474040985,0.22480961680412292,0.08668947219848633,0.11970198154449463,-0.0016739602433517575,0.07648716121912003,1,-0.015088952,-0.033418767,0.05325369,0.0034743883,-0.07647837,0.006490775,-0.077812575,-0.09939646,-0.06652285,0.102954075,-0.07293954,0.06462442,0.000932537,1.0866895,-1.9845093,-0.1619635,0.84643734,-1.6949217,0.11919525,0.9685323,-1.8561106,0.095542036,1.0533319,-1.8868672,-0.003594149,1.0,-1.9685333,-0.16092117,0.82349384,-1.6929744,0.09585148,0.9387134,-1.8760674,0.12642826,1.0,-1.8674798
741,14.834954738616943,0.5,0.0,0.0,-0.3453974723815918,-0.3453974723815918,-0.3419434976577759,1.0,0,0.0901493951678276,0.18394556641578674,0.03271031379699707,0.06748636811971664,-0.004187695682048798,0.06536445766687393,1,0.04647096,-0.045506738,0.0013570007,0.024133094,-0.046767287,-0.0050323396,-0.050464086,-0.08776328,-0.0366765,0.090149395,-0.043155637,0.07228626,0.00542704,1.0327103,-2.0252333,-0.1887989,0.868843,-1.6545826,0.13344644,0.9687836,-1.8409948,0.11330421,1.0281639,-1.8911884,0.019368328,1.0,-2.024826,-0.18155898,0.85481286,-1.6560923,0.11830721,0.94245464,-1.8519977,0.14034903,1.0,-1.8695025
742,14.856257200241089,0.5,0.0,0.0,-0.34018802642822266,-0.34018802642822266,-0.3367861461639404,1.0,0,0.14822737872600555,0.26326319575309753,0.044468216598033905,0.07927526533603668,0.00923134945333004,0.06571312248706818,1,0.14822738,-0.005903059,-0.02886263,0.081760876,-0.014520346,-0.11599614,0.070743635,-0.07561694,0.04953894,0.05538563,-0.053431507,0.083775185,0.011509061,1.0070727,-2.05,-0.16169466,0.89646876,-1.6768688,0.16395992,0.98899585,-1.8368124,0.10401026,1.0100034,-1.9396211,0.055977277,1.0,-2.0586588,-0.1371664,0.8921127,-1.7116677,0.18518302,0.96631074,-1.8219507,0.12062595,0.993974,-1.9144886
743,14.872791528701782,0.5,0.0,0.0,-0.34571871161460876,-0.34571871161460876,-0.3422615244984627,1.0,0,0.1656828671693802,0.29499396681785583,0.049704860895872116,0.08849815279245377,0.015998732298612595,0.0699172094464302,1,0.16568287,0.008896485,-0.019042158,0.08095599,-0.00041954583,-0.13544895,0.101697035,-0.08057499,0.069473736,0.04492316,-0.05908996,0.084008835,-0.009676248,0.97634816,-2.05,-0.16688147,0.92132676,-1.6977688,0.20451331,0.9896506,-1.8064885,0.08616899,0.9711778,-1.9760014,0.040028613,0.9790171,-2.0557127,-0.14259468,0.9212009,-1.7384034,0.23502243,0.9654781,-1.7856464,0.099645935,0.9534508,-1.9507987
744,14.898494005203247,0.5,0.0,0.0,-0.34283965826034546,-0.34283965826034546,-0.339411261677742,1.0,0,0.12126098573207855,0.24848726391792297,0.036378324031829834,0.0745461955666542,0.006973322480916977,0.06236732751131058,1,0.09328152,-0.026156696,0.02586697,0.036180247,-0.041083165,-0.098694846,-0.011790104,-0.121260986,-0.03415672,0.10101864,-0.078872144,0.08073538,-0.018340506,0.992363,-2.05,-0.15760067,0.9249956,-1.7049334,0.19253147,1.001063,-1.8197123,0.095735,0.9496458,-1.9570094,0.009643951,0.98451596,-2.04224,-0.14674659,0.9126707,-1.7345419,0.18899444,0.96468467,-1.8299593,0.1260406,0.92598414,-1.9327888
745,14.914754629135132,0.5,0.0,0.0,-0.3415025472640991,-0.3415025472640991,-0.3380875217914581,1.0,0,0.12792940437793732,0.24253103137016296,0.038378819823265076,0.07275930792093277,-0.002175084315240383,0.050548654049634933,1,0.051902942,-0.046798743,0.024459478,-0.0012989015,-0.050324403,-0.07295769,-0.046374235,-0.108356304,-0.05875397,0.1279294,-0.07184843,0.081302665,-0.016022623,0.99566895,-2.05,-0.14896894,0.93417746,-1.6978414,0.1493738,1.0247302,-1.8428507,0.14111114,0.957806,-1.9530463,-0.00045173895,0.9816293,-2.0426621,-0.1493586,0.91908014,-1.7197287,0.13546152,0.9922233,-1.8604769,0.17948996,0.93625146,-1.9286555
746,14.938632726669312,0.5,0.0,0.0,-0.3409356474876404,-0.3409356474876404,-0.337526291012764,1.0,0,0.08839978277683258,0.2010163813829422,0.026519954204559326,0.060304928570985794,-0.005199951119720936,0.040130920708179474,1,0.06911456,-0.04501356,-0.0025262916,0.039163563,-0.03976076,-0.08765376,-0.028289331,-0.08839978,-0.022131009,0.08383002,-0.049612027,0.064860284,0.005115323,1.0052571,-2.05,-0.1297932,0.92890215,-1.6964706,0.15372771,1.0148437,-1.8377123,0.12056455,0.953411,-1.9482768,0.02584969,0.99175304,-2.050758,-0.11804413,0.91697395,-1.7227668,0.1452409,0.98832375,-1.8443516,0.14571355,0.93852735,-1.9288187
747,14.952938079833984,0.5,0.0,0.0,-0.339361310005188,-0.339361310005188,-0.3359676969051361,1.0,0,0.11314543336629868,0.21532154083251953,0.03394365310668945,0.06459645926952362,-0.0023433580063283443,0.03935105726122856,1,0.10015037,-0.03863222,-0.015065935,0.065719575,-0.0320262,-0.11314543,0.003948285,-0.082087904,0.009117159,0.06561782,-0.04542729,0.057102855,-0.0032784566,0.99567056,-2.0481136,-0.12675862,0.9476341,-1.7193348,0.17648539,1.0176766,-1.8102082,0.09356509,0.9286752,-1.938139,0.026766656,0.9840809,-2.0526333,-0.107042745,0.93802625,-1.7532785,0.17766987,0.9930502,-1.8074731,0.113250434,0.915047,-1.9210081
748,14.978076219558716,0.5,0.0,0.0,-0.33980196714401245,-0.33980196714401245,-0.33640394747257235,1.0,0,0.1297847330570221,0.24676597118377686,0.03918039798736572,0.08069322258234024,0.0033083902671933174,0.03883533924818039,1,0.0998302,-0.038566306,-0.0016712632,0.07354816,-0.04044059,-0.12978473,0.01946607,-0.07484201,0.023595894,0.106600046,-0.040296357,0.07761434,-0.03437207,0.9722561,-2.0248418,-0.13366258,0.96367675,-1.7308489,0.15891543,1.0391804,-1.7927852,0.1214114,0.909212,-1.9182932,-0.0044230074,0.9606862,-2.0253432,-0.111598134,0.9515446,-1.7697843,0.16475525,1.0,-1.7857064,0.15339142,0.8971231,-1.8950089
749,14.992364883422852,0.5,0.0,0.0,-0.3440620005130768,-0.3440620005130768,-0.340621380507946,1.0,0,0.11452792584896088,0.21614757180213928,0.060043931007385254,0.08536801487207413,0.0012236741604283452,0.036115001887083054,1,0.045750543,-0.049519543,0.021554677,0.030782716,-0.05906597,-0.09828834,-0.037042014,-0.07618392,-0.01826675,0.114527926,-0.038058687,0.07441788,-0.06467071,0.94740456,-2.0072622,-0.105319984,0.9631593,-1.7392501,0.12509595,1.0600439,-1.7947094,0.16469774,0.90645766,-1.8760657,-0.05094555,0.9325487,-2.0007958,-0.09608517,0.9454395,-1.7687366,0.11398335,1.0,-1.8001895,0.19905612,0.89504004,-1.8537403
750,15.014959812164307,0.5,0.0,0.0,-0.3412560820579529,-0.3412560820579529,-0.3378435212373733,1.0,0,0.09979122877120972,0.18992310762405396,0.06198883056640625,0.08048292249441147,-0.005466917995363474,0.031119821593165398,1,0.060219493,-0.035125684,0.011262092,0.028979851,-0.03927554,-0.09979123,-0.011166248,-0.082427636,-0.018127179,0.08250171,-0.042924426,0.053351935,-0.05082025,0.9573799,-1.9682438,-0.09782414,0.95827174,-1.7657068,0.100950874,1.0619888,-1.8322535,0.15390071,0.9128641,-1.849008,-0.0327544,0.9468422,-1.9648652,-0.089130186,0.9464891,-1.7956442,0.097601,1.0,-1.8376917,0.17865123,0.89998674,-1.8330023
751,15.034177303314209,0.5,0.0,0.0,-0.3473244309425354,-0.3473244309425354,-0.34385118663311004,1.0,0,0.08574553579092026,0.15272283554077148,0.050899624824523926,0.06539782881736755,-0.007966685108840466,0.03024984523653984,1,0.050430097,-0.02530818,0.02441381,0.0028412633,-0.036207132,-0.085745536,-0.034764595,-0.067747764,-0.020046143,0.031927418,-0.036094245,0.04848571,-0.036611,0.9622649,-1.9181834,-0.09667808,0.96571314,-1.8031961,0.09223262,1.0508996,-1.8750241,0.13781662,0.90182143,-1.8101578,-0.021481968,0.95467246,-1.9108593,-0.0958257,0.95485103,-1.8289198,0.08180325,1.0,-1.881038,0.14739485,0.8909932,-1.7956121
752,15.054299592971802,0.5,0.0,0.0,-0.3452702760696411,-0.3452702760696411,-0.3418175733089447,1.0,0,0.1109352856874466,0.15053564310073853,0.04621255397796631,0.0630996897816658,-0.023630304262042046,0.03635681793093681,1,0.02675642,0.0022579874,0.058479294,-0.005262598,-0.014351233,-0.110935286,-0.028025659,-0.04637041,0.000980823,0.0055832034,-0.047261275,0.027900591,-0.07231468,0.9490123,-1.8512609,-0.09934918,0.97541034,-1.8297356,0.0666115,1.0462126,-1.9217386,0.15766725,0.90260285,-1.7756197,-0.06428775,0.9496897,-1.8337171,-0.10092796,0.971105,-1.8630162,0.0582038,1.0,-1.9214444,0.15934221,0.88842446,-1.7672496
753,15.073238372802734,0.5,0.0,0.0,-0.35140109062194824,-0.35140109062194824,-0.34788707971572874,1.0,0,0.11301302164793015,0.1534951776266098,0.03390395641326904,0.048867613077163696,-0.027607161551713943,0.04678817093372345,1,0.045914985,-0.00038903946,0.02886211,0.040121086,-0.006404478,-0.11301302,-0.025484188,-0.024050875,0.052449603,-0.00041675556,-0.029825667,0.03644386,-0.10760176,0.9474071,-1.8102331,-0.092327714,0.99116564,-1.8916413,0.0661406,1.0178782,-1.9676788,0.15898268,0.9223473,-1.7449638,-0.09382726,0.9472904,-1.8015745,-0.08029139,0.9892443,-1.9255452,0.058495343,1.0,-1.9519439,0.15885766,0.9133996,-1.7340306
754,15.096837759017944,0.5,0.0,0.0,-0.36229267716407776,-0.36229267716407776,-0.358669750392437,1.0,0,0.10214432328939438,0.18784189224243164,0.030643299221992493,0.05635259300470352,-0.001830686116591096,0.05515976622700691,1,0.055637754,-0.04401556,-0.022576513,0.085745335,-0.03475827,-0.055613514,-0.10214432,-0.046729963,0.008750022,0.0030838754,0.05330007,-0.050443634,-0.11587226,0.9835135,-1.7903217,-0.08899798,0.9926064,-1.9447957,0.06358586,0.9890295,-1.9671488,0.19642514,0.95840675,-1.689603,-0.09918093,0.9703088,-1.7970947,-0.06327438,0.9821789,-1.9614798,0.032942563,0.9750105,-1.9645238,0.19735031,0.97439677,-1.7047361
755,15.115743398666382,0.5,0.0,0.0,-0.35273653268814087,-0.35273653268814087,-0.34920916736125945,1.0,0,0.1046273484826088,0.18864677846431732,0.031388163566589355,0.05659400299191475,0.00028430885868147016,0.055403679609298706,1,0.06063746,-0.040910166,-0.025835209,0.089838125,-0.019198207,-0.10462735,-0.04816149,-0.06921793,0.011973439,0.040533833,0.020610783,-0.029350534,-0.15137255,0.9825897,-1.8011175,-0.091166414,0.98736894,-1.9648782,0.038106933,0.9911739,-2.0323477,0.21857089,0.96224105,-1.6798037,-0.13318132,0.97031665,-1.808868,-0.064214975,0.98160946,-1.9962664,0.023658484,0.97040856,-2.0287557,0.23073104,0.96842426,-1.6886089
756,15.13403034210205,0.5,0.0,0.0,-0.34459924697875977,-0.34459924697875977,-0.34115325450897216,1.0,0,0.07795263826847076,0.16839507222175598,0.02338576316833496,0.050518520176410675,-0.009141746908426285,0.05020591989159584,1,0.038423404,-0.03194671,-0.026949652,0.06777061,-0.032195803,-0.07795264,-0.05817252,-0.07398286,-0.003805113,0.043468613,0.024875605,-0.04524738,-0.17479539,0.97861993,-1.7965368,-0.1076394,0.97759926,-1.9757886,0.033099934,0.9810339,-2.05,0.21183458,0.9608353,-1.6950006,-0.16326837,0.9690359,-1.8046217,-0.08730822,0.9679405,-1.9991744,0.015648177,0.95883906,-2.0511415,0.22487517,0.96829796,-1.7085749
757,15.154600143432617,0.5,0.0,0.0,-0.34709495306015015,-0.34709495306015015,-0.34362400352954864,1.0,0,0.07812657207250595,0.1522601842880249,0.023437973111867905,0.045678090304136276,-0.019355513155460358,0.044157423079013824,1,0.0043048244,-0.031954575,-0.019484244,0.06730315,-0.037091944,-0.048990186,-0.07812657,-0.059160903,-0.010672058,0.009252535,0.029551357,-0.05274256,-0.18636817,0.9710138,-1.791957,-0.1073133,0.9643729,-1.9685597,0.040050656,0.98075056,-2.05,0.19458191,0.94550323,-1.708,-0.18507671,0.9614274,-1.7978023,-0.08712235,0.9532453,-1.9832568,0.016612682,0.96300226,-2.0532017,0.19735767,0.95436865,-1.7238227
758,15.174037456512451,0.5,0.0,0.0,-0.3504796028137207,-0.3504796028137207,-0.3469748067855835,1.0,0,0.07013291120529175,0.1661786139011383,0.021039962768554688,0.0498536117374897,-0.019423453137278557,0.03768547996878624,1,0.029632522,-0.05585361,-0.019948542,0.06695341,-0.040407285,-0.07013291,-0.061594613,-0.06283726,-0.026435928,0.043577332,0.023156092,-0.036181152,-0.17715117,0.9941907,-1.8017092,-0.10467418,0.9656174,-1.9850726,0.027715161,0.95428634,-2.05,0.18322904,0.95398146,-1.7124131,-0.16826141,0.97743464,-1.8076937,-0.084588155,0.9534952,-2.0061126,0.009236777,0.9354352,-2.0579307,0.19630225,0.96092826,-1.7232674
759,15.195715188980103,0.5,0.0,0.0,-0.3530275225639343,-0.3530275225639343,-0.34949724733829496,1.0,0,0.0820457860827446,0.17490467429161072,0.024613618850708008,0.052471354603767395,-0.018990444019436836,0.030801773071289062,1,0.043733433,-0.055134036,-0.02056139,0.07313045,-0.027904475,-0.082045786,-0.054363385,-0.07075674,-0.030485502,0.050670076,0.015223982,-0.025841376,-0.16103502,1.0150539,-1.7973936,-0.10865724,0.9573507,-2.0038419,0.011355057,0.92319864,-2.05,0.18673925,0.97337544,-1.7043624,-0.14791499,0.99851364,-1.8035619,-0.086718105,0.9489793,-2.0284555,-0.004953958,0.90197164,-2.0591457,0.20194027,0.97794265,-1.7121148
760,15.215739250183105,0.5,0.0,0.0,-0.3499467074871063,-0.3499467074871063,-0.34644724041223524,1.0,0,0.11736687272787094,0.18187378346920013,0.03521013259887695,0.05717724561691284,-0.025999018922448158,0.02667718380689621,1,0.068522155,-0.023719255,-0.025830958,0.07251626,-0.0052784136,-0.11736687,-0.025981588,-0.072834834,0.0014924773,0.026391989,0.013916258,-0.034915768,-0.15259178,1.018516,-1.7878717,-0.1150956,0.9420614,-2.0030453,0.009440273,0.91115785,-2.05,0.16203007,0.9760272,-1.7157657,-0.13203514,1.0,-1.795621,-0.093340725,0.9404779,-2.0382555,0.0016457965,0.8893074,-2.0495522,0.16994767,0.9802021,-1.7262404
761,15.234839916229248,0.5,0.0,0.0,-0.349310040473938,-0.349310040473938,-0.3458169400691986,1.0,0,0.10683083534240723,0.16442041099071503,0.03266942501068115,0.05878931283950806,-0.031195122748613358,0.026187215000391006,1,0.038648438,-0.022155877,-0.007978939,0.06111359,-0.013286115,-0.106830835,-0.04156474,-0.066353075,-0.0025163041,-0.0011824049,0.019668467,-0.05600597,-0.14315407,1.0326694,-1.7743884,-0.12299092,0.9303606,-1.9964865,0.029396504,0.9054298,-2.05,0.14618646,0.98044014,-1.7240111,-0.13155954,1.0,-1.7767822,-0.104656845,0.9263748,-2.0285358,0.016927082,0.88552386,-2.0507548,0.14583173,0.9863407,-1.7408129
